ISO-10303-21;
HEADER;
FILE_DESCRIPTION (( 'STEP AP214' ),
    '1' );
FILE_NAME ('M74HC4020B1R.STEP',
    '2022-09-19T09:08:19',
    ( '' ),
    ( '' ),
    'SwSTEP 2.0',
    'SolidWorks 2018',
    '' );
FILE_SCHEMA (( 'AUTOMOTIVE_DESIGN' ));
ENDSEC;

DATA;
#1 = CARTESIAN_POINT ( 'NONE',  ( -0.7419361673926183620, -1.374999999999998890, -4.250000000000000888 ) ) ;
#2 = VERTEX_POINT ( 'NONE', #4928 ) ;
#3 = ORIENTED_EDGE ( 'NONE', *, *, #2627, .F. ) ;
#4 = VECTOR ( 'NONE', #3812, 1000.000000000000000 ) ;
#5 = EDGE_CURVE ( 'NONE', #2733, #10068, #5149, .T. ) ;
#6 = DIRECTION ( 'NONE',  ( 1.000000000000000000, 0.000000000000000000, 0.000000000000000000 ) ) ;
#7 = LINE ( 'NONE', #3626, #9831 ) ;
#8 = CARTESIAN_POINT ( 'NONE',  ( -1.019999999999999130, -4.674999999999999822, -4.250000000000000888 ) ) ;
#9 = ADVANCED_FACE ( 'NONE', ( #6035 ), #4162, .F. ) ;
#10 = CARTESIAN_POINT ( 'NONE',  ( -3.017257267839600576, -0.2000534821418787634, -3.748409699540487416 ) ) ;
#11 = ORIENTED_EDGE ( 'NONE', *, *, #5271, .T. ) ;
#12 = ORIENTED_EDGE ( 'NONE', *, *, #7500, .T. ) ;
#13 = AXIS2_PLACEMENT_3D ( 'NONE', #9266, #9231, #6016 ) ;
#14 = ORIENTED_EDGE ( 'NONE', *, *, #3694, .T. ) ;
#15 = FILL_AREA_STYLE ('',( #7063 ) ) ;
#16 = ORIENTED_EDGE ( 'NONE', *, *, #6917, .F. ) ;
#17 = MECHANICAL_DESIGN_GEOMETRIC_PRESENTATION_REPRESENTATION (  '', ( #8311 ), #6152 ) ;
#18 = ORIENTED_EDGE ( 'NONE', *, *, #8452, .F. ) ;
#19 = DIRECTION ( 'NONE',  ( -1.000000000000000000, -0.000000000000000000, 0.000000000000000000 ) ) ;
#20 = VECTOR ( 'NONE', #3969, 1000.000000000000000 ) ;
#21 = CARTESIAN_POINT ( 'NONE',  ( 8.290000000000000924, -1.055665328710549522, 3.803089415876315993 ) ) ;
#22 = EDGE_CURVE ( 'NONE', #534, #6037, #3127, .T. ) ;
#23 = FACE_OUTER_BOUND ( 'NONE', #9698, .T. ) ;
#24 = LINE ( 'NONE', #8515, #6587 ) ;
#25 =( LENGTH_UNIT ( ) NAMED_UNIT ( * ) SI_UNIT ( .MILLI., .METRE. ) );
#26 = ORIENTED_EDGE ( 'NONE', *, *, #4117, .F. ) ;
#27 = DIRECTION ( 'NONE',  ( -0.9755535465928818484, 0.2197618659596111135, 0.000000000000000000 ) ) ;
#28 = ORIENTED_EDGE ( 'NONE', *, *, #7188, .T. ) ;
#29 = EDGE_CURVE ( 'NONE', #2475, #1649, #6808, .T. ) ;
#30 = EDGE_CURVE ( 'NONE', #8787, #7925, #124, .T. ) ;
#31 = FACE_OUTER_BOUND ( 'NONE', #4145, .T. ) ;
#32 = UNCERTAINTY_MEASURE_WITH_UNIT (LENGTH_MEASURE( 1.000000000000000082E-05 ), #9126, 'distance_accuracy_value', 'NONE');
#33 = CARTESIAN_POINT ( 'NONE',  ( 1.520000000000000462, -4.674999999999999822, -4.250000000000000888 ) ) ;
#34 = CARTESIAN_POINT ( 'NONE',  ( 1.020000000000000018, 0.06318885240105015511, -3.947195844781839824 ) ) ;
#35 = AXIS2_PLACEMENT_3D ( 'NONE', #6934, #4540, #4432 ) ;
#36 = ORIENTED_EDGE ( 'NONE', *, *, #6014, .T. ) ;
#37 = ORIENTED_EDGE ( 'NONE', *, *, #434, .F. ) ;
#38 = ORIENTED_EDGE ( 'NONE', *, *, #10075, .T. ) ;
#39 = CARTESIAN_POINT ( 'NONE',  ( 4.060000000000001386, -4.674999999999999822, -4.250000000000000888 ) ) ;
#40 = STYLED_ITEM ( 'NONE', ( #2236 ), #120 ) ;
#41 =( NAMED_UNIT ( * ) SI_UNIT ( $, .STERADIAN. ) SOLID_ANGLE_UNIT ( ) );
#42 = LINE ( 'NONE', #5705, #1271 ) ;
#43 = COLOUR_RGB ( '',0.7529411764705882248, 0.7529411764705882248, 0.7529411764705882248 ) ;
#44 = FILL_AREA_STYLE_COLOUR ( '', #4680 ) ;
#45 = FACE_OUTER_BOUND ( 'NONE', #10316, .T. ) ;
#47 = ORIENTED_EDGE ( 'NONE', *, *, #8867, .F. ) ;
#46 = SURFACE_STYLE_USAGE ( .BOTH. , #1667 ) ;
#48 = PRESENTATION_STYLE_ASSIGNMENT (( #335 ) ) ;
#49 = CARTESIAN_POINT ( 'NONE',  ( 5.821936167392620654, -1.374999999999998890, 3.823497185254835173 ) ) ;
#50 = FILL_AREA_STYLE ('',( #6349 ) ) ;
#51 = EDGE_LOOP ( 'NONE', ( #7026, #3519, #6385, #4961 ) ) ;
#52 = AXIS2_PLACEMENT_3D ( 'NONE', #4245, #9901, #3448 ) ;
#53 = CARTESIAN_POINT ( 'NONE',  ( -5.750000000000000000, -0.1599999999999999756, 3.695747996505077904 ) ) ;
#54 = MECHANICAL_DESIGN_GEOMETRIC_PRESENTATION_REPRESENTATION (  '', ( #1175 ), #1118 ) ;
#55 = PRESENTATION_STYLE_ASSIGNMENT (( #5407 ) ) ;
#56 = CARTESIAN_POINT ( 'NONE',  ( -4.545012788258550707, -0.4563247477326362600, 3.764787266265075427 ) ) ;
#57 = ORIENTED_EDGE ( 'NONE', *, *, #7563, .F. ) ;
#58 = SURFACE_SIDE_STYLE ('',( #8820 ) ) ;
#59 = LINE ( 'NONE', #8471, #3813 ) ;
#60 = ORIENTED_EDGE ( 'NONE', *, *, #3899, .T. ) ;
#61 = PLANE ( 'NONE',  #5047 ) ;
#62 = CARTESIAN_POINT ( 'NONE',  ( 9.882742557828871455, -0.7750000000000000222, 3.432742557828871277 ) ) ;
#63 = ORIENTED_EDGE ( 'NONE', *, *, #6082, .F. ) ;
#64 = SURFACE_STYLE_USAGE ( .BOTH. , #3910 ) ;
#65 = VECTOR ( 'NONE', #9354, 1000.000000000000000 ) ;
#66 = CARTESIAN_POINT ( 'NONE',  ( 9.115000000000000213, 0.06000000000000001166, -3.897297636193110648 ) ) ;
#67 = LINE ( 'NONE', #5846, #2436 ) ;
#68 = MECHANICAL_DESIGN_GEOMETRIC_PRESENTATION_REPRESENTATION (  '', ( #8356 ), #9974 ) ;
#69 = ADVANCED_FACE ( 'NONE', ( #5781 ), #7420, .F. ) ;
#70 = MECHANICAL_DESIGN_GEOMETRIC_PRESENTATION_REPRESENTATION (  '', ( #8015 ), #7663 ) ;
#71 = LINE ( 'NONE', #4208, #4571 ) ;
#72 = DIRECTION ( 'NONE',  ( -1.000000000000000000, 0.000000000000000000, 0.000000000000000000 ) ) ;
#73 = ORIENTED_EDGE ( 'NONE', *, *, #10056, .F. ) ;
#74 = ORIENTED_EDGE ( 'NONE', *, *, #614, .T. ) ;
#75 = CARTESIAN_POINT ( 'NONE',  ( 6.949999999999999289, 0.1100000000000000006, -3.550000000000000266 ) ) ;
#76 = VECTOR ( 'NONE', #8321, 1000.000000000000000 ) ;
#77 = CARTESIAN_POINT ( 'NONE',  ( -8.290000000000000924, -0.1100000000000000006, 3.695747996505077460 ) ) ;
#78 = DIRECTION ( 'NONE',  ( -0.2193360129683985249, -0.9736631258226969843, -0.06222403738348531582 ) ) ;
#79 = ORIENTED_EDGE ( 'NONE', *, *, #4962, .T. ) ;
#80 = PRESENTATION_LAYER_ASSIGNMENT (  '', '', ( #5120 ) ) ;
#81 = EDGE_CURVE ( 'NONE', #7162, #1674, #1000, .T. ) ;
#82 = ORIENTED_EDGE ( 'NONE', *, *, #9124, .F. ) ;
#83 = DIRECTION ( 'NONE',  ( 0.3803951736463099254, 0.9229412608411878827, 0.05898254744814119405 ) ) ;
#84 = DIRECTION ( 'NONE',  ( -0.000000000000000000, -0.000000000000000000, 1.000000000000000000 ) ) ;
#85 = SURFACE_STYLE_FILL_AREA ( #1563 ) ;
#86 = VECTOR ( 'NONE', #9798, 1000.000000000000000 ) ;
#87 = EDGE_CURVE ( 'NONE', #2937, #7358, #4644, .T. ) ;
#88 = CARTESIAN_POINT ( 'NONE',  ( 8.290000000000000924, 0.06000000000000001166, 3.897297636193110648 ) ) ;
#89 =( LENGTH_UNIT ( ) NAMED_UNIT ( * ) SI_UNIT ( .MILLI., .METRE. ) );
#90 = EDGE_LOOP ( 'NONE', ( #4200, #9629, #9151, #8145, #2241, #7559, #7580, #4114 ) ) ;
#91 = DIRECTION ( 'NONE',  ( 0.000000000000000000, 0.000000000000000000, 1.000000000000000000 ) ) ;
#92 = UNCERTAINTY_MEASURE_WITH_UNIT (LENGTH_MEASURE( 1.000000000000000082E-05 ), #10014, 'distance_accuracy_value', 'NONE');
#93 =( GEOMETRIC_REPRESENTATION_CONTEXT ( 3 ) GLOBAL_UNCERTAINTY_ASSIGNED_CONTEXT ( ( #92 ) ) GLOBAL_UNIT_ASSIGNED_CONTEXT ( ( #10014, #7647, #5188 ) ) REPRESENTATION_CONTEXT ( 'NONE', 'WORKASPACE' ) );
#94 = PRESENTATION_STYLE_ASSIGNMENT (( #1243 ) ) ;
#95 =( NAMED_UNIT ( * ) SI_UNIT ( $, .STERADIAN. ) SOLID_ANGLE_UNIT ( ) );
#96 = CARTESIAN_POINT ( 'NONE',  ( -1.019999999999999130, -4.675000000000000711, 4.034390786870893919 ) ) ;
#97 = CARTESIAN_POINT ( 'NONE',  ( 1.870000000000000107, -1.055665328710549522, 4.018698629005418965 ) ) ;
#98 =( GEOMETRIC_REPRESENTATION_CONTEXT ( 3 ) GLOBAL_UNCERTAINTY_ASSIGNED_CONTEXT ( ( #3044 ) ) GLOBAL_UNIT_ASSIGNED_CONTEXT ( ( #25, #10448, #6327 ) ) REPRESENTATION_CONTEXT ( 'NONE', 'WORKASPACE' ) );
#99 = ORIENTED_EDGE ( 'NONE', *, *, #6715, .F. ) ;
#100 = VECTOR ( 'NONE', #7012, 1000.000000000000000 ) ;
#101 = ORIENTED_EDGE ( 'NONE', *, *, #1896, .T. ) ;
#102 = EDGE_CURVE ( 'NONE', #8923, #4067, #6935, .T. ) ;
#103 = DIRECTION ( 'NONE',  ( 0.2193360129683985527, -0.9736631258226969843, -0.06222403738348480234 ) ) ;
#104 = CARTESIAN_POINT ( 'NONE',  ( -5.750000000000000000, -1.055665328710549522, 3.803089415876315993 ) ) ;
#105 = SURFACE_STYLE_FILL_AREA ( #1119 ) ;
#106 =( LENGTH_UNIT ( ) NAMED_UNIT ( * ) SI_UNIT ( .MILLI., .METRE. ) );
#107 = EDGE_CURVE ( 'NONE', #4002, #4897, #373, .T. ) ;
#108 = CARTESIAN_POINT ( 'NONE',  ( 9.115000000000000213, 0.1100000000000000006, -3.550000000000000266 ) ) ;
#109 = ORIENTED_EDGE ( 'NONE', *, *, #10069, .F. ) ;
#110 = ORIENTED_EDGE ( 'NONE', *, *, #3122, .T. ) ;
#111 = FILL_AREA_STYLE ('',( #3189 ) ) ;
#112 = CARTESIAN_POINT ( 'NONE',  ( 6.949999999999999289, -4.674999999999998934, -4.250000000000000888 ) ) ;
#113 = ORIENTED_EDGE ( 'NONE', *, *, #8784, .F. ) ;
#114 = CARTESIAN_POINT ( 'NONE',  ( -3.210000000000000853, -1.374999999999998890, -4.039106398383939478 ) ) ;
#115 = LINE ( 'NONE', #4677, #5021 ) ;
#116 = CARTESIAN_POINT ( 'NONE',  ( -4.409999999999999254, -1.055665328710549522, -4.018698629005418965 ) ) ;
#117 = AXIS2_PLACEMENT_3D ( 'NONE', #10111, #6211, #10180 ) ;
#118 = CARTESIAN_POINT ( 'NONE',  ( -5.750000000000000000, 0.1099999999999998618, 3.897297636193110648 ) ) ;
#119 = FILL_AREA_STYLE ('',( #6525 ) ) ;
#120 = ADVANCED_FACE ( 'NONE', ( #1478 ), #8684, .T. ) ;
#121 = EDGE_LOOP ( 'NONE', ( #2697, #16, #5330, #7250 ) ) ;
#122 = ORIENTED_EDGE ( 'NONE', *, *, #3990, .T. ) ;
#123 = LINE ( 'NONE', #172, #1591 ) ;
#124 = LINE ( 'NONE', #1626, #3367 ) ;
#125 = DIRECTION ( 'NONE',  ( 1.000000000000000000, 0.000000000000000000, 0.000000000000000000 ) ) ;
#126 = DIRECTION ( 'NONE',  ( 1.000000000000000000, -0.000000000000000000, 0.000000000000000000 ) ) ;
#127 = COLOUR_RGB ( '',0.7529411764705882248, 0.7529411764705882248, 0.7529411764705882248 ) ;
#128 = DIRECTION ( 'NONE',  ( 0.000000000000000000, 0.000000000000000000, 1.000000000000000000 ) ) ;
#129 = PRESENTATION_LAYER_ASSIGNMENT (  '', '', ( #2260 ) ) ;
#130 = ORIENTED_EDGE ( 'NONE', *, *, #4457, .T. ) ;
#131 = ORIENTED_EDGE ( 'NONE', *, *, #8918, .F. ) ;
#132 =( NAMED_UNIT ( * ) PLANE_ANGLE_UNIT ( ) SI_UNIT ( $, .RADIAN. ) );
#133 = FILL_AREA_STYLE ('',( #4776 ) ) ;
#134 = ORIENTED_EDGE ( 'NONE', *, *, #8858, .F. ) ;
#135 = FACE_OUTER_BOUND ( 'NONE', #165, .T. ) ;
#136 = ORIENTED_EDGE ( 'NONE', *, *, #3775, .F. ) ;
#137 = ORIENTED_EDGE ( 'NONE', *, *, #5335, .F. ) ;
#138 = DIRECTION ( 'NONE',  ( 0.3810585913066867891, -0.9245508909688874288, 0.000000000000000000 ) ) ;
#139 = DIRECTION ( 'NONE',  ( -0.3810585913066867891, -0.9245508909688874288, 0.000000000000000000 ) ) ;
#140 = ORIENTED_EDGE ( 'NONE', *, *, #6726, .T. ) ;
#141 = PRESENTATION_LAYER_ASSIGNMENT (  '', '', ( #2617 ) ) ;
#142 = CARTESIAN_POINT ( 'NONE',  ( 8.665000000000000924, -4.674999999999999822, -4.250000000000000888 ) ) ;
#143 = FILL_AREA_STYLE_COLOUR ( '', #9653 ) ;
#144 = SURFACE_STYLE_FILL_AREA ( #4711 ) ;
#145 = DIRECTION ( 'NONE',  ( 0.000000000000000000, 0.000000000000000000, 1.000000000000000000 ) ) ;
#146 = ORIENTED_EDGE ( 'NONE', *, *, #4581, .T. ) ;
#147 = EDGE_CURVE ( 'NONE', #2780, #980, #10063, .T. ) ;
#148 = DIRECTION ( 'NONE',  ( 1.000000000000000000, 0.000000000000000000, 0.000000000000000000 ) ) ;
#149 = EDGE_CURVE ( 'NONE', #5460, #5176, #7176, .T. ) ;
#150 = ORIENTED_EDGE ( 'NONE', *, *, #2836, .F. ) ;
#151 = CARTESIAN_POINT ( 'NONE',  ( -9.115000000000000213, 0.1100000000000000006, -4.250000000000000888 ) ) ;
#152 = CARTESIAN_POINT ( 'NONE',  ( -9.999999999999998224, -0.1100000000000000006, 3.550000000000000266 ) ) ;
#153 = SURFACE_STYLE_FILL_AREA ( #9167 ) ;
#154 = PRESENTATION_LAYER_ASSIGNMENT (  '', '', ( #1088 ) ) ;
#155 = EDGE_CURVE ( 'NONE', #8837, #1642, #9315, .T. ) ;
#156 =( LENGTH_UNIT ( ) NAMED_UNIT ( * ) SI_UNIT ( .MILLI., .METRE. ) );
#157 = VECTOR ( 'NONE', #460, 1000.000000000000000 ) ;
#158 = ORIENTED_EDGE ( 'NONE', *, *, #10062, .F. ) ;
#159 = ORIENTED_EDGE ( 'NONE', *, *, #22, .T. ) ;
#160 = FILL_AREA_STYLE ('',( #7302 ) ) ;
#161 = ORIENTED_EDGE ( 'NONE', *, *, #7045, .T. ) ;
#162 = AXIS2_PLACEMENT_3D ( 'NONE', #7841, #2091, #8509 ) ;
#163 = CARTESIAN_POINT ( 'NONE',  ( -1.870000000000000107, 0.06000000000000001166, -3.897297636193110648 ) ) ;
#164 = SURFACE_STYLE_USAGE ( .BOTH. , #2571 ) ;
#165 = EDGE_LOOP ( 'NONE', ( #8725, #3528, #3795, #2916, #651, #2461, #409, #7427, #5378, #4927 ) ) ;
#166 = EDGE_CURVE ( 'NONE', #886, #6512, #9448, .T. ) ;
#167 = CARTESIAN_POINT ( 'NONE',  ( -8.290000000000000924, 0.1100000000000000006, -3.550000000000000266 ) ) ;
#168 = LINE ( 'NONE', #8965, #4169 ) ;
#169 = FILL_AREA_STYLE_COLOUR ( '', #9997 ) ;
#170 = SURFACE_STYLE_FILL_AREA ( #1165 ) ;
#171 = LINE ( 'NONE', #7745, #5190 ) ;
#172 = CARTESIAN_POINT ( 'NONE',  ( -7.895585702691873209, -0.09870989375590084880, -3.957542332561889253 ) ) ;
#173 = VECTOR ( 'NONE', #4110, 1000.000000000000114 ) ;
#174 = SURFACE_STYLE_USAGE ( .BOTH. , #9815 ) ;
#175 = ORIENTED_EDGE ( 'NONE', *, *, #7249, .T. ) ;
#176 = EDGE_CURVE ( 'NONE', #5526, #9543, #879, .T. ) ;
#177 = ADVANCED_FACE ( 'NONE', ( #5029 ), #1108, .F. ) ;
#178 = PLANE ( 'NONE',  #6420 ) ;
#179 = AXIS2_PLACEMENT_3D ( 'NONE', #1099, #1075, #4361 ) ;
#180 = SURFACE_STYLE_FILL_AREA ( #800 ) ;
#181 =( GEOMETRIC_REPRESENTATION_CONTEXT ( 3 ) GLOBAL_UNCERTAINTY_ASSIGNED_CONTEXT ( ( #4024 ) ) GLOBAL_UNIT_ASSIGNED_CONTEXT ( ( #3157, #890, #6457 ) ) REPRESENTATION_CONTEXT ( 'NONE', 'WORKASPACE' ) );
#182 = VECTOR ( 'NONE', #578, 1000.000000000000000 ) ;
#183 = CARTESIAN_POINT ( 'NONE',  ( 6.949999999999999289, -0.1599999999999999756, 3.695747996505077904 ) ) ;
#184 = VERTEX_POINT ( 'NONE', #3518 ) ;
#185 = LINE ( 'NONE', #5862, #8483 ) ;
#186 = CARTESIAN_POINT ( 'NONE',  ( -8.665000000000000924, -1.374999999999999556, -4.250000000000000888 ) ) ;
#187 = SURFACE_SIDE_STYLE ('',( #105 ) ) ;
#188 = DIRECTION ( 'NONE',  ( -1.000000000000000000, 0.000000000000000000, 0.000000000000000000 ) ) ;
#189 = VECTOR ( 'NONE', #8680, 1000.000000000000114 ) ;
#190 = ORIENTED_EDGE ( 'NONE', *, *, #5147, .F. ) ;
#191 = VERTEX_POINT ( 'NONE', #9118 ) ;
#192 = AXIS2_PLACEMENT_3D ( 'NONE', #7243, #7148, #3843 ) ;
#193 = FILL_AREA_STYLE ('',( #9839 ) ) ;
#194 = ORIENTED_EDGE ( 'NONE', *, *, #5875, .F. ) ;
#195 = AXIS2_PLACEMENT_3D ( 'NONE', #7376, #2784, #2752 ) ;
#196 = FACE_OUTER_BOUND ( 'NONE', #4209, .T. ) ;
#197 = SURFACE_SIDE_STYLE ('',( #4299 ) ) ;
#198 = LINE ( 'NONE', #3662, #5596 ) ;
#199 =( NAMED_UNIT ( * ) PLANE_ANGLE_UNIT ( ) SI_UNIT ( $, .RADIAN. ) );
#200 = DIRECTION ( 'NONE',  ( -1.000000000000000000, -0.000000000000000000, -0.000000000000000000 ) ) ;
#201 = DIRECTION ( 'NONE',  ( 0.000000000000000000, -1.000000000000000000, 0.000000000000000000 ) ) ;
#202 = VERTEX_POINT ( 'NONE', #1046 ) ;
#203 = DIRECTION ( 'NONE',  ( -0.000000000000000000, -0.000000000000000000, 1.000000000000000000 ) ) ;
#204 = ORIENTED_EDGE ( 'NONE', *, *, #3437, .F. ) ;
#205 = MECHANICAL_DESIGN_GEOMETRIC_PRESENTATION_REPRESENTATION (  '', ( #535 ), #742 ) ;
#206 = PLANE ( 'NONE',  #3470 ) ;
#207 = DIRECTION ( 'NONE',  ( 0.000000000000000000, -0.000000000000000000, 1.000000000000000000 ) ) ;
#208 = LINE ( 'NONE', #6002, #3703 ) ;
#209 = ORIENTED_EDGE ( 'NONE', *, *, #8232, .F. ) ;
#210 =( NAMED_UNIT ( * ) SI_UNIT ( $, .STERADIAN. ) SOLID_ANGLE_UNIT ( ) );
#211 = EDGE_CURVE ( 'NONE', #4064, #9042, #4378, .T. ) ;
#212 = LINE ( 'NONE', #3683, #10029 ) ;
#213 = CARTESIAN_POINT ( 'NONE',  ( -1.870000000000000107, -1.055665328710545747, -3.897297636193110648 ) ) ;
#214 = DIRECTION ( 'NONE',  ( -0.000000000000000000, 0.9979641717745811880, 0.06377704802100964132 ) ) ;
#215 = COLOUR_RGB ( '',0.7529411764705882248, 0.7529411764705882248, 0.7529411764705882248 ) ;
#216 = MECHANICAL_DESIGN_GEOMETRIC_PRESENTATION_REPRESENTATION (  '', ( #6901 ), #2209 ) ;
#217 = CARTESIAN_POINT ( 'NONE',  ( -5.750000000000000000, 0.06318885240105015511, 3.947195844781839824 ) ) ;
#218 = CARTESIAN_POINT ( 'NONE',  ( -4.059999999999999609, -4.674999999999999822, -4.034390786870895695 ) ) ;
#219 = DIRECTION ( 'NONE',  ( 0.000000000000000000, -0.000000000000000000, 1.000000000000000000 ) ) ;
#220 = DIRECTION ( 'NONE',  ( 0.000000000000000000, 0.000000000000000000, 1.000000000000000000 ) ) ;
#221 = DIRECTION ( 'NONE',  ( -0.000000000000000000, -0.000000000000000000, -1.000000000000000000 ) ) ;
#222 = LINE ( 'NONE', #878, #2341 ) ;
#223 = EDGE_LOOP ( 'NONE', ( #4447, #4898, #6536, #99 ) ) ;
#224 = ADVANCED_FACE ( 'NONE', ( #749 ), #8332, .F. ) ;
#225 = AXIS2_PLACEMENT_3D ( 'NONE', #8641, #4628, #8612 ) ;
#226 = DIRECTION ( 'NONE',  ( -0.000000000000000000, 1.000000000000000000, 4.022841720910280989E-15 ) ) ;
#227 = FACE_OUTER_BOUND ( 'NONE', #8402, .T. ) ;
#228 = UNCERTAINTY_MEASURE_WITH_UNIT (LENGTH_MEASURE( 1.000000000000000082E-05 ), #2289, 'distance_accuracy_value', 'NONE');
#229 = EDGE_CURVE ( 'NONE', #239, #8886, #2104, .T. ) ;
#230 = VECTOR ( 'NONE', #2191, 1000.000000000000000 ) ;
#231 =( NAMED_UNIT ( * ) PLANE_ANGLE_UNIT ( ) SI_UNIT ( $, .RADIAN. ) );
#232 = CARTESIAN_POINT ( 'NONE',  ( -4.410000000000001030, 0.1100000000000000006, -3.550000000000000266 ) ) ;
#233 = DIRECTION ( 'NONE',  ( -0.000000000000000000, -0.000000000000000000, 1.000000000000000000 ) ) ;
#234 = ORIENTED_EDGE ( 'NONE', *, *, #9686, .F. ) ;
#235 = ORIENTED_EDGE ( 'NONE', *, *, #8911, .T. ) ;
#236 = CARTESIAN_POINT ( 'NONE',  ( 8.665000000000000924, -1.374999999999999556, -4.250000000000000888 ) ) ;
#237 = DIRECTION ( 'NONE',  ( -0.000000000000000000, 0.9979641717745810769, 0.06377704802100964132 ) ) ;
#238 = EDGE_CURVE ( 'NONE', #5704, #3400, #5395, .T. ) ;
#239 = VERTEX_POINT ( 'NONE', #5228 ) ;
#240 =( GEOMETRIC_REPRESENTATION_CONTEXT ( 3 ) GLOBAL_UNCERTAINTY_ASSIGNED_CONTEXT ( ( #6022 ) ) GLOBAL_UNIT_ASSIGNED_CONTEXT ( ( #8124, #9861, #1693 ) ) REPRESENTATION_CONTEXT ( 'NONE', 'WORKASPACE' ) );
#241 = EDGE_CURVE ( 'NONE', #5025, #1131, #3599, .T. ) ;
#242 = FILL_AREA_STYLE ('',( #2539 ) ) ;
#243 = LINE ( 'NONE', #5576, #2981 ) ;
#244 = CARTESIAN_POINT ( 'NONE',  ( -4.410000000000001030, 0.1099999999999998618, 3.897297636193110648 ) ) ;
#245 = COLOUR_RGB ( '',0.7529411764705882248, 0.7529411764705882248, 0.7529411764705882248 ) ;
#246 = LINE ( 'NONE', #9924, #9429 ) ;
#247 = STYLED_ITEM ( 'NONE', ( #55 ), #7699 ) ;
#248 = ORIENTED_EDGE ( 'NONE', *, *, #8807, .F. ) ;
#249 = STYLED_ITEM ( 'NONE', ( #9426 ), #421 ) ;
#250 = VECTOR ( 'NONE', #4851, 1000.000000000000000 ) ;
#251 = VERTEX_POINT ( 'NONE', #7527 ) ;
#252 = CARTESIAN_POINT ( 'NONE',  ( 3.560000000000000497, -1.374999999999999112, -3.823497185254835173 ) ) ;
#253 = COLOUR_RGB ( '',0.7529411764705882248, 0.7529411764705882248, 0.7529411764705882248 ) ;
#254 = CARTESIAN_POINT ( 'NONE',  ( 5.750000000000000000, -0.1599999999999999756, 3.695747996505077904 ) ) ;
#255 = SURFACE_SIDE_STYLE ('',( #8935 ) ) ;
#256 = CYLINDRICAL_SURFACE ( 'NONE', #4728, 0.05000000000000012768 ) ;
#257 = DIRECTION ( 'NONE',  ( 1.000000000000000000, 0.000000000000000000, -0.000000000000000000 ) ) ;
#258 = DIRECTION ( 'NONE',  ( 0.000000000000000000, 0.000000000000000000, -1.000000000000000000 ) ) ;
#259 = CARTESIAN_POINT ( 'NONE',  ( 1.870000000000000107, -0.1100000000000000006, -3.550000000000000266 ) ) ;
#260 = ORIENTED_EDGE ( 'NONE', *, *, #9994, .F. ) ;
#261 = FACE_OUTER_BOUND ( 'NONE', #1113, .T. ) ;
#262 = ORIENTED_EDGE ( 'NONE', *, *, #4887, .F. ) ;
#263 = DIRECTION ( 'NONE',  ( 0.000000000000000000, 0.9979641717745812990, 0.06377704802100914172 ) ) ;
#264 = DIRECTION ( 'NONE',  ( 0.000000000000000000, -0.9979641717745812990, -0.06377704802100914172 ) ) ;
#265 = ORIENTED_EDGE ( 'NONE', *, *, #4956, .T. ) ;
#266 = ORIENTED_EDGE ( 'NONE', *, *, #9673, .F. ) ;
#267 = PRESENTATION_STYLE_ASSIGNMENT (( #4629 ) ) ;
#268 = CARTESIAN_POINT ( 'NONE',  ( -8.290000000000000924, -1.374999999999999556, 3.823497185254835173 ) ) ;
#269 = VECTOR ( 'NONE', #7068, 1000.000000000000114 ) ;
#270 = DIRECTION ( 'NONE',  ( -1.000000000000000000, -0.000000000000000000, 0.000000000000000000 ) ) ;
#271 = MECHANICAL_DESIGN_GEOMETRIC_PRESENTATION_REPRESENTATION (  '', ( #3673 ), #8359 ) ;
#272 = VECTOR ( 'NONE', #4891, 1000.000000000000000 ) ;
#273 = DIRECTION ( 'NONE',  ( 1.000000000000000000, 0.000000000000000000, -0.000000000000000000 ) ) ;
#274 = ORIENTED_EDGE ( 'NONE', *, *, #147, .F. ) ;
#275 = VERTEX_POINT ( 'NONE', #6970 ) ;
#276 = ADVANCED_FACE ( 'NONE', ( #3244 ), #2929, .T. ) ;
#277 =( NAMED_UNIT ( * ) PLANE_ANGLE_UNIT ( ) SI_UNIT ( $, .RADIAN. ) );
#278 = LINE ( 'NONE', #7227, #7564 ) ;
#279 = SURFACE_STYLE_FILL_AREA ( #6953 ) ;
#280 = ORIENTED_EDGE ( 'NONE', *, *, #9074, .T. ) ;
#281 = STYLED_ITEM ( 'NONE', ( #3603 ), #3846 ) ;
#282 = EDGE_CURVE ( 'NONE', #1632, #8096, #10309, .T. ) ;
#283 = CARTESIAN_POINT ( 'NONE',  ( 4.410000000000000142, 0.06000000000000001166, -3.897297636193110648 ) ) ;
#284 = SURFACE_STYLE_USAGE ( .BOTH. , #4279 ) ;
#285 = ORIENTED_EDGE ( 'NONE', *, *, #3110, .T. ) ;
#286 = DIRECTION ( 'NONE',  ( 0.000000000000000000, -0.9979641717745812990, 0.06377704802100926662 ) ) ;
#287 = ORIENTED_EDGE ( 'NONE', *, *, #2980, .T. ) ;
#288 =( NAMED_UNIT ( * ) PLANE_ANGLE_UNIT ( ) SI_UNIT ( $, .RADIAN. ) );
#289 = DIRECTION ( 'NONE',  ( -0.2197618659596110857, -0.9755535465928817374, 0.000000000000000000 ) ) ;
#290 = UNCERTAINTY_MEASURE_WITH_UNIT (LENGTH_MEASURE( 1.000000000000000082E-05 ), #10139, 'distance_accuracy_value', 'NONE');
#291 = SURFACE_STYLE_FILL_AREA ( #4045 ) ;
#292 = EDGE_CURVE ( 'NONE', #4937, #1662, #7646, .T. ) ;
#293 = FACE_OUTER_BOUND ( 'NONE', #8573, .T. ) ;
#294 = EDGE_CURVE ( 'NONE', #1662, #7338, #5770, .T. ) ;
#295 = ORIENTED_EDGE ( 'NONE', *, *, #5485, .T. ) ;
#296 = FACE_OUTER_BOUND ( 'NONE', #2469, .T. ) ;
#297 = VERTEX_POINT ( 'NONE', #8430 ) ;
#298 = CARTESIAN_POINT ( 'NONE',  ( 1.020000000000000018, -1.374999999999999112, -3.823497185254835173 ) ) ;
#299 = MECHANICAL_DESIGN_GEOMETRIC_PRESENTATION_REPRESENTATION (  '', ( #9134 ), #9811 ) ;
#300 = VECTOR ( 'NONE', #6706, 1000.000000000000000 ) ;
#301 =( NAMED_UNIT ( * ) SI_UNIT ( $, .STERADIAN. ) SOLID_ANGLE_UNIT ( ) );
#302 = UNCERTAINTY_MEASURE_WITH_UNIT (LENGTH_MEASURE( 1.000000000000000082E-05 ), #7432, 'distance_accuracy_value', 'NONE');
#303 = SURFACE_STYLE_FILL_AREA ( #4120 ) ;
#304 = FACE_OUTER_BOUND ( 'NONE', #10292, .T. ) ;
#305 = CARTESIAN_POINT ( 'NONE',  ( -3.281936167392618398, -1.374999999999998890, -4.250000000000000888 ) ) ;
#306 = AXIS2_PLACEMENT_3D ( 'NONE', #4717, #8808, #3962 ) ;
#307 = VECTOR ( 'NONE', #10001, 1000.000000000000227 ) ;
#308 = CARTESIAN_POINT ( 'NONE',  ( -9.115000000000000213, -4.674999999999999822, -4.250000000000000888 ) ) ;
#309 = EDGE_CURVE ( 'NONE', #6127, #9858, #8672, .T. ) ;
#310 = VERTEX_POINT ( 'NONE', #3730 ) ;
#311 = CARTESIAN_POINT ( 'NONE',  ( -8.290000000000000924, -0.1100000000000000006, -3.550000000000000266 ) ) ;
#312 = SURFACE_STYLE_FILL_AREA ( #2560 ) ;
#313 = SURFACE_STYLE_FILL_AREA ( #550 ) ;
#314 = EDGE_CURVE ( 'NONE', #3459, #6482, #8931, .T. ) ;
#315 =( GEOMETRIC_REPRESENTATION_CONTEXT ( 3 ) GLOBAL_UNCERTAINTY_ASSIGNED_CONTEXT ( ( #8530 ) ) GLOBAL_UNIT_ASSIGNED_CONTEXT ( ( #6419, #8841, #7127 ) ) REPRESENTATION_CONTEXT ( 'NONE', 'WORKASPACE' ) );
#316 = ORIENTED_EDGE ( 'NONE', *, *, #5130, .F. ) ;
#317 = FILL_AREA_STYLE_COLOUR ( '', #9034 ) ;
#318 = ORIENTED_EDGE ( 'NONE', *, *, #5825, .F. ) ;
#319 = MECHANICAL_DESIGN_GEOMETRIC_PRESENTATION_REPRESENTATION (  '', ( #2105 ), #10015 ) ;
#320 = DIRECTION ( 'NONE',  ( -1.000000000000000000, -0.000000000000000000, -0.000000000000000000 ) ) ;
#321 = LINE ( 'NONE', #6713, #2042 ) ;
#322 = DIRECTION ( 'NONE',  ( -0.000000000000000000, 0.9979641717745810769, 0.06377704802100964132 ) ) ;
#323 = LINE ( 'NONE', #2454, #2437 ) ;
#324 = PLANE ( 'NONE',  #2530 ) ;
#325 =( LENGTH_UNIT ( ) NAMED_UNIT ( * ) SI_UNIT ( .MILLI., .METRE. ) );
#326 = VECTOR ( 'NONE', #2094, 1000.000000000000000 ) ;
#327 = ORIENTED_EDGE ( 'NONE', *, *, #6921, .F. ) ;
#328 = ORIENTED_EDGE ( 'NONE', *, *, #3088, .T. ) ;
#329 = DIRECTION ( 'NONE',  ( -0.000000000000000000, -0.000000000000000000, 1.000000000000000000 ) ) ;
#330 = COLOUR_RGB ( '',0.7529411764705882248, 0.7529411764705882248, 0.7529411764705882248 ) ;
#331 = ADVANCED_FACE ( 'NONE', ( #1849 ), #5191, .F. ) ;
#332 = LINE ( 'NONE', #2411, #4336 ) ;
#333 = AXIS2_PLACEMENT_3D ( 'NONE', #6739, #1913, #5166 ) ;
#334 = SURFACE_SIDE_STYLE ('',( #7760 ) ) ;
#335 = SURFACE_STYLE_USAGE ( .BOTH. , #2843 ) ;
#336 = CARTESIAN_POINT ( 'NONE',  ( -2.970082317812836159, 0.009362694809449101027, 3.950635721216884111 ) ) ;
#337 = ORIENTED_EDGE ( 'NONE', *, *, #1338, .F. ) ;
#338 = CARTESIAN_POINT ( 'NONE',  ( 0.7419361673926192502, -1.374999999999998890, 4.039106398383938590 ) ) ;
#339 = DIRECTION ( 'NONE',  ( -1.000000000000000000, -0.000000000000000000, -0.000000000000000000 ) ) ;
#340 = CARTESIAN_POINT ( 'NONE',  ( 5.750000000000000000, -0.1599999999999999756, -3.695747996505077904 ) ) ;
#341 = ORIENTED_EDGE ( 'NONE', *, *, #7454, .T. ) ;
#342 =( GEOMETRIC_REPRESENTATION_CONTEXT ( 3 ) GLOBAL_UNCERTAINTY_ASSIGNED_CONTEXT ( ( #7385 ) ) GLOBAL_UNIT_ASSIGNED_CONTEXT ( ( #6378, #10419, #3817 ) ) REPRESENTATION_CONTEXT ( 'NONE', 'WORKASPACE' ) );
#343 = FACE_OUTER_BOUND ( 'NONE', #4802, .T. ) ;
#344 = ORIENTED_EDGE ( 'NONE', *, *, #3760, .T. ) ;
#345 = FILL_AREA_STYLE ('',( #2583 ) ) ;
#346 = CARTESIAN_POINT ( 'NONE',  ( 0.6700000000000004841, -0.1568111475989498460, -3.745646205093807080 ) ) ;
#347 = LINE ( 'NONE', #4322, #8646 ) ;
#348 = FACE_OUTER_BOUND ( 'NONE', #5298, .T. ) ;
#349 = SURFACE_STYLE_USAGE ( .BOTH. , #4339 ) ;
#350 = CARTESIAN_POINT ( 'NONE',  ( 1.870000000000000107, -0.1568111475989498460, -3.745646205093807080 ) ) ;
#351 = CARTESIAN_POINT ( 'NONE',  ( -0.4300823178128357349, 0.009362694809449182559, 3.950635721216884111 ) ) ;
#352 = ORIENTED_EDGE ( 'NONE', *, *, #4724, .T. ) ;
#353 = EDGE_CURVE ( 'NONE', #428, #8374, #1346, .T. ) ;
#354 = SURFACE_STYLE_USAGE ( .BOTH. , #6077 ) ;
#355 =( NAMED_UNIT ( * ) PLANE_ANGLE_UNIT ( ) SI_UNIT ( $, .RADIAN. ) );
#356 = ORIENTED_EDGE ( 'NONE', *, *, #7246, .T. ) ;
#357 = LINE ( 'NONE', #8043, #6661 ) ;
#358 = UNCERTAINTY_MEASURE_WITH_UNIT (LENGTH_MEASURE( 1.000000000000000082E-05 ), #9539, 'distance_accuracy_value', 'NONE');
#359 =( GEOMETRIC_REPRESENTATION_CONTEXT ( 3 ) GLOBAL_UNCERTAINTY_ASSIGNED_CONTEXT ( ( #5837 ) ) GLOBAL_UNIT_ASSIGNED_CONTEXT ( ( #10025, #418, #3667 ) ) REPRESENTATION_CONTEXT ( 'NONE', 'WORKASPACE' ) );
#360 = DIRECTION ( 'NONE',  ( 0.000000000000000000, -1.000000000000000000, 0.000000000000000000 ) ) ;
#361 = MECHANICAL_DESIGN_GEOMETRIC_PRESENTATION_REPRESENTATION (  '', ( #10332 ), #4319 ) ;
#362 = ORIENTED_EDGE ( 'NONE', *, *, #2572, .T. ) ;
#363 = ORIENTED_EDGE ( 'NONE', *, *, #5621, .T. ) ;
#364 = EDGE_LOOP ( 'NONE', ( #7053, #3573, #4412, #7685 ) ) ;
#365 = ORIENTED_EDGE ( 'NONE', *, *, #2574, .F. ) ;
#366 = EDGE_CURVE ( 'NONE', #2881, #4800, #870, .T. ) ;
#367 = CARTESIAN_POINT ( 'NONE',  ( -5.821936167392618877, -1.374999999999998668, 3.823497185254835173 ) ) ;
#368 = EDGE_CURVE ( 'NONE', #7450, #9829, #5910, .T. ) ;
#369 = ORIENTED_EDGE ( 'NONE', *, *, #773, .F. ) ;
#370 =( GEOMETRIC_REPRESENTATION_CONTEXT ( 3 ) GLOBAL_UNCERTAINTY_ASSIGNED_CONTEXT ( ( #290 ) ) GLOBAL_UNIT_ASSIGNED_CONTEXT ( ( #10139, #3707, #7702 ) ) REPRESENTATION_CONTEXT ( 'NONE', 'WORKASPACE' ) );
#371 = VECTOR ( 'NONE', #1060, 1000.000000000000000 ) ;
#372 =( NAMED_UNIT ( * ) PLANE_ANGLE_UNIT ( ) SI_UNIT ( $, .RADIAN. ) );
#373 = LINE ( 'NONE', #9895, #9567 ) ;
#374 = LINE ( 'NONE', #4843, #8423 ) ;
#375 = LINE ( 'NONE', #4662, #9822 ) ;
#376 = ADVANCED_FACE ( 'NONE', ( #10447 ), #9941, .F. ) ;
#377 = ORIENTED_EDGE ( 'NONE', *, *, #6164, .T. ) ;
#378 = ORIENTED_EDGE ( 'NONE', *, *, #9279, .F. ) ;
#379 = DIRECTION ( 'NONE',  ( 0.000000000000000000, -0.000000000000000000, -1.000000000000000000 ) ) ;
#380 = CARTESIAN_POINT ( 'NONE',  ( 9.490000000000000213, 0.06318885240105015511, -3.947195844781839824 ) ) ;
#381 = DIRECTION ( 'NONE',  ( 0.000000000000000000, 0.9979641717745812990, 0.06377704802100914172 ) ) ;
#382 = COLOUR_RGB ( '',0.7529411764705882248, 0.7529411764705882248, 0.7529411764705882248 ) ;
#383 = DIRECTION ( 'NONE',  ( 0.000000000000000000, -0.9979641717745812990, 0.06377704802100914172 ) ) ;
#384 = ADVANCED_FACE ( 'NONE', ( #2745 ), #4589, .F. ) ;
#385 = VECTOR ( 'NONE', #1629, 1000.000000000000000 ) ;
#386 = PRESENTATION_LAYER_ASSIGNMENT (  '', '', ( #10299 ) ) ;
#387 = VERTEX_POINT ( 'NONE', #8609 ) ;
#388 = ORIENTED_EDGE ( 'NONE', *, *, #5350, .F. ) ;
#389 = AXIS2_PLACEMENT_3D ( 'NONE', #9002, #4185, #128 ) ;
#390 = CARTESIAN_POINT ( 'NONE',  ( 3.210000000000000853, -1.055665328710549522, -4.018698629005419853 ) ) ;
#391 = ORIENTED_EDGE ( 'NONE', *, *, #3613, .T. ) ;
#392 = DIRECTION ( 'NONE',  ( -0.000000000000000000, 1.000000000000000000, 0.000000000000000000 ) ) ;
#393 = FACE_OUTER_BOUND ( 'NONE', #7181, .T. ) ;
#394 = CARTESIAN_POINT ( 'NONE',  ( -4.410000000000001030, 0.1100000000000000006, 3.550000000000000266 ) ) ;
#395 = DIRECTION ( 'NONE',  ( -0.2197618659596110857, 0.9755535465928817374, 0.000000000000000000 ) ) ;
#396 = LINE ( 'NONE', #7875, #9470 ) ;
#397 = VERTEX_POINT ( 'NONE', #3769 ) ;
#398 = SURFACE_SIDE_STYLE ('',( #7866 ) ) ;
#399 = FACE_OUTER_BOUND ( 'NONE', #5896, .T. ) ;
#400 = CARTESIAN_POINT ( 'NONE',  ( -3.209999999999999964, -1.055665328710549522, -4.250000000000000888 ) ) ;
#401 = PRESENTATION_STYLE_ASSIGNMENT (( #5352 ) ) ;
#402 = EDGE_LOOP ( 'NONE', ( #3049, #10307, #9242, #4533 ) ) ;
#403 = ORIENTED_EDGE ( 'NONE', *, *, #8743, .F. ) ;
#404 = EDGE_CURVE ( 'NONE', #9515, #7328, #8532, .T. ) ;
#405 = UNCERTAINTY_MEASURE_WITH_UNIT (LENGTH_MEASURE( 1.000000000000000082E-05 ), #8414, 'distance_accuracy_value', 'NONE');
#406 =( NAMED_UNIT ( * ) PLANE_ANGLE_UNIT ( ) SI_UNIT ( $, .RADIAN. ) );
#407 = EDGE_CURVE ( 'NONE', #10121, #6009, #8917, .T. ) ;
#408 = CARTESIAN_POINT ( 'NONE',  ( -7.132187738285314715, -0.2469085707813088171, -3.967013287941472122 ) ) ;
#409 = ORIENTED_EDGE ( 'NONE', *, *, #9271, .T. ) ;
#410 = CARTESIAN_POINT ( 'NONE',  ( -4.410000000000001030, -1.055665328710541973, -3.803089415876315549 ) ) ;
#411 = VECTOR ( 'NONE', #7265, 1000.000000000000000 ) ;
#412 = CARTESIAN_POINT ( 'NONE',  ( 9.115000000000000213, -0.1599999999999999756, -3.695747996505077904 ) ) ;
#413 = ORIENTED_EDGE ( 'NONE', *, *, #1940, .T. ) ;
#414 = COLOUR_RGB ( '',0.7529411764705882248, 0.7529411764705882248, 0.7529411764705882248 ) ;
#415 = DIRECTION ( 'NONE',  ( -0.000000000000000000, 1.000000000000000000, 0.000000000000000000 ) ) ;
#416 = PLANE ( 'NONE',  #3989 ) ;
#417 = EDGE_CURVE ( 'NONE', #7690, #7963, #6409, .T. ) ;
#418 =( NAMED_UNIT ( * ) PLANE_ANGLE_UNIT ( ) SI_UNIT ( $, .RADIAN. ) );
#419 = SURFACE_STYLE_USAGE ( .BOTH. , #1152 ) ;
#420 = VECTOR ( 'NONE', #3749, 1000.000000000000000 ) ;
#421 = ADVANCED_FACE ( 'NONE', ( #601 ), #8639, .F. ) ;
#422 = FACE_OUTER_BOUND ( 'NONE', #9313, .T. ) ;
#423 = FACE_OUTER_BOUND ( 'NONE', #2099, .T. ) ;
#424 = AXIS2_PLACEMENT_3D ( 'NONE', #6521, #1020, #1766 ) ;
#425 = EDGE_CURVE ( 'NONE', #6275, #1910, #3726, .T. ) ;
#426 =( LENGTH_UNIT ( ) NAMED_UNIT ( * ) SI_UNIT ( .MILLI., .METRE. ) );
#427 = CARTESIAN_POINT ( 'NONE',  ( -0.6700000000000004841, -4.674999999999999822, -4.034390786870895695 ) ) ;
#428 = VERTEX_POINT ( 'NONE', #6324 ) ;
#429 = AXIS2_PLACEMENT_3D ( 'NONE', #6151, #8432, #7754 ) ;
#430 = ORIENTED_EDGE ( 'NONE', *, *, #107, .T. ) ;
#431 = SURFACE_STYLE_USAGE ( .BOTH. , #10006 ) ;
#432 = FILL_AREA_STYLE_COLOUR ( '', #2407 ) ;
#433 = DIRECTION ( 'NONE',  ( -1.000000000000000000, -0.000000000000000000, -0.000000000000000000 ) ) ;
#434 = EDGE_CURVE ( 'NONE', #2298, #2090, #3991, .T. ) ;
#435 = VERTEX_POINT ( 'NONE', #4699 ) ;
#436 = DIRECTION ( 'NONE',  ( -0.9755535465928818484, 0.2197618659596111135, 0.000000000000000000 ) ) ;
#437 = ORIENTED_EDGE ( 'NONE', *, *, #9754, .T. ) ;
#438 = VECTOR ( 'NONE', #6783, 1000.000000000000000 ) ;
#439 = LINE ( 'NONE', #1911, #3077 ) ;
#440 = FILL_AREA_STYLE_COLOUR ( '', #4895 ) ;
#441 = APPLICATION_CONTEXT ( 'automotive_design' ) ;
#442 = PLANE ( 'NONE',  #7530 ) ;
#443 =( GEOMETRIC_REPRESENTATION_CONTEXT ( 3 ) GLOBAL_UNCERTAINTY_ASSIGNED_CONTEXT ( ( #10147 ) ) GLOBAL_UNIT_ASSIGNED_CONTEXT ( ( #2482, #8839, #41 ) ) REPRESENTATION_CONTEXT ( 'NONE', 'WORKASPACE' ) );
#444 = DIRECTION ( 'NONE',  ( -0.000000000000000000, -0.000000000000000000, 1.000000000000000000 ) ) ;
#445 = ORIENTED_EDGE ( 'NONE', *, *, #7623, .T. ) ;
#446 = DIRECTION ( 'NONE',  ( 0.2193360129683985527, -0.9736631258226969843, 0.06222403738348494112 ) ) ;
#447 = FILL_AREA_STYLE ('',( #10091 ) ) ;
#448 =( GEOMETRIC_REPRESENTATION_CONTEXT ( 3 ) GLOBAL_UNCERTAINTY_ASSIGNED_CONTEXT ( ( #3245 ) ) GLOBAL_UNIT_ASSIGNED_CONTEXT ( ( #863, #6498, #2462 ) ) REPRESENTATION_CONTEXT ( 'NONE', 'WORKASPACE' ) );
#449 = SURFACE_STYLE_FILL_AREA ( #2363 ) ;
#450 = CARTESIAN_POINT ( 'NONE',  ( 0.6700000000000004841, -1.055665328710549522, -3.803089415876315993 ) ) ;
#451 = PLANE ( 'NONE',  #8718 ) ;
#452 = VECTOR ( 'NONE', #9511, 1000.000000000000000 ) ;
#453 = DIRECTION ( 'NONE',  ( -1.000000000000000000, -0.000000000000000000, -0.000000000000000000 ) ) ;
#454 = DIRECTION ( 'NONE',  ( 0.000000000000000000, -0.9979641717745812990, -0.06377704802100914172 ) ) ;
#455 = ORIENTED_EDGE ( 'NONE', *, *, #5971, .F. ) ;
#456 = STYLED_ITEM ( 'NONE', ( #7826 ), #2246 ) ;
#457 = AXIS2_PLACEMENT_3D ( 'NONE', #4399, #7582, #1828 ) ;
#458 = PLANE ( 'NONE',  #8798 ) ;
#459 = CARTESIAN_POINT ( 'NONE',  ( -3.210000000000000853, 0.1100000000000000006, 3.550000000000000266 ) ) ;
#460 = DIRECTION ( 'NONE',  ( -0.000000000000000000, -0.000000000000000000, 1.000000000000000000 ) ) ;
#461 = CARTESIAN_POINT ( 'NONE',  ( -3.210000000000000853, -1.055665328710555295, 3.897297636193110648 ) ) ;
#462 = SURFACE_SIDE_STYLE ('',( #8547 ) ) ;
#463 = CARTESIAN_POINT ( 'NONE',  ( -8.290000000000000924, 0.06318885240105015511, 3.947195844781839824 ) ) ;
#464 = FILL_AREA_STYLE_COLOUR ( '', #9116 ) ;
#465 = ORIENTED_EDGE ( 'NONE', *, *, #6437, .F. ) ;
#466 = UNCERTAINTY_MEASURE_WITH_UNIT (LENGTH_MEASURE( 1.000000000000000082E-05 ), #6092, 'distance_accuracy_value', 'NONE');
#467 = DIRECTION ( 'NONE',  ( 0.000000000000000000, -0.9979641717745810769, -0.06377704802100964132 ) ) ;
#468 = LINE ( 'NONE', #2402, #6399 ) ;
#469 = VECTOR ( 'NONE', #3141, 1000.000000000000000 ) ;
#470 = STYLED_ITEM ( 'NONE', ( #9194 ), #3471 ) ;
#471 = ADVANCED_FACE ( 'NONE', ( #5019 ), #4084, .F. ) ;
#472 = ORIENTED_EDGE ( 'NONE', *, *, #4104, .F. ) ;
#473 = VERTEX_POINT ( 'NONE', #2465 ) ;
#474 = SURFACE_STYLE_FILL_AREA ( #2904 ) ;
#475 = VERTEX_POINT ( 'NONE', #7275 ) ;
#476 =( NAMED_UNIT ( * ) PLANE_ANGLE_UNIT ( ) SI_UNIT ( $, .RADIAN. ) );
#477 = SURFACE_STYLE_FILL_AREA ( #9075 ) ;
#478 = UNCERTAINTY_MEASURE_WITH_UNIT (LENGTH_MEASURE( 1.000000000000000082E-05 ), #7062, 'distance_accuracy_value', 'NONE');
#479 = EDGE_CURVE ( 'NONE', #6166, #8751, #243, .T. ) ;
#480 = DIRECTION ( 'NONE',  ( -0.000000000000000000, 0.000000000000000000, 1.000000000000000000 ) ) ;
#481 = DIRECTION ( 'NONE',  ( 0.9755535465928818484, 0.2197618659596111135, 0.000000000000000000 ) ) ;
#482 =( LENGTH_UNIT ( ) NAMED_UNIT ( * ) SI_UNIT ( .MILLI., .METRE. ) );
#483 = EDGE_CURVE ( 'NONE', #4160, #6492, #1839, .T. ) ;
#484 = DIRECTION ( 'NONE',  ( 0.000000000000000000, -0.9979641717745812990, -0.06377704802100912784 ) ) ;
#485 = DIRECTION ( 'NONE',  ( -1.000000000000000000, -0.000000000000000000, -0.000000000000000000 ) ) ;
#486 = EDGE_LOOP ( 'NONE', ( #1472, #6018, #4651, #3061 ) ) ;
#487 = VERTEX_POINT ( 'NONE', #1612 ) ;
#488 = MECHANICAL_DESIGN_GEOMETRIC_PRESENTATION_REPRESENTATION (  '', ( #7307 ), #4257 ) ;
#489 = EDGE_CURVE ( 'NONE', #10067, #6544, #5901, .T. ) ;
#490 = CARTESIAN_POINT ( 'NONE',  ( 4.410000000000000142, 0.06318885240105015511, 3.947195844781839824 ) ) ;
#491 = PLANE ( 'NONE',  #5371 ) ;
#492 = PRESENTATION_LAYER_ASSIGNMENT (  '', '', ( #4261 ) ) ;
#493 = DIRECTION ( 'NONE',  ( 0.000000000000000000, -0.000000000000000000, 1.000000000000000000 ) ) ;
#494 = VERTEX_POINT ( 'NONE', #7240 ) ;
#495 = EDGE_CURVE ( 'NONE', #6640, #9305, #1585, .T. ) ;
#496 = EDGE_LOOP ( 'NONE', ( #6172, #9452, #1763, #8459, #3614, #7426, #9801, #7174 ) ) ;
#497 = PLANE ( 'NONE',  #3975 ) ;
#498 = COLOUR_RGB ( '',0.2509803921568627416, 0.2509803921568627416, 0.2509803921568627416 ) ;
#499 = CARTESIAN_POINT ( 'NONE',  ( -3.559999999999999165, -4.674999999999999822, -4.250000000000000888 ) ) ;
#500 = EDGE_CURVE ( 'NONE', #515, #4770, #7774, .T. ) ;
#501 = AXIS2_PLACEMENT_3D ( 'NONE', #8312, #5858, #7507 ) ;
#502 = LINE ( 'NONE', #56, #6306 ) ;
#503 = CARTESIAN_POINT ( 'NONE',  ( 9.490000000000000213, -1.374999999999999556, -4.039106398383939478 ) ) ;
#504 = CARTESIAN_POINT ( 'NONE',  ( -4.410000000000001030, 0.06318885240105015511, 3.947195844781839824 ) ) ;
#505 = ORIENTED_EDGE ( 'NONE', *, *, #556, .T. ) ;
#506 = VERTEX_POINT ( 'NONE', #1646 ) ;
#507 = AXIS2_PLACEMENT_3D ( 'NONE', #1245, #2883, #3748 ) ;
#508 = AXIS2_PLACEMENT_3D ( 'NONE', #4943, #6560, #2385 ) ;
#509 = DIRECTION ( 'NONE',  ( 0.000000000000000000, 1.000000000000000000, 0.000000000000000000 ) ) ;
#510 = FACE_OUTER_BOUND ( 'NONE', #8365, .T. ) ;
#511 = FILL_AREA_STYLE_COLOUR ( '', #839 ) ;
#512 = ORIENTED_EDGE ( 'NONE', *, *, #3224, .T. ) ;
#513 = ORIENTED_EDGE ( 'NONE', *, *, #9522, .F. ) ;
#514 = CARTESIAN_POINT ( 'NONE',  ( 9.490000000000000213, -1.374999999999999556, -3.823497185254835173 ) ) ;
#515 = VERTEX_POINT ( 'NONE', #869 ) ;
#516 = VERTEX_POINT ( 'NONE', #5680 ) ;
#517 = DIRECTION ( 'NONE',  ( -1.000000000000000000, -0.000000000000000000, -0.000000000000000000 ) ) ;
#518 = FACE_OUTER_BOUND ( 'NONE', #9142, .T. ) ;
#519 = AXIS2_PLACEMENT_3D ( 'NONE', #10342, #3952, #8727 ) ;
#520 = FACE_OUTER_BOUND ( 'NONE', #1424, .T. ) ;
#521 = CARTESIAN_POINT ( 'NONE',  ( 6.600000000000001421, 0.06318885240105015511, -3.947195844781839824 ) ) ;
#522 = AXIS2_PLACEMENT_3D ( 'NONE', #1668, #2491, #5001 ) ;
#524 = ORIENTED_EDGE ( 'NONE', *, *, #1483, .T. ) ;
#523 = FILL_AREA_STYLE ('',( #6263 ) ) ;
#525 = CARTESIAN_POINT ( 'NONE',  ( 5.750000000000000000, -0.1568111475989498460, 3.745646205093807080 ) ) ;
#526 =( NAMED_UNIT ( * ) PLANE_ANGLE_UNIT ( ) SI_UNIT ( $, .RADIAN. ) );
#527 = ADVANCED_FACE ( 'NONE', ( #2471 ), #8897, .F. ) ;
#528 = EDGE_LOOP ( 'NONE', ( #6581, #3207, #8619, #4940, #1855, #12, #1752, #2543, #6013, #9232 ) ) ;
#529 = FILL_AREA_STYLE ('',( #7736 ) ) ;
#530 = CARTESIAN_POINT ( 'NONE',  ( 3.209999999999999964, -0.1599999999999999756, -3.695747996505077904 ) ) ;
#531 = LINE ( 'NONE', #1516, #6460 ) ;
#532 = FACE_OUTER_BOUND ( 'NONE', #7797, .T. ) ;
#533 = CARTESIAN_POINT ( 'NONE',  ( 6.100000000000001421, -4.674999999999999822, -4.250000000000000888 ) ) ;
#534 = VERTEX_POINT ( 'NONE', #62 ) ;
#535 = STYLED_ITEM ( 'NONE', ( #7069 ), #2633 ) ;
#536 = VECTOR ( 'NONE', #7770, 1000.000000000000000 ) ;
#537 = PLANE ( 'NONE',  #6775 ) ;
#538 = PLANE ( 'NONE',  #10019 ) ;
#539 = UNCERTAINTY_MEASURE_WITH_UNIT (LENGTH_MEASURE( 1.000000000000000082E-05 ), #4105, 'distance_accuracy_value', 'NONE');
#540 = ADVANCED_FACE ( 'NONE', ( #7030 ), #10379, .F. ) ;
#541 = CARTESIAN_POINT ( 'NONE',  ( 8.290000000000000924, 0.06318885240105015511, 3.947195844781839824 ) ) ;
#542 = FACE_OUTER_BOUND ( 'NONE', #6318, .T. ) ;
#543 = EDGE_CURVE ( 'NONE', #6879, #3201, #357, .T. ) ;
#544 = CYLINDRICAL_SURFACE ( 'NONE', #1280, 0.05000000000000012768 ) ;
#545 = DIRECTION ( 'NONE',  ( -0.2197618659596110857, 0.9755535465928817374, 0.000000000000000000 ) ) ;
#546 =( NAMED_UNIT ( * ) SI_UNIT ( $, .STERADIAN. ) SOLID_ANGLE_UNIT ( ) );
#547 = ORIENTED_EDGE ( 'NONE', *, *, #495, .F. ) ;
#548 =( GEOMETRIC_REPRESENTATION_CONTEXT ( 3 ) GLOBAL_UNCERTAINTY_ASSIGNED_CONTEXT ( ( #9392 ) ) GLOBAL_UNIT_ASSIGNED_CONTEXT ( ( #4548, #7791, #10193 ) ) REPRESENTATION_CONTEXT ( 'NONE', 'WORKASPACE' ) );
#549 = DIRECTION ( 'NONE',  ( 1.000000000000000000, 0.000000000000000000, -0.000000000000000000 ) ) ;
#550 = FILL_AREA_STYLE ('',( #4663 ) ) ;
#551 = FACE_OUTER_BOUND ( 'NONE', #9647, .T. ) ;
#552 = CARTESIAN_POINT ( 'NONE',  ( 3.209999999999999964, -0.1568111475989498460, 3.745646205093807080 ) ) ;
#553 = DIRECTION ( 'NONE',  ( 1.000000000000000000, 0.000000000000000000, 0.000000000000000000 ) ) ;
#554 = STYLED_ITEM ( 'NONE', ( #8657 ), #6692 ) ;
#555 = ORIENTED_EDGE ( 'NONE', *, *, #8444, .T. ) ;
#556 = EDGE_CURVE ( 'NONE', #9826, #5815, #2863, .T. ) ;
#557 = ORIENTED_EDGE ( 'NONE', *, *, #3184, .F. ) ;
#558 = DIRECTION ( 'NONE',  ( -0.000000000000000000, -0.000000000000000000, 1.000000000000000000 ) ) ;
#559 = FILL_AREA_STYLE ('',( #2158 ) ) ;
#560 = VECTOR ( 'NONE', #1049, 1000.000000000000000 ) ;
#561 = EDGE_CURVE ( 'NONE', #3137, #734, #9931, .T. ) ;
#562 = FILL_AREA_STYLE ('',( #3784 ) ) ;
#563 = PRESENTATION_LAYER_ASSIGNMENT (  '', '', ( #7446 ) ) ;
#564 = EDGE_CURVE ( 'NONE', #4791, #3396, #6527, .T. ) ;
#565 = ORIENTED_EDGE ( 'NONE', *, *, #7027, .F. ) ;
#566 = DIRECTION ( 'NONE',  ( 0.000000000000000000, -0.000000000000000000, 1.000000000000000000 ) ) ;
#567 = SURFACE_SIDE_STYLE ('',( #9129 ) ) ;
#568 = ORIENTED_EDGE ( 'NONE', *, *, #2830, .F. ) ;
#569 = CARTESIAN_POINT ( 'NONE',  ( -5.750000000000000000, -0.1100000000000000006, 3.695747996505077460 ) ) ;
#570 = ORIENTED_EDGE ( 'NONE', *, *, #966, .T. ) ;
#571 = STYLED_ITEM ( 'NONE', ( #6335 ), #8130 ) ;
#572 = DIRECTION ( 'NONE',  ( -0.000000000000000000, 1.000000000000000000, 0.000000000000000000 ) ) ;
#573 = DIRECTION ( 'NONE',  ( 0.000000000000000000, 0.000000000000000000, -1.000000000000000000 ) ) ;
#574 =( GEOMETRIC_REPRESENTATION_CONTEXT ( 3 ) GLOBAL_UNCERTAINTY_ASSIGNED_CONTEXT ( ( #943 ) ) GLOBAL_UNIT_ASSIGNED_CONTEXT ( ( #3551, #5914, #1832 ) ) REPRESENTATION_CONTEXT ( 'NONE', 'WORKASPACE' ) );
#575 = LINE ( 'NONE', #4965, #4081 ) ;
#576 = SURFACE_SIDE_STYLE ('',( #10388 ) ) ;
#577 = FILL_AREA_STYLE ('',( #3271 ) ) ;
#578 = DIRECTION ( 'NONE',  ( -0.000000000000000000, 0.9979641717745812990, -0.06377704802100912784 ) ) ;
#579 = ORIENTED_EDGE ( 'NONE', *, *, #1749, .F. ) ;
#580 = ADVANCED_FACE ( 'NONE', ( #4360 ), #8859, .T. ) ;
#581 = CYLINDRICAL_SURFACE ( 'NONE', #9553, 0.04999999999999969746 ) ;
#582 = CARTESIAN_POINT ( 'NONE',  ( 4.338063832607382153, -1.374999999999998890, -4.250000000000000888 ) ) ;
#583 = VECTOR ( 'NONE', #339, 1000.000000000000000 ) ;
#584 =( LENGTH_UNIT ( ) NAMED_UNIT ( * ) SI_UNIT ( .MILLI., .METRE. ) );
#585 = AXIS2_PLACEMENT_3D ( 'NONE', #3139, #3173, #3075 ) ;
#586 = DIRECTION ( 'NONE',  ( 0.2193360129683985527, 0.9736631258226969843, 0.06222403738348480234 ) ) ;
#587 = CARTESIAN_POINT ( 'NONE',  ( -8.290000000000000924, -1.055665328710549522, 3.803089415876315993 ) ) ;
#588 = ORIENTED_EDGE ( 'NONE', *, *, #4996, .F. ) ;
#589 = ADVANCED_FACE ( 'NONE', ( #10296 ), #6538, .F. ) ;
#590 = SURFACE_STYLE_FILL_AREA ( #6919 ) ;
#591 = CARTESIAN_POINT ( 'NONE',  ( -8.290000000000000924, -0.1568111475989498460, -3.745646205093807080 ) ) ;
#592 = CARTESIAN_POINT ( 'NONE',  ( -9.207097143600909916, 0.5749999999999999556, 0.5241992011858075395 ) ) ;
#593 = DIRECTION ( 'NONE',  ( 0.000000000000000000, -0.9979641717745810769, -0.06377704802100964132 ) ) ;
#594 = ORIENTED_EDGE ( 'NONE', *, *, #1818, .T. ) ;
#595 = PRESENTATION_LAYER_ASSIGNMENT (  '', '', ( #456 ) ) ;
#596 = PRESENTATION_STYLE_ASSIGNMENT (( #3015 ) ) ;
#597 = ORIENTED_EDGE ( 'NONE', *, *, #4393, .T. ) ;
#598 =( GEOMETRIC_REPRESENTATION_CONTEXT ( 3 ) GLOBAL_UNCERTAINTY_ASSIGNED_CONTEXT ( ( #4196 ) ) GLOBAL_UNIT_ASSIGNED_CONTEXT ( ( #2825, #2037, #4508 ) ) REPRESENTATION_CONTEXT ( 'NONE', 'WORKASPACE' ) );
#599 = DIRECTION ( 'NONE',  ( 0.000000000000000000, 0.000000000000000000, -1.000000000000000000 ) ) ;
#600 =( NAMED_UNIT ( * ) SI_UNIT ( $, .STERADIAN. ) SOLID_ANGLE_UNIT ( ) );
#601 = FACE_OUTER_BOUND ( 'NONE', #7897, .T. ) ;
#602 = SURFACE_STYLE_USAGE ( .BOTH. , #1455 ) ;
#603 = VECTOR ( 'NONE', #5573, 1000.000000000000000 ) ;
#604 = CARTESIAN_POINT ( 'NONE',  ( -0.6700000000000004841, 0.06000000000000001166, -3.897297636193110648 ) ) ;
#605 = ORIENTED_EDGE ( 'NONE', *, *, #3162, .T. ) ;
#606 = CARTESIAN_POINT ( 'NONE',  ( 4.410000000000000142, -0.1100000000000000006, -3.550000000000000266 ) ) ;
#607 = VERTEX_POINT ( 'NONE', #1715 ) ;
#608 = ORIENTED_EDGE ( 'NONE', *, *, #905, .F. ) ;
#609 = VECTOR ( 'NONE', #4510, 1000.000000000000000 ) ;
#610 = MANIFOLD_SOLID_BREP ( 'Cut-Extrude2[11]', #875 ) ;
#611 = FILL_AREA_STYLE_COLOUR ( '', #3058 ) ;
#612 = PRESENTATION_LAYER_ASSIGNMENT (  '', '', ( #6215 ) ) ;
#613 = LINE ( 'NONE', #10284, #9307 ) ;
#614 = EDGE_CURVE ( 'NONE', #5520, #10313, #3462, .T. ) ;
#615 = ORIENTED_EDGE ( 'NONE', *, *, #2892, .F. ) ;
#616 = ORIENTED_EDGE ( 'NONE', *, *, #2906, .F. ) ;
#617 = SURFACE_SIDE_STYLE ('',( #2664 ) ) ;
#618 = EDGE_CURVE ( 'NONE', #3654, #5796, #5499, .T. ) ;
#619 = CARTESIAN_POINT ( 'NONE',  ( -1.870000000000000107, -0.1599999999999999756, 3.695747996505077904 ) ) ;
#620 = CYLINDRICAL_SURFACE ( 'NONE', #8454, 0.05000000000000012768 ) ;
#621 = SURFACE_SIDE_STYLE ('',( #5155 ) ) ;
#622 = DIRECTION ( 'NONE',  ( 0.000000000000000000, 0.000000000000000000, -1.000000000000000000 ) ) ;
#623 = ORIENTED_EDGE ( 'NONE', *, *, #9385, .T. ) ;
#624 = VERTEX_POINT ( 'NONE', #7478 ) ;
#625 =( GEOMETRIC_REPRESENTATION_CONTEXT ( 3 ) GLOBAL_UNCERTAINTY_ASSIGNED_CONTEXT ( ( #2589 ) ) GLOBAL_UNIT_ASSIGNED_CONTEXT ( ( #9659, #4833, #6386 ) ) REPRESENTATION_CONTEXT ( 'NONE', 'WORKASPACE' ) );
#626 = CARTESIAN_POINT ( 'NONE',  ( -9.115000000000000213, -1.374999999999999556, -4.250000000000000888 ) ) ;
#627 =( NAMED_UNIT ( * ) SI_UNIT ( $, .STERADIAN. ) SOLID_ANGLE_UNIT ( ) );
#628 = ADVANCED_FACE ( 'NONE', ( #10163 ), #9546, .F. ) ;
#629 = PRESENTATION_LAYER_ASSIGNMENT (  '', '', ( #3316 ) ) ;
#630 = CARTESIAN_POINT ( 'NONE',  ( 1.870000000000000107, 0.06000000000000001166, -3.897297636193110648 ) ) ;
#631 =( LENGTH_UNIT ( ) NAMED_UNIT ( * ) SI_UNIT ( .MILLI., .METRE. ) );
#632 = CARTESIAN_POINT ( 'NONE',  ( 4.410000000000001030, -1.055665328710549522, 4.018698629005420742 ) ) ;
#633 = EDGE_CURVE ( 'NONE', #4800, #5642, #3099, .T. ) ;
#634 = SURFACE_STYLE_FILL_AREA ( #3093 ) ;
#635 = DIRECTION ( 'NONE',  ( 0.000000000000000000, 0.000000000000000000, 1.000000000000000000 ) ) ;
#636 = LINE ( 'NONE', #6627, #8958 ) ;
#637 = ORIENTED_EDGE ( 'NONE', *, *, #5274, .F. ) ;
#638 = ORIENTED_EDGE ( 'NONE', *, *, #2216, .F. ) ;
#639 = ORIENTED_EDGE ( 'NONE', *, *, #7422, .T. ) ;
#640 = CARTESIAN_POINT ( 'NONE',  ( -6.949999999999999289, -0.1568111475989498460, 3.745646205093807080 ) ) ;
#641 = PLANE ( 'NONE',  #10384 ) ;
#642 = EDGE_CURVE ( 'NONE', #6610, #1632, #8790, .T. ) ;
#643 = FILL_AREA_STYLE ('',( #5390 ) ) ;
#644 = LINE ( 'NONE', #9683, #8966 ) ;
#645 = ADVANCED_FACE ( 'NONE', ( #5757 ), #5218, .F. ) ;
#646 = VECTOR ( 'NONE', #5882, 1000.000000000000000 ) ;
#647 = LINE ( 'NONE', #918, #8971 ) ;
#648 = DIRECTION ( 'NONE',  ( -1.000000000000000000, -0.000000000000000000, 0.000000000000000000 ) ) ;
#649 = ORIENTED_EDGE ( 'NONE', *, *, #4239, .F. ) ;
#650 = AXIS2_PLACEMENT_3D ( 'NONE', #3398, #5853, #1027 ) ;
#651 = ORIENTED_EDGE ( 'NONE', *, *, #9071, .F. ) ;
#652 = DIRECTION ( 'NONE',  ( 0.000000000000000000, 0.000000000000000000, 1.000000000000000000 ) ) ;
#653 =( NAMED_UNIT ( * ) PLANE_ANGLE_UNIT ( ) SI_UNIT ( $, .RADIAN. ) );
#654 = DIRECTION ( 'NONE',  ( 1.000000000000000000, 0.000000000000000000, 0.000000000000000000 ) ) ;
#655 = VECTOR ( 'NONE', #10237, 1000.000000000000000 ) ;
#656 = CARTESIAN_POINT ( 'NONE',  ( -9.115000000000000213, -4.674999999999999822, 4.249999999999999112 ) ) ;
#657 = DIRECTION ( 'NONE',  ( -0.000000000000000000, 1.000000000000000000, 4.022841720910280989E-15 ) ) ;
#658 = LINE ( 'NONE', #9806, #8463 ) ;
#659 = FILL_AREA_STYLE ('',( #3037 ) ) ;
#660 = SURFACE_SIDE_STYLE ('',( #8557 ) ) ;
#662 = DIRECTION ( 'NONE',  ( 0.000000000000000000, 0.000000000000000000, -1.000000000000000000 ) ) ;
#661 = FILL_AREA_STYLE ('',( #3105 ) ) ;
#663 = VERTEX_POINT ( 'NONE', #6612 ) ;
#664 = EDGE_LOOP ( 'NONE', ( #8758, #5744, #8135, #3352 ) ) ;
#665 = PRESENTATION_LAYER_ASSIGNMENT (  '', '', ( #1851 ) ) ;
#666 =( GEOMETRIC_REPRESENTATION_CONTEXT ( 3 ) GLOBAL_UNCERTAINTY_ASSIGNED_CONTEXT ( ( #9964 ) ) GLOBAL_UNIT_ASSIGNED_CONTEXT ( ( #3658, #2862, #7111 ) ) REPRESENTATION_CONTEXT ( 'NONE', 'WORKASPACE' ) );
#667 = DIRECTION ( 'NONE',  ( 0.000000000000000000, 0.9979641717745812990, -0.06377704802100914172 ) ) ;
#668 = DIRECTION ( 'NONE',  ( -0.000000000000000000, 1.000000000000000000, -0.000000000000000000 ) ) ;
#669 = CARTESIAN_POINT ( 'NONE',  ( -6.949999999999999289, -0.1100000000000000006, 3.550000000000000266 ) ) ;
#670 = EDGE_LOOP ( 'NONE', ( #3583, #5308, #827, #6406 ) ) ;
#671 = SURFACE_STYLE_FILL_AREA ( #6165 ) ;
#672 = DIRECTION ( 'NONE',  ( 1.000000000000000000, 0.000000000000000000, 0.000000000000000000 ) ) ;
#673 = CARTESIAN_POINT ( 'NONE',  ( -6.099999999999999645, -4.675000000000000711, 4.034390786870893919 ) ) ;
#674 = CARTESIAN_POINT ( 'NONE',  ( 5.750000000000000000, 0.06318885240105015511, 3.947195844781839824 ) ) ;
#675 = DIRECTION ( 'NONE',  ( -1.000000000000000000, -0.000000000000000000, -0.000000000000000000 ) ) ;
#676 = UNCERTAINTY_MEASURE_WITH_UNIT (LENGTH_MEASURE( 1.000000000000000082E-05 ), #3646, 'distance_accuracy_value', 'NONE');
#677 = COLOUR_RGB ( '',0.7529411764705882248, 0.7529411764705882248, 0.7529411764705882248 ) ;
#678 = AXIS2_PLACEMENT_3D ( 'NONE', #7011, #8476, #9296 ) ;
#679 = ORIENTED_EDGE ( 'NONE', *, *, #4457, .F. ) ;
#680 = LINE ( 'NONE', #6139, #8999 ) ;
#681 = SURFACE_STYLE_FILL_AREA ( #3131 ) ;
#682 = CARTESIAN_POINT ( 'NONE',  ( 1.870000000000000107, 0.06318885240105015511, -3.947195844781839824 ) ) ;
#683 = EDGE_LOOP ( 'NONE', ( #1928, #990, #4967, #1498 ) ) ;
#684 = DIRECTION ( 'NONE',  ( 0.000000000000000000, 1.000000000000000000, -0.000000000000000000 ) ) ;
#685 = EDGE_CURVE ( 'NONE', #5037, #794, #1454, .T. ) ;
#686 = PRESENTATION_STYLE_ASSIGNMENT (( #3059 ) ) ;
#687 = ADVANCED_FACE ( 'NONE', ( #227 ), #5389, .F. ) ;
#688 = EDGE_CURVE ( 'NONE', #6350, #4014, #7637, .T. ) ;
#689 = VECTOR ( 'NONE', #6011, 1000.000000000000000 ) ;
#690 =( LENGTH_UNIT ( ) NAMED_UNIT ( * ) SI_UNIT ( .MILLI., .METRE. ) );
#691 = CARTESIAN_POINT ( 'NONE',  ( -1.519999999999999574, -1.374999999999999112, 4.039106398383937702 ) ) ;
#692 = CARTESIAN_POINT ( 'NONE',  ( 0.6700000000000004841, -0.1599999999999999756, -3.695747996505077904 ) ) ;
#693 = ORIENTED_EDGE ( 'NONE', *, *, #2366, .F. ) ;
#694 = DIRECTION ( 'NONE',  ( 0.000000000000000000, 0.000000000000000000, -1.000000000000000000 ) ) ;
#695 = FILL_AREA_STYLE ('',( #2958 ) ) ;
#696 = STYLED_ITEM ( 'NONE', ( #5999 ), #4522 ) ;
#697 = DIRECTION ( 'NONE',  ( 0.000000000000000000, 1.000000000000000000, 0.000000000000000000 ) ) ;
#698 = DIRECTION ( 'NONE',  ( -0.000000000000000000, 1.000000000000000000, -0.000000000000000000 ) ) ;
#699 = VERTEX_POINT ( 'NONE', #4431 ) ;
#701 = DIRECTION ( 'NONE',  ( -1.000000000000000000, -0.000000000000000000, -0.000000000000000000 ) ) ;
#700 = CARTESIAN_POINT ( 'NONE',  ( 0.000000000000000000, 0.000000000000000000, 0.000000000000000000 ) ) ;
#702 = FILL_AREA_STYLE ('',( #2188 ) ) ;
#703 = AXIS2_PLACEMENT_3D ( 'NONE', #6980, #5347, #10278 ) ;
#704 = LINE ( 'NONE', #5732, #8491 ) ;
#705 = ADVANCED_FACE ( 'NONE', ( #9803 ), #2988, .T. ) ;
#706 = EDGE_CURVE ( 'NONE', #3879, #7982, #3977, .T. ) ;
#707 = DIRECTION ( 'NONE',  ( 0.000000000000000000, 0.000000000000000000, -1.000000000000000000 ) ) ;
#708 = SURFACE_STYLE_USAGE ( .BOTH. , #7118 ) ;
#709 = DIRECTION ( 'NONE',  ( 0.000000000000000000, 0.9979641717745810769, 0.06377704802100964132 ) ) ;
#710 = ORIENTED_EDGE ( 'NONE', *, *, #1197, .T. ) ;
#711 = DIRECTION ( 'NONE',  ( 0.2193360129683985527, 0.9736631258226969843, 0.06222403738348480234 ) ) ;
#712 = EDGE_CURVE ( 'NONE', #2561, #534, #3218, .T. ) ;
#713 = CARTESIAN_POINT ( 'NONE',  ( 9.490000000000000213, -4.674999999999999822, 4.249999999999999112 ) ) ;
#714 = STYLED_ITEM ( 'NONE', ( #48 ), #5970 ) ;
#715 = LINE ( 'NONE', #4187, #9028 ) ;
#716 = CARTESIAN_POINT ( 'NONE',  ( 5.567812261714685462, -0.2469085707813085118, -3.967013287941472122 ) ) ;
#717 = AXIS2_PLACEMENT_3D ( 'NONE', #340, #3572, #5867 ) ;
#718 = VECTOR ( 'NONE', #8393, 1000.000000000000000 ) ;
#719 = CARTESIAN_POINT ( 'NONE',  ( -9.207097143600909916, 0.7750000000000000222, -0.5241992011858084277 ) ) ;
#720 = ORIENTED_EDGE ( 'NONE', *, *, #6628, .F. ) ;
#721 =( NAMED_UNIT ( * ) SI_UNIT ( $, .STERADIAN. ) SOLID_ANGLE_UNIT ( ) );
#722 = LINE ( 'NONE', #9442, #6764 ) ;
#723 = CARTESIAN_POINT ( 'NONE',  ( 4.338063832607382153, -1.374999999999998890, -4.250000000000000888 ) ) ;
#724 = LINE ( 'NONE', #8979, #1575 ) ;
#725 = ORIENTED_EDGE ( 'NONE', *, *, #2022, .T. ) ;
#726 =( NAMED_UNIT ( * ) SI_UNIT ( $, .STERADIAN. ) SOLID_ANGLE_UNIT ( ) );
#727 =( NAMED_UNIT ( * ) SI_UNIT ( $, .STERADIAN. ) SOLID_ANGLE_UNIT ( ) );
#728 = COLOUR_RGB ( '',0.7529411764705882248, 0.7529411764705882248, 0.7529411764705882248 ) ;
#729 = CARTESIAN_POINT ( 'NONE',  ( 0.6700000000000004841, 0.1100000000000000006, -3.550000000000000266 ) ) ;
#730 = AXIS2_PLACEMENT_3D ( 'NONE', #9934, #9871, #9059 ) ;
#731 = LINE ( 'NONE', #10100, #7525 ) ;
#732 = DIRECTION ( 'NONE',  ( 0.000000000000000000, 0.000000000000000000, -1.000000000000000000 ) ) ;
#733 = FILL_AREA_STYLE ('',( #8012 ) ) ;
#734 = VERTEX_POINT ( 'NONE', #8596 ) ;
#735 = ORIENTED_EDGE ( 'NONE', *, *, #10409, .F. ) ;
#736 = UNCERTAINTY_MEASURE_WITH_UNIT (LENGTH_MEASURE( 1.000000000000000082E-05 ), #8948, 'distance_accuracy_value', 'NONE');
#737 = VERTEX_POINT ( 'NONE', #8559 ) ;
#738 = VECTOR ( 'NONE', #3873, 1000.000000000000000 ) ;
#739 = DIRECTION ( 'NONE',  ( 0.000000000000000000, 1.000000000000000000, 0.000000000000000000 ) ) ;
#740 = DIRECTION ( 'NONE',  ( -0.000000000000000000, -0.000000000000000000, 1.000000000000000000 ) ) ;
#741 = ADVANCED_FACE ( 'NONE', ( #4878 ), #538, .T. ) ;
#742 =( GEOMETRIC_REPRESENTATION_CONTEXT ( 3 ) GLOBAL_UNCERTAINTY_ASSIGNED_CONTEXT ( ( #1558 ) ) GLOBAL_UNIT_ASSIGNED_CONTEXT ( ( #1133, #7581, #2757 ) ) REPRESENTATION_CONTEXT ( 'NONE', 'WORKASPACE' ) );
#743 = CARTESIAN_POINT ( 'NONE',  ( -10.00000000000000000, 0.1100000000000000006, -3.549999999999999378 ) ) ;
#744 = DIRECTION ( 'NONE',  ( 2.443272501375784959E-16, 0.000000000000000000, 1.000000000000000000 ) ) ;
#745 = ORIENTED_EDGE ( 'NONE', *, *, #6963, .F. ) ;
#746 = LINE ( 'NONE', #4122, #8541 ) ;
#747 = DIRECTION ( 'NONE',  ( -0.000000000000000000, 1.000000000000000000, 0.000000000000000000 ) ) ;
#748 = ORIENTED_EDGE ( 'NONE', *, *, #8027, .T. ) ;
#749 = FACE_OUTER_BOUND ( 'NONE', #402, .T. ) ;
#750 = MANIFOLD_SOLID_BREP ( 'Cut-Extrude2[12]', #7252 ) ;
#751 = LINE ( 'NONE', #8826, #6422 ) ;
#752 = PLANE ( 'NONE',  #6574 ) ;
#753 = EDGE_CURVE ( 'NONE', #7925, #2903, #212, .T. ) ;
#754 = CARTESIAN_POINT ( 'NONE',  ( 0.6700000000000004841, -1.055665328710549522, -4.018698629005419853 ) ) ;
#755 = ADVANCED_FACE ( 'NONE', ( #2073 ), #9732, .F. ) ;
#756 = ORIENTED_EDGE ( 'NONE', *, *, #6766, .T. ) ;
#757 = DIRECTION ( 'NONE',  ( -0.000000000000000000, 0.9979641717745811880, 0.06377704802100964132 ) ) ;
#758 = AXIS2_PLACEMENT_3D ( 'NONE', #10133, #6880, #2053 ) ;
#759 = VERTEX_POINT ( 'NONE', #49 ) ;
#760 = DIRECTION ( 'NONE',  ( 0.000000000000000000, 1.000000000000000000, 0.000000000000000000 ) ) ;
#761 = LINE ( 'NONE', #2328, #8057 ) ;
#762 =( NAMED_UNIT ( * ) PLANE_ANGLE_UNIT ( ) SI_UNIT ( $, .RADIAN. ) );
#763 = AXIS2_PLACEMENT_3D ( 'NONE', #2703, #6023, #6884 ) ;
#764 = PLANE ( 'NONE',  #6908 ) ;
#765 = DIRECTION ( 'NONE',  ( -1.000000000000000000, -0.000000000000000000, 0.000000000000000000 ) ) ;
#766 = ORIENTED_EDGE ( 'NONE', *, *, #3708, .T. ) ;
#767 = VERTEX_POINT ( 'NONE', #118 ) ;
#768 = EDGE_CURVE ( 'NONE', #2566, #6114, #971, .T. ) ;
#769 = DIRECTION ( 'NONE',  ( 2.443272501375784959E-16, -0.000000000000000000, 1.000000000000000000 ) ) ;
#770 = CARTESIAN_POINT ( 'NONE',  ( 1.020000000000000018, -1.374999999999998890, -4.250000000000000888 ) ) ;
#771 = DIRECTION ( 'NONE',  ( 0.000000000000000000, -1.000000000000000000, 0.000000000000000000 ) ) ;
#772 = LINE ( 'NONE', #4622, #1990 ) ;
#773 = EDGE_CURVE ( 'NONE', #1038, #9482, #6519, .T. ) ;
#774 = AXIS2_PLACEMENT_3D ( 'NONE', #1601, #8132, #6529 ) ;
#775 = EDGE_CURVE ( 'NONE', #5877, #1508, #4994, .T. ) ;
#776 = LINE ( 'NONE', #1272, #5161 ) ;
#777 = VERTEX_POINT ( 'NONE', #3264 ) ;
#778 = DIRECTION ( 'NONE',  ( 0.000000000000000000, 0.000000000000000000, -1.000000000000000000 ) ) ;
#779 = CARTESIAN_POINT ( 'NONE',  ( 5.750000000000000000, 0.1100000000000000006, 3.550000000000000266 ) ) ;
#780 = ORIENTED_EDGE ( 'NONE', *, *, #9205, .F. ) ;
#781 = DIRECTION ( 'NONE',  ( -1.000000000000000000, -0.000000000000000000, -0.000000000000000000 ) ) ;
#782 = PLANE ( 'NONE',  #3370 ) ;
#783 =( GEOMETRIC_REPRESENTATION_CONTEXT ( 3 ) GLOBAL_UNCERTAINTY_ASSIGNED_CONTEXT ( ( #2273 ) ) GLOBAL_UNIT_ASSIGNED_CONTEXT ( ( #4624, #7076, #10338 ) ) REPRESENTATION_CONTEXT ( 'NONE', 'WORKASPACE' ) );
#784 = PLANE ( 'NONE',  #8397 ) ;
#785 = VECTOR ( 'NONE', #4558, 1000.000000000000000 ) ;
#786 = VECTOR ( 'NONE', #3329, 1000.000000000000000 ) ;
#787 = SURFACE_STYLE_USAGE ( .BOTH. , #1500 ) ;
#788 = ORIENTED_EDGE ( 'NONE', *, *, #7683, .F. ) ;
#789 = ORIENTED_EDGE ( 'NONE', *, *, #6853, .T. ) ;
#790 = CARTESIAN_POINT ( 'NONE',  ( -4.059999999999999609, -1.374999999999998890, -4.250000000000000888 ) ) ;
#791 = FACE_OUTER_BOUND ( 'NONE', #2400, .T. ) ;
#792 = PRESENTATION_LAYER_ASSIGNMENT (  '', '', ( #4546 ) ) ;
#793 = CARTESIAN_POINT ( 'NONE',  ( -0.6700000000000004841, -1.055665328710553519, 3.897297636193110648 ) ) ;
#794 = VERTEX_POINT ( 'NONE', #8068 ) ;
#795 = DIRECTION ( 'NONE',  ( 0.000000000000000000, 0.000000000000000000, 1.000000000000000000 ) ) ;
#796 = UNCERTAINTY_MEASURE_WITH_UNIT (LENGTH_MEASURE( 1.000000000000000082E-05 ), #3913, 'distance_accuracy_value', 'NONE');
#797 = CARTESIAN_POINT ( 'NONE',  ( -3.210000000000000853, -0.1100000000000000006, 3.550000000000000266 ) ) ;
#798 = DIRECTION ( 'NONE',  ( -0.000000000000000000, -0.000000000000000000, 1.000000000000000000 ) ) ;
#799 = COLOUR_RGB ( '',0.7921568627450980005, 0.8196078431372548767, 0.9333333333333333481 ) ;
#800 = FILL_AREA_STYLE ('',( #4591 ) ) ;
#801 = LINE ( 'NONE', #2717, #4048 ) ;
#802 = DIRECTION ( 'NONE',  ( -0.000000000000000000, -1.000000000000000000, -0.000000000000000000 ) ) ;
#803 = SURFACE_STYLE_FILL_AREA ( #193 ) ;
#804 = AXIS2_PLACEMENT_3D ( 'NONE', #6454, #1666, #9695 ) ;
#805 = ADVANCED_FACE ( 'NONE', ( #3089 ), #5597, .F. ) ;
#806 = AXIS2_PLACEMENT_3D ( 'NONE', #7484, #5909, #9218 ) ;
#807 = ORIENTED_EDGE ( 'NONE', *, *, #3164, .T. ) ;
#808 = UNCERTAINTY_MEASURE_WITH_UNIT (LENGTH_MEASURE( 1.000000000000000082E-05 ), #10274, 'distance_accuracy_value', 'NONE');
#809 = SURFACE_SIDE_STYLE ('',( #1820 ) ) ;
#810 = CARTESIAN_POINT ( 'NONE',  ( 5.821936167392620654, -1.374999999999998890, -4.250000000000000888 ) ) ;
#811 = VECTOR ( 'NONE', #2317, 1000.000000000000000 ) ;
#812 = COLOUR_RGB ( '',0.7921568627450980005, 0.8196078431372548767, 0.9333333333333333481 ) ;
#813 = DIRECTION ( 'NONE',  ( -0.000000000000000000, -0.000000000000000000, 1.000000000000000000 ) ) ;
#814 = CARTESIAN_POINT ( 'NONE',  ( 4.410000000000000142, 0.1100000000000000006, -3.550000000000000266 ) ) ;
#815 = FACE_OUTER_BOUND ( 'NONE', #6565, .T. ) ;
#816 = ORIENTED_EDGE ( 'NONE', *, *, #10337, .F. ) ;
#817 = SURFACE_STYLE_USAGE ( .BOTH. , #2520 ) ;
#818 = PLANE ( 'NONE',  #8866 ) ;
#819 = ORIENTED_EDGE ( 'NONE', *, *, #8036, .F. ) ;
#820 = EDGE_CURVE ( 'NONE', #5256, #5036, #2334, .T. ) ;
#821 = FILL_AREA_STYLE_COLOUR ( '', #5690 ) ;
#822 = SURFACE_SIDE_STYLE ('',( #7506 ) ) ;
#823 = LINE ( 'NONE', #2727, #10136 ) ;
#824 = DIRECTION ( 'NONE',  ( -0.2193360129683985527, 0.9736631258226969843, -0.06222403738348480234 ) ) ;
#825 = EDGE_CURVE ( 'NONE', #8664, #2905, #3845, .T. ) ;
#826 = CARTESIAN_POINT ( 'NONE',  ( -5.750000000000000000, -0.1599999999999999756, -3.695747996505077904 ) ) ;
#827 = ORIENTED_EDGE ( 'NONE', *, *, #6717, .F. ) ;
#828 = LINE ( 'NONE', #3001, #2580 ) ;
#829 = FILL_AREA_STYLE ('',( #3202 ) ) ;
#830 = DIRECTION ( 'NONE',  ( 0.000000000000000000, -0.06377704802100965520, 0.9979641717745812990 ) ) ;
#831 = VECTOR ( 'NONE', #5802, 1000.000000000000114 ) ;
#832 = FACE_OUTER_BOUND ( 'NONE', #6842, .T. ) ;
#833 = SURFACE_SIDE_STYLE ('',( #291 ) ) ;
#834 = CARTESIAN_POINT ( 'NONE',  ( 6.600000000000001421, -1.374999999999998890, -3.823497185254834729 ) ) ;
#835 = EDGE_CURVE ( 'NONE', #5920, #8019, #1444, .T. ) ;
#836 = CARTESIAN_POINT ( 'NONE',  ( -1.019999999999999130, -1.374999999999998890, -4.250000000000000888 ) ) ;
#837 = COLOUR_RGB ( '',0.7921568627450980005, 0.8196078431372548767, 0.9333333333333333481 ) ;
#838 = ORIENTED_EDGE ( 'NONE', *, *, #2705, .F. ) ;
#839 = COLOUR_RGB ( '',0.7529411764705882248, 0.7529411764705882248, 0.7529411764705882248 ) ;
#840 = EDGE_CURVE ( 'NONE', #4350, #1131, #1814, .T. ) ;
#841 = CYLINDRICAL_SURFACE ( 'NONE', #162, 0.05000000000000012768 ) ;
#842 = DIRECTION ( 'NONE',  ( -0.2197618659596110857, -0.9755535465928817374, 0.000000000000000000 ) ) ;
#843 = LINE ( 'NONE', #7318, #5002 ) ;
#844 = EDGE_CURVE ( 'NONE', #2409, #7879, #6772, .T. ) ;
#845 = ORIENTED_EDGE ( 'NONE', *, *, #835, .F. ) ;
#846 = CARTESIAN_POINT ( 'NONE',  ( 8.290000000000000924, -1.055665328710549522, -3.803089415876315993 ) ) ;
#847 = AXIS2_PLACEMENT_3D ( 'NONE', #6774, #4352, #4421 ) ;
#848 = CARTESIAN_POINT ( 'NONE',  ( 0.6700000000000004841, 0.1100000000000000006, 3.550000000000000266 ) ) ;
#849 = LINE ( 'NONE', #8577, #2347 ) ;
#850 = LINE ( 'NONE', #2736, #5251 ) ;
#851 = EDGE_LOOP ( 'NONE', ( #1226, #1292, #4659, #2285, #1731, #9595, #6793, #6877 ) ) ;
#852 = STYLED_ITEM ( 'NONE', ( #7880 ), #750 ) ;
#853 = DIRECTION ( 'NONE',  ( 0.000000000000000000, 0.000000000000000000, -1.000000000000000000 ) ) ;
#854 = ORIENTED_EDGE ( 'NONE', *, *, #9011, .T. ) ;
#855 = ADVANCED_FACE ( 'NONE', ( #4474 ), #581, .T. ) ;
#856 = VECTOR ( 'NONE', #4848, 1000.000000000000000 ) ;
#857 = CARTESIAN_POINT ( 'NONE',  ( 4.060000000000001386, -1.374999999999998890, -3.823497185254834729 ) ) ;
#858 = LINE ( 'NONE', #114, #469 ) ;
#859 = DIRECTION ( 'NONE',  ( -1.000000000000000000, 0.000000000000000000, -0.000000000000000000 ) ) ;
#860 = ORIENTED_EDGE ( 'NONE', *, *, #2980, .F. ) ;
#861 = FILL_AREA_STYLE ('',( #4080 ) ) ;
#862 = CYLINDRICAL_SURFACE ( 'NONE', #4083, 0.05000000000000012768 ) ;
#863 =( LENGTH_UNIT ( ) NAMED_UNIT ( * ) SI_UNIT ( .MILLI., .METRE. ) );
#864 = CARTESIAN_POINT ( 'NONE',  ( 9.490000000000000213, 0.1100000000000000006, 3.550000000000000266 ) ) ;
#865 = ORIENTED_EDGE ( 'NONE', *, *, #9522, .T. ) ;
#866 = ORIENTED_EDGE ( 'NONE', *, *, #5151, .F. ) ;
#867 = UNCERTAINTY_MEASURE_WITH_UNIT (LENGTH_MEASURE( 1.000000000000000082E-05 ), #1532, 'distance_accuracy_value', 'NONE');
#868 =( GEOMETRIC_REPRESENTATION_CONTEXT ( 3 ) GLOBAL_UNCERTAINTY_ASSIGNED_CONTEXT ( ( #4515 ) ) GLOBAL_UNIT_ASSIGNED_CONTEXT ( ( #8180, #4049, #7310 ) ) REPRESENTATION_CONTEXT ( 'NONE', 'WORKASPACE' ) );
#869 = CARTESIAN_POINT ( 'NONE',  ( -3.559999999999999165, -1.374999999999998890, -4.039106398383939478 ) ) ;
#870 = LINE ( 'NONE', #408, #8412 ) ;
#871 = CARTESIAN_POINT ( 'NONE',  ( 4.410000000000000142, -0.1568111475989498460, -3.745646205093807080 ) ) ;
#872 = LINE ( 'NONE', #4826, #7293 ) ;
#873 = ORIENTED_EDGE ( 'NONE', *, *, #8036, .T. ) ;
#874 = ORIENTED_EDGE ( 'NONE', *, *, #7447, .T. ) ;
#875 = CLOSED_SHELL ( 'NONE', ( #6128, #9951, #1154, #9403, #6506, #2207, #9834, #6459, #5970, #5598, #1980, #4271, #3410, #9630, #687, #8185 ) ) ;
#876 = CARTESIAN_POINT ( 'NONE',  ( 8.665000000000000924, 0.06318885240105015511, 3.947195844781839824 ) ) ;
#877 = CARTESIAN_POINT ( 'NONE',  ( -0.6700000000000004841, -0.1599999999999999756, -3.695747996505077904 ) ) ;
#878 = CARTESIAN_POINT ( 'NONE',  ( 2.109917682187163912, 0.009362694809449371644, 3.950635721216884111 ) ) ;
#879 = LINE ( 'NONE', #4240, #4503 ) ;
#880 = STYLED_ITEM ( 'NONE', ( #1515 ), #3115 ) ;
#881 = DIRECTION ( 'NONE',  ( -1.000000000000000000, -0.000000000000000000, -0.000000000000000000 ) ) ;
#882 = DIRECTION ( 'NONE',  ( 0.000000000000000000, 1.000000000000000000, 0.000000000000000000 ) ) ;
#883 = DIRECTION ( 'NONE',  ( 0.3803951736463099254, -0.9229412608411878827, 0.05898254744814119405 ) ) ;
#884 = CARTESIAN_POINT ( 'NONE',  ( 5.750000000000000000, -0.1568111475989498460, 3.745646205093807080 ) ) ;
#885 = EDGE_LOOP ( 'NONE', ( #4263, #6826, #9492, #8231, #8078, #1962, #4924 ) ) ;
#886 = VERTEX_POINT ( 'NONE', #9060 ) ;
#887 = SURFACE_STYLE_FILL_AREA ( #1341 ) ;
#888 = CARTESIAN_POINT ( 'NONE',  ( 1.870000000000000107, -0.1100000000000000006, -3.550000000000000266 ) ) ;
#889 = EDGE_CURVE ( 'NONE', #9464, #3521, #5110, .T. ) ;
#890 =( NAMED_UNIT ( * ) PLANE_ANGLE_UNIT ( ) SI_UNIT ( $, .RADIAN. ) );
#891 = SURFACE_STYLE_FILL_AREA ( #3511 ) ;
#892 = VECTOR ( 'NONE', #9655, 1000.000000000000227 ) ;
#893 = VERTEX_POINT ( 'NONE', #1806 ) ;
#894 = VERTEX_POINT ( 'NONE', #8270 ) ;
#895 = STYLED_ITEM ( 'NONE', ( #3348 ), #4107 ) ;
#896 = ORIENTED_EDGE ( 'NONE', *, *, #3787, .T. ) ;
#897 =( NAMED_UNIT ( * ) SI_UNIT ( $, .STERADIAN. ) SOLID_ANGLE_UNIT ( ) );
#898 = PRESENTATION_LAYER_ASSIGNMENT (  '', '', ( #10332 ) ) ;
#899 = EDGE_CURVE ( 'NONE', #1541, #1701, #8386, .T. ) ;
#900 = DIRECTION ( 'NONE',  ( 0.000000000000000000, -0.000000000000000000, -1.000000000000000000 ) ) ;
#901 = DIRECTION ( 'NONE',  ( 0.000000000000000000, 0.000000000000000000, 1.000000000000000000 ) ) ;
#902 = ORIENTED_EDGE ( 'NONE', *, *, #155, .F. ) ;
#903 = DIRECTION ( 'NONE',  ( -1.000000000000000000, -0.000000000000000000, -0.000000000000000000 ) ) ;
#904 = ORIENTED_EDGE ( 'NONE', *, *, #10356, .T. ) ;
#905 = EDGE_CURVE ( 'NONE', #1343, #3548, #7871, .T. ) ;
#906 = ADVANCED_FACE ( 'NONE', ( #4088 ), #6183, .F. ) ;
#907 = MECHANICAL_DESIGN_GEOMETRIC_PRESENTATION_REPRESENTATION (  '', ( #1959 ), #2307 ) ;
#908 = CARTESIAN_POINT ( 'NONE',  ( 6.949999999999999289, -0.1599999999999999756, -3.695747996505077904 ) ) ;
#909 = SURFACE_STYLE_FILL_AREA ( #2452 ) ;
#910 = PRESENTATION_STYLE_ASSIGNMENT (( #3463 ) ) ;
#911 = AXIS2_PLACEMENT_3D ( 'NONE', #3685, #10184, #2032 ) ;
#912 = ORIENTED_EDGE ( 'NONE', *, *, #5961, .T. ) ;
#913 = ORIENTED_EDGE ( 'NONE', *, *, #3359, .F. ) ;
#914 = VERTEX_POINT ( 'NONE', #4476 ) ;
#915 =( NAMED_UNIT ( * ) PLANE_ANGLE_UNIT ( ) SI_UNIT ( $, .RADIAN. ) );
#916 =( NAMED_UNIT ( * ) PLANE_ANGLE_UNIT ( ) SI_UNIT ( $, .RADIAN. ) );
#917 = EDGE_CURVE ( 'NONE', #251, #9574, #6254, .T. ) ;
#918 = CARTESIAN_POINT ( 'NONE',  ( -5.750000000000000000, 0.06318885240105015511, 3.947195844781839824 ) ) ;
#919 = DIRECTION ( 'NONE',  ( -0.000000000000000000, -0.000000000000000000, 1.000000000000000000 ) ) ;
#920 = LINE ( 'NONE', #7379, #8218 ) ;
#921 = PRESENTATION_STYLE_ASSIGNMENT (( #8629 ) ) ;
#922 = CARTESIAN_POINT ( 'NONE',  ( -1.519999999999999574, -4.674999999999999822, -4.250000000000000888 ) ) ;
#923 = CYLINDRICAL_SURFACE ( 'NONE', #4129, 0.05000000000000012768 ) ;
#924 = ORIENTED_EDGE ( 'NONE', *, *, #7636, .F. ) ;
#925 = VECTOR ( 'NONE', #999, 1000.000000000000000 ) ;
#926 = FILL_AREA_STYLE ('',( #6424 ) ) ;
#927 = FILL_AREA_STYLE ('',( #4973 ) ) ;
#928 = UNCERTAINTY_MEASURE_WITH_UNIT (LENGTH_MEASURE( 1.000000000000000082E-05 ), #1673, 'distance_accuracy_value', 'NONE');
#929 = STYLED_ITEM ( 'NONE', ( #3251 ), #9403 ) ;
#930 = CARTESIAN_POINT ( 'NONE',  ( 4.060000000000001386, -1.374999999999998890, -4.039106398383939478 ) ) ;
#931 = VECTOR ( 'NONE', #9519, 1000.000000000000000 ) ;
#932 = FILL_AREA_STYLE_COLOUR ( '', #7104 ) ;
#933 = STYLED_ITEM ( 'NONE', ( #7715 ), #1670 ) ;
#934 = VECTOR ( 'NONE', #7936, 1000.000000000000000 ) ;
#935 = LINE ( 'NONE', #6954, #326 ) ;
#936 =( NAMED_UNIT ( * ) PLANE_ANGLE_UNIT ( ) SI_UNIT ( $, .RADIAN. ) );
#937 = SURFACE_STYLE_FILL_AREA ( #577 ) ;
#938 = SURFACE_STYLE_USAGE ( .BOTH. , #8076 ) ;
#939 = LINE ( 'NONE', #7654, #6229 ) ;
#940 = CARTESIAN_POINT ( 'NONE',  ( -5.750000000000000000, -0.1568111475989498460, 3.745646205093807080 ) ) ;
#941 = CARTESIAN_POINT ( 'NONE',  ( -8.290000000000000924, -0.1599999999999999756, -3.695747996505077904 ) ) ;
#942 = EDGE_LOOP ( 'NONE', ( #7231, #5821, #8527, #10088 ) ) ;
#943 = UNCERTAINTY_MEASURE_WITH_UNIT (LENGTH_MEASURE( 1.000000000000000082E-05 ), #3551, 'distance_accuracy_value', 'NONE');
#944 = FILL_AREA_STYLE_COLOUR ( '', #7836 ) ;
#945 = CARTESIAN_POINT ( 'NONE',  ( -4.338063832607380377, -1.374999999999998890, -4.250000000000000888 ) ) ;
#946 = STYLED_ITEM ( 'NONE', ( #9835 ), #2796 ) ;
#947 = VERTEX_POINT ( 'NONE', #4544 ) ;
#948 = DIRECTION ( 'NONE',  ( 0.2193360129683985527, 0.9736631258226969843, -0.06222403738348494112 ) ) ;
#949 = ORIENTED_EDGE ( 'NONE', *, *, #8158, .T. ) ;
#950 = DIRECTION ( 'NONE',  ( 0.000000000000000000, 0.000000000000000000, 1.000000000000000000 ) ) ;
#951 =( NAMED_UNIT ( * ) SI_UNIT ( $, .STERADIAN. ) SOLID_ANGLE_UNIT ( ) );
#952 = EDGE_CURVE ( 'NONE', #9855, #6144, #6762, .T. ) ;
#953 = VECTOR ( 'NONE', #5030, 1000.000000000000000 ) ;
#954 = DIRECTION ( 'NONE',  ( -0.000000000000000000, -0.000000000000000000, 1.000000000000000000 ) ) ;
#955 =( GEOMETRIC_REPRESENTATION_CONTEXT ( 3 ) GLOBAL_UNCERTAINTY_ASSIGNED_CONTEXT ( ( #8286 ) ) GLOBAL_UNIT_ASSIGNED_CONTEXT ( ( #4737, #8762, #6289 ) ) REPRESENTATION_CONTEXT ( 'NONE', 'WORKASPACE' ) );
#956 = EDGE_CURVE ( 'NONE', #5036, #6918, #10275, .T. ) ;
#957 = CARTESIAN_POINT ( 'NONE',  ( 3.209999999999999964, -0.1568111475989498460, 3.745646205093807080 ) ) ;
#958 = ORIENTED_EDGE ( 'NONE', *, *, #8585, .F. ) ;
#959 = PLANE ( 'NONE',  #3498 ) ;
#960 = CARTESIAN_POINT ( 'NONE',  ( 5.750000000000000000, -0.1100000000000000006, -3.550000000000000266 ) ) ;
#961 = SURFACE_SIDE_STYLE ('',( #9984 ) ) ;
#962 = ADVANCED_FACE ( 'NONE', ( #9525 ), #442, .F. ) ;
#963 = AXIS2_PLACEMENT_3D ( 'NONE', #4026, #5616, #7277 ) ;
#964 = VECTOR ( 'NONE', #6489, 1000.000000000000227 ) ;
#965 = DIRECTION ( 'NONE',  ( 0.000000000000000000, -0.1736481776669303867, -0.9848077530122081313 ) ) ;
#966 = EDGE_CURVE ( 'NONE', #6021, #4021, #9782, .T. ) ;
#967 =( NAMED_UNIT ( * ) PLANE_ANGLE_UNIT ( ) SI_UNIT ( $, .RADIAN. ) );
#968 = DIRECTION ( 'NONE',  ( 0.000000000000000000, -0.9979641717745812990, 0.06377704802100926662 ) ) ;
#969 = ORIENTED_EDGE ( 'NONE', *, *, #2762, .T. ) ;
#970 = DIRECTION ( 'NONE',  ( -1.000000000000000000, -0.000000000000000000, -0.000000000000000000 ) ) ;
#971 = LINE ( 'NONE', #5735, #6387 ) ;
#972 = EDGE_CURVE ( 'NONE', #2780, #5908, #10020, .T. ) ;
#973 = PRESENTATION_LAYER_ASSIGNMENT (  '', '', ( #9755 ) ) ;
#974 = EDGE_CURVE ( 'NONE', #5879, #607, #1687, .T. ) ;
#975 = DIRECTION ( 'NONE',  ( 2.443272501375784959E-16, 0.000000000000000000, 1.000000000000000000 ) ) ;
#976 = COLOUR_RGB ( '',0.7529411764705882248, 0.7529411764705882248, 0.7529411764705882248 ) ;
#977 = DIRECTION ( 'NONE',  ( 0.000000000000000000, 0.000000000000000000, 1.000000000000000000 ) ) ;
#978 = AXIS2_PLACEMENT_3D ( 'NONE', #5301, #1266, #2898 ) ;
#979 = VECTOR ( 'NONE', #7386, 1000.000000000000000 ) ;
#980 = VERTEX_POINT ( 'NONE', #4623 ) ;
#981 = EDGE_CURVE ( 'NONE', #1674, #8106, #7382, .T. ) ;
#982 = CARTESIAN_POINT ( 'NONE',  ( 1.870000000000000107, 0.1100000000000000006, 3.550000000000000266 ) ) ;
#983 = LINE ( 'NONE', #6124, #5504 ) ;
#984 = FILL_AREA_STYLE_COLOUR ( '', #1349 ) ;
#985 =( NAMED_UNIT ( * ) SI_UNIT ( $, .STERADIAN. ) SOLID_ANGLE_UNIT ( ) );
#986 = ORIENTED_EDGE ( 'NONE', *, *, #6766, .F. ) ;
#987 = ORIENTED_EDGE ( 'NONE', *, *, #2166, .F. ) ;
#988 = VECTOR ( 'NONE', #5989, 1000.000000000000000 ) ;
#989 = DIRECTION ( 'NONE',  ( -0.000000000000000000, -0.000000000000000000, 1.000000000000000000 ) ) ;
#990 = ORIENTED_EDGE ( 'NONE', *, *, #5085, .F. ) ;
#991 = EDGE_LOOP ( 'NONE', ( #74, #7436, #7932, #3393, #4103, #7278, #1105, #9262, #3121, #4758 ) ) ;
#992 = LINE ( 'NONE', #5452, #2358 ) ;
#993 = CARTESIAN_POINT ( 'NONE',  ( 8.290000000000000924, 0.1100000000000000006, -3.550000000000000266 ) ) ;
#994 = PRESENTATION_LAYER_ASSIGNMENT (  '', '', ( #9431 ) ) ;
#995 =( NAMED_UNIT ( * ) PLANE_ANGLE_UNIT ( ) SI_UNIT ( $, .RADIAN. ) );
#996 = ORIENTED_EDGE ( 'NONE', *, *, #9074, .F. ) ;
#997 = ORIENTED_EDGE ( 'NONE', *, *, #1688, .F. ) ;
#998 = UNCERTAINTY_MEASURE_WITH_UNIT (LENGTH_MEASURE( 1.000000000000000082E-05 ), #3753, 'distance_accuracy_value', 'NONE');
#999 = DIRECTION ( 'NONE',  ( 1.000000000000000000, -0.000000000000000000, 0.000000000000000000 ) ) ;
#1000 = LINE ( 'NONE', #7354, #3874 ) ;
#1001 = CARTESIAN_POINT ( 'NONE',  ( 4.410000000000000142, 0.06318885240105015511, 3.947195844781839824 ) ) ;
#1002 = CARTESIAN_POINT ( 'NONE',  ( 4.410000000000000142, -4.674999999999999822, -4.034390786870895695 ) ) ;
#1003 = PRESENTATION_STYLE_ASSIGNMENT (( #9541 ) ) ;
#1004 = FILL_AREA_STYLE_COLOUR ( '', #10368 ) ;
#1005 = MECHANICAL_DESIGN_GEOMETRIC_PRESENTATION_REPRESENTATION (  '', ( #456 ), #9503 ) ;
#1006 = DIRECTION ( 'NONE',  ( -0.000000000000000000, 0.06377704802100914172, 0.9979641717745812990 ) ) ;
#1007 = PRESENTATION_LAYER_ASSIGNMENT (  '', '', ( #2058 ) ) ;
#1008 = EDGE_LOOP ( 'NONE', ( #5229, #4950, #5127, #1153 ) ) ;
#1009 = ORIENTED_EDGE ( 'NONE', *, *, #1412, .F. ) ;
#1010 = VECTOR ( 'NONE', #8829, 1000.000000000000114 ) ;
#1011 = SURFACE_STYLE_USAGE ( .BOTH. , #2507 ) ;
#1012 = VERTEX_POINT ( 'NONE', #656 ) ;
#1013 = LINE ( 'NONE', #1518, #1236 ) ;
#1014 = ADVANCED_FACE ( 'NONE', ( #7136 ), #8791, .T. ) ;
#1015 = VERTEX_POINT ( 'NONE', #7889 ) ;
#1016 = VERTEX_POINT ( 'NONE', #6397 ) ;
#1017 = CARTESIAN_POINT ( 'NONE',  ( 8.421615491570639378, -1.374999999999999556, -4.250000000000000888 ) ) ;
#1018 = AXIS2_PLACEMENT_3D ( 'NONE', #1540, #7920, #6351 ) ;
#1019 = CARTESIAN_POINT ( 'NONE',  ( -6.949999999999999289, -0.1599999999999999756, 3.695747996505077904 ) ) ;
#1020 = DIRECTION ( 'NONE',  ( -0.000000000000000000, 0.000000000000000000, 1.000000000000000000 ) ) ;
#1021 = VECTOR ( 'NONE', #635, 1000.000000000000000 ) ;
#1022 = ORIENTED_EDGE ( 'NONE', *, *, #10287, .F. ) ;
#1023 = ORIENTED_EDGE ( 'NONE', *, *, #1096, .F. ) ;
#1024 = EDGE_CURVE ( 'NONE', #6640, #3034, #828, .T. ) ;
#1025 = SURFACE_STYLE_USAGE ( .BOTH. , #7396 ) ;
#1026 = EDGE_CURVE ( 'NONE', #7587, #387, #4859, .T. ) ;
#1027 = DIRECTION ( 'NONE',  ( 0.000000000000000000, 0.000000000000000000, -1.000000000000000000 ) ) ;
#1028 = FILL_AREA_STYLE_COLOUR ( '', #9241 ) ;
#1029 = EDGE_CURVE ( 'NONE', #8181, #7944, #4592, .T. ) ;
#1030 = LINE ( 'NONE', #7994, #7457 ) ;
#1031 = LINE ( 'NONE', #2200, #8206 ) ;
#1032 = ORIENTED_EDGE ( 'NONE', *, *, #5892, .F. ) ;
#1033 = ORIENTED_EDGE ( 'NONE', *, *, #9335, .T. ) ;
#1034 = STYLED_ITEM ( 'NONE', ( #3076 ), #7401 ) ;
#1035 = CARTESIAN_POINT ( 'NONE',  ( -8.421615491570639378, -1.374999999999999556, 3.823497185254835173 ) ) ;
#1036 = EDGE_CURVE ( 'NONE', #10214, #9015, #10402, .T. ) ;
#1037 = CARTESIAN_POINT ( 'NONE',  ( -9.115000000000000213, 0.06000000000000001166, -3.897297636193110648 ) ) ;
#1038 = VERTEX_POINT ( 'NONE', #21 ) ;
#1039 = LINE ( 'NONE', #1352, #536 ) ;
#1040 = EDGE_CURVE ( 'NONE', #2852, #4660, #7002, .T. ) ;
#1041 = LINE ( 'NONE', #3362, #5840 ) ;
#1042 = CARTESIAN_POINT ( 'NONE',  ( 0.7419361673926192502, -1.374999999999998890, -4.250000000000000888 ) ) ;
#1043 = STYLED_ITEM ( 'NONE', ( #910 ), #8543 ) ;
#1044 = LINE ( 'NONE', #6401, #3929 ) ;
#1045 = VECTOR ( 'NONE', #6861, 1000.000000000000000 ) ;
#1046 = CARTESIAN_POINT ( 'NONE',  ( -9.115000000000000213, 0.06318885240105016898, -3.947195844781839824 ) ) ;
#1047 = CARTESIAN_POINT ( 'NONE',  ( -5.750000000000000000, 0.1100000000000000006, -3.550000000000000266 ) ) ;
#1048 = PRESENTATION_STYLE_ASSIGNMENT (( #9701 ) ) ;
#1049 = DIRECTION ( 'NONE',  ( 0.000000000000000000, -0.9979641717745812990, 0.06377704802100926662 ) ) ;
#1050 = PRESENTATION_LAYER_ASSIGNMENT (  '', '', ( #3389 ) ) ;
#1051 = CIRCLE ( 'NONE', #3568, 0.04999999999999969746 ) ;
#1052 = CARTESIAN_POINT ( 'NONE',  ( 1.870000000000000107, 0.06318885240105015511, 3.947195844781839824 ) ) ;
#1053 = UNCERTAINTY_MEASURE_WITH_UNIT (LENGTH_MEASURE( 1.000000000000000082E-05 ), #3790, 'distance_accuracy_value', 'NONE');
#1054 = ORIENTED_EDGE ( 'NONE', *, *, #417, .F. ) ;
#1055 = VECTOR ( 'NONE', #3399, 1000.000000000000000 ) ;
#1056 = CARTESIAN_POINT ( 'NONE',  ( 4.338063832607382153, -1.374999999999998668, -3.823497185254835173 ) ) ;
#1057 = CARTESIAN_POINT ( 'NONE',  ( 3.560000000000000497, -4.674999999999999822, -4.250000000000000888 ) ) ;
#1058 = SURFACE_STYLE_USAGE ( .BOTH. , #187 ) ;
#1059 = VECTOR ( 'NONE', #4550, 1000.000000000000000 ) ;
#1060 = DIRECTION ( 'NONE',  ( 2.443272501375784959E-16, 0.000000000000000000, 1.000000000000000000 ) ) ;
#1061 = DIRECTION ( 'NONE',  ( -0.2193360129683985527, 0.9736631258226969843, -0.06222403738348480234 ) ) ;
#1062 = SURFACE_STYLE_FILL_AREA ( #9637 ) ;
#1063 = ADVANCED_FACE ( 'NONE', ( #6245 ), #2500, .T. ) ;
#1064 = LINE ( 'NONE', #3391, #3941 ) ;
#1065 = VERTEX_POINT ( 'NONE', #3275 ) ;
#1066 = CARTESIAN_POINT ( 'NONE',  ( -0.6700000000000004841, -0.1100000000000000006, 3.695747996505077460 ) ) ;
#1067 = CARTESIAN_POINT ( 'NONE',  ( 8.290000000000000924, 0.06000000000000001166, 3.897297636193110648 ) ) ;
#1068 = CLOSED_SHELL ( 'NONE', ( #1670, #5871, #9572, #8937, #6236, #2301, #376, #2470, #3612, #6617, #3886, #6787, #755, #3737, #6771, #9734 ) ) ;
#1069 =( GEOMETRIC_REPRESENTATION_CONTEXT ( 3 ) GLOBAL_UNCERTAINTY_ASSIGNED_CONTEXT ( ( #2666 ) ) GLOBAL_UNIT_ASSIGNED_CONTEXT ( ( #9027, #7363, #9061 ) ) REPRESENTATION_CONTEXT ( 'NONE', 'WORKASPACE' ) );
#1070 = SURFACE_SIDE_STYLE ('',( #6235 ) ) ;
#1071 = CARTESIAN_POINT ( 'NONE',  ( -8.421615491570639378, -1.374999999999999556, -3.823497185254835173 ) ) ;
#1072 = LINE ( 'NONE', #4438, #6746 ) ;
#1073 =( NAMED_UNIT ( * ) PLANE_ANGLE_UNIT ( ) SI_UNIT ( $, .RADIAN. ) );
#1074 = VERTEX_POINT ( 'NONE', #1035 ) ;
#1075 = DIRECTION ( 'NONE',  ( -0.9245508909688874288, 0.3810585913066867891, 0.000000000000000000 ) ) ;
#1076 = ORIENTED_EDGE ( 'NONE', *, *, #9325, .T. ) ;
#1077 = COLOUR_RGB ( '',0.7529411764705882248, 0.7529411764705882248, 0.7529411764705882248 ) ;
#1078 =( NAMED_UNIT ( * ) SI_UNIT ( $, .STERADIAN. ) SOLID_ANGLE_UNIT ( ) );
#1079 = CARTESIAN_POINT ( 'NONE',  ( -6.599999999999999645, -4.674999999999999822, -4.250000000000000888 ) ) ;
#1080 = CARTESIAN_POINT ( 'NONE',  ( 1.870000000000000107, 0.1100000000000000006, 3.550000000000000266 ) ) ;
#1081 =( NAMED_UNIT ( * ) SI_UNIT ( $, .STERADIAN. ) SOLID_ANGLE_UNIT ( ) );
#1082 = ORIENTED_EDGE ( 'NONE', *, *, #10186, .F. ) ;
#1083 = DIRECTION ( 'NONE',  ( -1.000000000000000000, -0.000000000000000000, -0.000000000000000000 ) ) ;
#1084 = EDGE_CURVE ( 'NONE', #5561, #2522, #4461, .T. ) ;
#1085 = PRESENTATION_STYLE_ASSIGNMENT (( #5434 ) ) ;
#1086 =( NAMED_UNIT ( * ) SI_UNIT ( $, .STERADIAN. ) SOLID_ANGLE_UNIT ( ) );
#1087 = SURFACE_SIDE_STYLE ('',( #2049 ) ) ;
#1088 = STYLED_ITEM ( 'NONE', ( #4099 ), #4331 ) ;
#1089 = CARTESIAN_POINT ( 'NONE',  ( -5.750000000000000000, -0.1100000000000000006, -3.695747996505077460 ) ) ;
#1090 = EDGE_LOOP ( 'NONE', ( #6118, #7909, #5982, #9048 ) ) ;
#1091 = EDGE_CURVE ( 'NONE', #10225, #4791, #2064, .T. ) ;
#1092 = PRESENTATION_STYLE_ASSIGNMENT (( #8411 ) ) ;
#1093 = DIRECTION ( 'NONE',  ( -1.000000000000000000, -0.000000000000000000, -0.000000000000000000 ) ) ;
#1094 = ORIENTED_EDGE ( 'NONE', *, *, #314, .F. ) ;
#1095 = COLOUR_RGB ( '',0.7529411764705882248, 0.7529411764705882248, 0.7529411764705882248 ) ;
#1096 = EDGE_CURVE ( 'NONE', #1074, #4267, #1675, .T. ) ;
#1097 = EDGE_LOOP ( 'NONE', ( #1610, #1954, #7289, #2480 ) ) ;
#1098 = EDGE_CURVE ( 'NONE', #7587, #2475, #4217, .T. ) ;
#1099 = CARTESIAN_POINT ( 'NONE',  ( -8.290000000000000924, -1.055665328710549522, -4.250000000000000888 ) ) ;
#1100 = PRESENTATION_LAYER_ASSIGNMENT (  '', '', ( #3928 ) ) ;
#1101 = ADVANCED_FACE ( 'NONE', ( #6119 ), #1784, .F. ) ;
#1102 = ORIENTED_EDGE ( 'NONE', *, *, #844, .T. ) ;
#1103 = AXIS2_PLACEMENT_3D ( 'NONE', #2076, #7725, #9326 ) ;
#1104 = ORIENTED_EDGE ( 'NONE', *, *, #5827, .T. ) ;
#1105 = ORIENTED_EDGE ( 'NONE', *, *, #10062, .T. ) ;
#1106 = CARTESIAN_POINT ( 'NONE',  ( -1.019999999999999130, 0.06318885240105015511, -3.947195844781839824 ) ) ;
#1107 = PRESENTATION_STYLE_ASSIGNMENT (( #6942 ) ) ;
#1108 = PLANE ( 'NONE',  #9214 ) ;
#1109 = VECTOR ( 'NONE', #813, 1000.000000000000000 ) ;
#1110 = CARTESIAN_POINT ( 'NONE',  ( 0.6700000000000004841, 0.1099999999999998618, -3.897297636193110648 ) ) ;
#1111 = CARTESIAN_POINT ( 'NONE',  ( -3.210000000000000853, -0.1100000000000000006, 3.695747996505077460 ) ) ;
#1112 = CARTESIAN_POINT ( 'NONE',  ( 6.949999999999999289, 0.06318885240105015511, -3.947195844781839824 ) ) ;
#1113 = EDGE_LOOP ( 'NONE', ( #9107, #2874, #3023, #588 ) ) ;
#1114 = VECTOR ( 'NONE', #1522, 1000.000000000000000 ) ;
#1115 = UNCERTAINTY_MEASURE_WITH_UNIT (LENGTH_MEASURE( 1.000000000000000082E-05 ), #3237, 'distance_accuracy_value', 'NONE');
#1116 = ADVANCED_FACE ( 'NONE', ( #9907 ), #9881, .T. ) ;
#1117 = VECTOR ( 'NONE', #444, 1000.000000000000000 ) ;
#1118 =( GEOMETRIC_REPRESENTATION_CONTEXT ( 3 ) GLOBAL_UNCERTAINTY_ASSIGNED_CONTEXT ( ( #8879 ) ) GLOBAL_UNIT_ASSIGNED_CONTEXT ( ( #3903, #5533, #7823 ) ) REPRESENTATION_CONTEXT ( 'NONE', 'WORKASPACE' ) );
#1119 = FILL_AREA_STYLE ('',( #9058 ) ) ;
#1120 = DIRECTION ( 'NONE',  ( -0.000000000000000000, -0.000000000000000000, 1.000000000000000000 ) ) ;
#1121 = LINE ( 'NONE', #2789, #6432 ) ;
#1122 = FILL_AREA_STYLE_COLOUR ( '', #3219 ) ;
#1123 = VERTEX_POINT ( 'NONE', #5050 ) ;
#1124 = ORIENTED_EDGE ( 'NONE', *, *, #6488, .F. ) ;
#1125 = CARTESIAN_POINT ( 'NONE',  ( -4.592187738285314680, -0.2469085707813085118, 3.967013287941472122 ) ) ;
#1126 = CARTESIAN_POINT ( 'NONE',  ( -9.115000000000000213, -0.1100000000000000006, 3.695747996505077460 ) ) ;
#1127 = AXIS2_PLACEMENT_3D ( 'NONE', #3056, #8090, #5594 ) ;
#1128 = DIRECTION ( 'NONE',  ( 0.000000000000000000, 0.000000000000000000, 1.000000000000000000 ) ) ;
#1129 = SURFACE_STYLE_FILL_AREA ( #1309 ) ;
#1130 = CARTESIAN_POINT ( 'NONE',  ( 4.410000000000000142, 0.1099999999999998618, 3.897297636193110648 ) ) ;
#1131 = VERTEX_POINT ( 'NONE', #9308 ) ;
#1132 = FILL_AREA_STYLE ('',( #5968 ) ) ;
#1133 =( LENGTH_UNIT ( ) NAMED_UNIT ( * ) SI_UNIT ( .MILLI., .METRE. ) );
#1134 = DIRECTION ( 'NONE',  ( 0.000000000000000000, 0.000000000000000000, -1.000000000000000000 ) ) ;
#1135 = ORIENTED_EDGE ( 'NONE', *, *, #2164, .T. ) ;
#1136 = STYLED_ITEM ( 'NONE', ( #4123 ), #3895 ) ;
#1137 = EDGE_CURVE ( 'NONE', #2180, #4437, #5990, .T. ) ;
#1138 = DIRECTION ( 'NONE',  ( 0.000000000000000000, 0.000000000000000000, -1.000000000000000000 ) ) ;
#1139 = CARTESIAN_POINT ( 'NONE',  ( 6.949999999999999289, -0.1568111475989498460, 3.745646205093807080 ) ) ;
#1140 = VERTEX_POINT ( 'NONE', #1991 ) ;
#1141 = CARTESIAN_POINT ( 'NONE',  ( 4.410000000000000142, 0.06000000000000001166, -3.897297636193110648 ) ) ;
#1142 = FILL_AREA_STYLE ('',( #9259 ) ) ;
#1143 = DIRECTION ( 'NONE',  ( -1.000000000000000000, -0.000000000000000000, -0.000000000000000000 ) ) ;
#1144 = LINE ( 'NONE', #9973, #9735 ) ;
#1145 = EDGE_LOOP ( 'NONE', ( #4977, #2938, #7922, #8313 ) ) ;
#1146 = EDGE_CURVE ( 'NONE', #1508, #2528, #1305, .T. ) ;
#1147 = CARTESIAN_POINT ( 'NONE',  ( 4.410000000000001030, -1.055665328710549522, -3.803089415876316437 ) ) ;
#1148 = VECTOR ( 'NONE', #2706, 1000.000000000000000 ) ;
#1149 = ORIENTED_EDGE ( 'NONE', *, *, #2777, .T. ) ;
#1151 = ORIENTED_EDGE ( 'NONE', *, *, #2711, .F. ) ;
#1150 = DIRECTION ( 'NONE',  ( 0.000000000000000000, -0.000000000000000000, -1.000000000000000000 ) ) ;
#1152 = SURFACE_SIDE_STYLE ('',( #3353 ) ) ;
#1153 = ORIENTED_EDGE ( 'NONE', *, *, #2305, .T. ) ;
#1154 = ADVANCED_FACE ( 'NONE', ( #10265 ), #8246, .T. ) ;
#1155 = ORIENTED_EDGE ( 'NONE', *, *, #3088, .F. ) ;
#1156 = CARTESIAN_POINT ( 'NONE',  ( -1.019999999999999130, -1.374999999999998890, -3.823497185254834729 ) ) ;
#1157 = AXIS2_PLACEMENT_3D ( 'NONE', #9253, #7681, #1134 ) ;
#1158 = CARTESIAN_POINT ( 'NONE',  ( -9.999999999999998224, 0.1100000000000000006, 3.550000000000000266 ) ) ;
#1159 = DIRECTION ( 'NONE',  ( 0.000000000000000000, 0.9979641717745812990, -0.06377704802100926662 ) ) ;
#1160 = LINE ( 'NONE', #1604, #411 ) ;
#1161 = ORIENTED_EDGE ( 'NONE', *, *, #6836, .F. ) ;
#1162 = VECTOR ( 'NONE', #7335, 1000.000000000000000 ) ;
#1163 = DIRECTION ( 'NONE',  ( -1.000000000000000000, -0.000000000000000000, -0.000000000000000000 ) ) ;
#1164 = EDGE_CURVE ( 'NONE', #8701, #4410, #10134, .T. ) ;
#1165 = FILL_AREA_STYLE ('',( #3507 ) ) ;
#1166 = LINE ( 'NONE', #4725, #1655 ) ;
#1167 = FACE_OUTER_BOUND ( 'NONE', #2781, .T. ) ;
#1168 = EDGE_CURVE ( 'NONE', #1123, #9464, #7371, .T. ) ;
#1169 = VECTOR ( 'NONE', #1993, 1000.000000000000114 ) ;
#1170 = LINE ( 'NONE', #8372, #4576 ) ;
#1171 = UNCERTAINTY_MEASURE_WITH_UNIT (LENGTH_MEASURE( 1.000000000000000082E-05 ), #2743, 'distance_accuracy_value', 'NONE');
#1172 = EDGE_LOOP ( 'NONE', ( #8041, #9350, #1744, #337, #9807, #10263, #2811 ) ) ;
#1173 = CARTESIAN_POINT ( 'NONE',  ( 6.600000000000001421, -4.675000000000000711, 4.034390786870893919 ) ) ;
#1174 = AXIS2_PLACEMENT_3D ( 'NONE', #7807, #6131, #566 ) ;
#1175 = STYLED_ITEM ( 'NONE', ( #1085 ), #1014 ) ;
#1176 = SURFACE_STYLE_FILL_AREA ( #7651 ) ;
#1177 = CARTESIAN_POINT ( 'NONE',  ( 9.490000000000000213, 0.06000000000000001166, -3.897297636193110648 ) ) ;
#1178 = LINE ( 'NONE', #2623, #6876 ) ;
#1179 = ORIENTED_EDGE ( 'NONE', *, *, #2488, .T. ) ;
#1180 = ORIENTED_EDGE ( 'NONE', *, *, #9455, .T. ) ;
#1181 = PRESENTATION_LAYER_ASSIGNMENT (  '', '', ( #7662 ) ) ;
#1182 = PLANE ( 'NONE',  #7372 ) ;
#1183 = DIRECTION ( 'NONE',  ( 1.000000000000000000, 0.000000000000000000, 0.000000000000000000 ) ) ;
#1184 = EDGE_LOOP ( 'NONE', ( #1451, #9347, #8855, #616, #10189, #4580, #6451, #7741, #1724, #6393 ) ) ;
#1185 = DIRECTION ( 'NONE',  ( 0.000000000000000000, -0.000000000000000000, 1.000000000000000000 ) ) ;
#1186 =( NAMED_UNIT ( * ) SI_UNIT ( $, .STERADIAN. ) SOLID_ANGLE_UNIT ( ) );
#1187 = LINE ( 'NONE', #3451, #4988 ) ;
#1188 = DIRECTION ( 'NONE',  ( 0.000000000000000000, 0.000000000000000000, 1.000000000000000000 ) ) ;
#1189 =( GEOMETRIC_REPRESENTATION_CONTEXT ( 3 ) GLOBAL_UNCERTAINTY_ASSIGNED_CONTEXT ( ( #2070 ) ) GLOBAL_UNIT_ASSIGNED_CONTEXT ( ( #4201, #2614, #5838 ) ) REPRESENTATION_CONTEXT ( 'NONE', 'WORKASPACE' ) );
#1190 = ORIENTED_EDGE ( 'NONE', *, *, #6582, .F. ) ;
#1191 = ADVANCED_FACE ( 'NONE', ( #5861 ), #2028, .F. ) ;
#1192 = CARTESIAN_POINT ( 'NONE',  ( 0.4878122617146851137, -0.2469085707813087338, 3.967013287941472122 ) ) ;
#1193 = LINE ( 'NONE', #2299, #3709 ) ;
#1194 = EDGE_CURVE ( 'NONE', #2136, #6887, #4722, .T. ) ;
#1195 =( NAMED_UNIT ( * ) PLANE_ANGLE_UNIT ( ) SI_UNIT ( $, .RADIAN. ) );
#1196 = DIRECTION ( 'NONE',  ( 0.000000000000000000, 0.000000000000000000, 1.000000000000000000 ) ) ;
#1197 = EDGE_CURVE ( 'NONE', #1387, #10116, #6624, .T. ) ;
#1198 = SURFACE_STYLE_FILL_AREA ( #5515 ) ;
#1199 = DIRECTION ( 'NONE',  ( 0.9755535465928818484, 0.2197618659596111135, 0.000000000000000000 ) ) ;
#1200 = DIRECTION ( 'NONE',  ( -0.000000000000000000, 1.000000000000000000, 0.000000000000000000 ) ) ;
#1201 = VERTEX_POINT ( 'NONE', #8358 ) ;
#1202 = VECTOR ( 'NONE', #975, 1000.000000000000000 ) ;
#1203 = PRESENTATION_LAYER_ASSIGNMENT (  '', '', ( #696 ) ) ;
#1204 = LINE ( 'NONE', #6872, #7158 ) ;
#1205 = EDGE_CURVE ( 'NONE', #2852, #6207, #2941, .T. ) ;
#1206 = DIRECTION ( 'NONE',  ( -0.000000000000000000, -0.000000000000000000, 1.000000000000000000 ) ) ;
#1207 = STYLED_ITEM ( 'NONE', ( #4219 ), #7098 ) ;
#1208 = ORIENTED_EDGE ( 'NONE', *, *, #7825, .F. ) ;
#1209 = ORIENTED_EDGE ( 'NONE', *, *, #8158, .F. ) ;
#1210 = ORIENTED_EDGE ( 'NONE', *, *, #4612, .T. ) ;
#1211 = FILL_AREA_STYLE ('',( #1122 ) ) ;
#1212 = EDGE_CURVE ( 'NONE', #8324, #3815, #9641, .T. ) ;
#1213 = SURFACE_SIDE_STYLE ('',( #5977 ) ) ;
#1214 = FACE_OUTER_BOUND ( 'NONE', #10392, .T. ) ;
#1215 = FILL_AREA_STYLE ('',( #432 ) ) ;
#1216 = EDGE_CURVE ( 'NONE', #6317, #7348, #3689, .T. ) ;
#1217 = UNCERTAINTY_MEASURE_WITH_UNIT (LENGTH_MEASURE( 1.000000000000000082E-05 ), #8546, 'distance_accuracy_value', 'NONE');
#1218 = ORIENTED_EDGE ( 'NONE', *, *, #2653, .T. ) ;
#1219 = AXIS2_PLACEMENT_3D ( 'NONE', #6080, #8616, #622 ) ;
#1220 = ORIENTED_EDGE ( 'NONE', *, *, #9404, .T. ) ;
#1221 = SURFACE_STYLE_USAGE ( .BOTH. , #6061 ) ;
#1222 = VECTOR ( 'NONE', #8906, 1000.000000000000000 ) ;
#1223 = MECHANICAL_DESIGN_GEOMETRIC_PRESENTATION_REPRESENTATION (  '', ( #571 ), #1961 ) ;
#1224 = VECTOR ( 'NONE', #10456, 1000.000000000000227 ) ;
#1225 = AXIS2_PLACEMENT_3D ( 'NONE', #4906, #7296, #10434 ) ;
#1226 = ORIENTED_EDGE ( 'NONE', *, *, #4743, .F. ) ;
#1227 = VERTEX_POINT ( 'NONE', #9414 ) ;
#1228 = FILL_AREA_STYLE ('',( #1262 ) ) ;
#1229 = COLOUR_RGB ( '',0.7529411764705882248, 0.7529411764705882248, 0.7529411764705882248 ) ;
#1230 = FILL_AREA_STYLE ('',( #6115 ) ) ;
#1231 = MANIFOLD_SOLID_BREP ( 'Cut-Extrude2[7]', #7211 ) ;
#1232 = CARTESIAN_POINT ( 'NONE',  ( 9.490000000000000213, -4.674999999999999822, 4.034390786870895695 ) ) ;
#1233 = ORIENTED_EDGE ( 'NONE', *, *, #3553, .T. ) ;
#1234 = DIRECTION ( 'NONE',  ( 1.000000000000000000, 0.000000000000000000, 0.000000000000000000 ) ) ;
#1235 = DIRECTION ( 'NONE',  ( 0.000000000000000000, -0.000000000000000000, 1.000000000000000000 ) ) ;
#1236 = VECTOR ( 'NONE', #3841, 1000.000000000000000 ) ;
#1237 = PRESENTATION_LAYER_ASSIGNMENT (  '', '', ( #3947 ) ) ;
#1238 = ORIENTED_EDGE ( 'NONE', *, *, #9591, .T. ) ;
#1239 = ORIENTED_EDGE ( 'NONE', *, *, #404, .T. ) ;
#1240 = DIRECTION ( 'NONE',  ( -1.000000000000000000, -0.000000000000000000, -0.000000000000000000 ) ) ;
#1241 = CARTESIAN_POINT ( 'NONE',  ( 1.798063832607381451, -1.374999999999998668, 4.039106398383939478 ) ) ;
#1242 = ADVANCED_FACE ( 'NONE', ( #196 ), #10248, .F. ) ;
#1243 = SURFACE_STYLE_USAGE ( .BOTH. , #10066 ) ;
#1244 = LINE ( 'NONE', #521, #2125 ) ;
#1245 = CARTESIAN_POINT ( 'NONE',  ( -8.290000000000000924, -0.1568111475989498460, 3.745646205093807080 ) ) ;
#1246 = FACE_OUTER_BOUND ( 'NONE', #4116, .T. ) ;
#1247 = VERTEX_POINT ( 'NONE', #4573 ) ;
#1248 = ORIENTED_EDGE ( 'NONE', *, *, #844, .F. ) ;
#1249 = DIRECTION ( 'NONE',  ( 0.000000000000000000, 0.9979641717745812990, -0.06377704802100926662 ) ) ;
#1250 = DIRECTION ( 'NONE',  ( -0.000000000000000000, -0.000000000000000000, 1.000000000000000000 ) ) ;
#1251 = CARTESIAN_POINT ( 'NONE',  ( 5.750000000000000000, 0.1100000000000000006, 3.550000000000000266 ) ) ;
#1252 = DIRECTION ( 'NONE',  ( -0.000000000000000000, 1.000000000000000000, -0.000000000000000000 ) ) ;
#1253 = ORIENTED_EDGE ( 'NONE', *, *, #4386, .T. ) ;
#1254 = ADVANCED_FACE ( 'NONE', ( #6370 ), #2640, .F. ) ;
#1255 = CARTESIAN_POINT ( 'NONE',  ( 9.999999999999998224, 0.1100000000000000006, -3.549999999999999378 ) ) ;
#1256 = VECTOR ( 'NONE', #2349, 1000.000000000000000 ) ;
#1257 = VECTOR ( 'NONE', #5521, 1000.000000000000000 ) ;
#1258 = ORIENTED_EDGE ( 'NONE', *, *, #7045, .F. ) ;
#1259 = ORIENTED_EDGE ( 'NONE', *, *, #9399, .F. ) ;
#1260 = EDGE_LOOP ( 'NONE', ( #1238, #866, #1208, #3704 ) ) ;
#1261 = EDGE_CURVE ( 'NONE', #9819, #7470, #1665, .T. ) ;
#1262 = FILL_AREA_STYLE_COLOUR ( '', #837 ) ;
#1263 = PRESENTATION_STYLE_ASSIGNMENT (( #7878 ) ) ;
#1264 = CARTESIAN_POINT ( 'NONE',  ( 8.665000000000000924, -1.374999999999999778, 4.039106398383937702 ) ) ;
#1265 = COLOUR_RGB ( '',0.7529411764705882248, 0.7529411764705882248, 0.7529411764705882248 ) ;
#1266 = DIRECTION ( 'NONE',  ( 1.000000000000000000, 0.000000000000000000, -0.000000000000000000 ) ) ;
#1267 = ORIENTED_EDGE ( 'NONE', *, *, #6091, .T. ) ;
#1268 = PLANE ( 'NONE',  #7039 ) ;
#1269 = MECHANICAL_DESIGN_GEOMETRIC_PRESENTATION_REPRESENTATION (  '', ( #5605 ), #6707 ) ;
#1270 = EDGE_CURVE ( 'NONE', #10295, #1016, #185, .T. ) ;
#1271 = VECTOR ( 'NONE', #6667, 1000.000000000000000 ) ;
#1272 = CARTESIAN_POINT ( 'NONE',  ( -0.4772572678396001522, -0.2000534821418786524, -3.748409699540487416 ) ) ;
#1273 = FILL_AREA_STYLE_COLOUR ( '', #8278 ) ;
#1274 = CARTESIAN_POINT ( 'NONE',  ( 0.6700000000000004841, -1.055665328710549522, 3.897297636193110648 ) ) ;
#1275 = FILL_AREA_STYLE ('',( #5240 ) ) ;
#1276 = LINE ( 'NONE', #4108, #2924 ) ;
#1277 = EDGE_CURVE ( 'NONE', #4867, #5173, #5975, .T. ) ;
#1278 = CARTESIAN_POINT ( 'NONE',  ( 1.870000000000000107, -0.1100000000000000006, -3.550000000000000266 ) ) ;
#1279 = SURFACE_STYLE_USAGE ( .BOTH. , #1315 ) ;
#1280 = AXIS2_PLACEMENT_3D ( 'NONE', #7099, #3062, #8711 ) ;
#1281 = EDGE_CURVE ( 'NONE', #4460, #8031, #7360, .T. ) ;
#1282 = CARTESIAN_POINT ( 'NONE',  ( -3.210000000000000853, 0.06318885240105015511, -3.947195844781839824 ) ) ;
#1283 = DIRECTION ( 'NONE',  ( -1.000000000000000000, -0.000000000000000000, -0.000000000000000000 ) ) ;
#1284 = ORIENTED_EDGE ( 'NONE', *, *, #7516, .F. ) ;
#1285 = SURFACE_STYLE_FILL_AREA ( #119 ) ;
#1286 = FILL_AREA_STYLE_COLOUR ( '', #4003 ) ;
#1287 = STYLED_ITEM ( 'NONE', ( #4714 ), #7640 ) ;
#1288 = COLOUR_RGB ( '',0.7529411764705882248, 0.7529411764705882248, 0.7529411764705882248 ) ;
#1289 = LINE ( 'NONE', #1401, #1923 ) ;
#1290 = AXIS2_PLACEMENT_3D ( 'NONE', #2217, #697, #3805 ) ;
#1291 = CARTESIAN_POINT ( 'NONE',  ( 4.410000000000000142, 0.1100000000000000006, 3.550000000000000266 ) ) ;
#1292 = ORIENTED_EDGE ( 'NONE', *, *, #1091, .T. ) ;
#1293 = CARTESIAN_POINT ( 'NONE',  ( -8.290000000000000924, 0.06318885240105015511, -3.947195844781839824 ) ) ;
#1294 = ORIENTED_EDGE ( 'NONE', *, *, #5350, .T. ) ;
#1295 = COLOUR_RGB ( '',0.7529411764705882248, 0.7529411764705882248, 0.7529411764705882248 ) ;
#1296 = DIRECTION ( 'NONE',  ( -0.000000000000000000, -0.000000000000000000, -1.000000000000000000 ) ) ;
#1297 = FACE_OUTER_BOUND ( 'NONE', #3758, .T. ) ;
#1298 = ORIENTED_EDGE ( 'NONE', *, *, #10007, .F. ) ;
#1299 =( NAMED_UNIT ( * ) SI_UNIT ( $, .STERADIAN. ) SOLID_ANGLE_UNIT ( ) );
#1300 = CARTESIAN_POINT ( 'NONE',  ( -8.290000000000000924, 0.1100000000000000006, -3.550000000000000266 ) ) ;
#1301 = DIRECTION ( 'NONE',  ( -1.000000000000000000, -0.000000000000000000, -0.000000000000000000 ) ) ;
#1302 = ORIENTED_EDGE ( 'NONE', *, *, #9071, .T. ) ;
#1303 = DIRECTION ( 'NONE',  ( 1.000000000000000000, 0.000000000000000000, 0.000000000000000000 ) ) ;
#1304 = MECHANICAL_DESIGN_GEOMETRIC_PRESENTATION_REPRESENTATION (  '', ( #8200 ), #3868 ) ;
#1305 = LINE ( 'NONE', #6890, #5726 ) ;
#1306 = CARTESIAN_POINT ( 'NONE',  ( 3.209999999999999964, -1.055665328710545747, -3.897297636193110648 ) ) ;
#1307 = PLANE ( 'NONE',  #225 ) ;
#1308 = VECTOR ( 'NONE', #4095, 1000.000000000000000 ) ;
#1309 = FILL_AREA_STYLE ('',( #6158 ) ) ;
#1310 = FACE_OUTER_BOUND ( 'NONE', #3852, .T. ) ;
#1311 = ORIENTED_EDGE ( 'NONE', *, *, #6909, .T. ) ;
#1312 = AXIS2_PLACEMENT_3D ( 'NONE', #888, #1570, #9765 ) ;
#1313 = SURFACE_STYLE_FILL_AREA ( #7929 ) ;
#1314 =( GEOMETRIC_REPRESENTATION_CONTEXT ( 3 ) GLOBAL_UNCERTAINTY_ASSIGNED_CONTEXT ( ( #9186 ) ) GLOBAL_UNIT_ASSIGNED_CONTEXT ( ( #6336, #3213, #6379 ) ) REPRESENTATION_CONTEXT ( 'NONE', 'WORKASPACE' ) );
#1315 = SURFACE_SIDE_STYLE ('',( #671 ) ) ;
#1316 = DIRECTION ( 'NONE',  ( -0.000000000000000000, 0.9979641717745810769, 0.06377704802100964132 ) ) ;
#1317 = PRESENTATION_STYLE_ASSIGNMENT (( #10242 ) ) ;
#1318 = VECTOR ( 'NONE', #9648, 1000.000000000000114 ) ;
#1319 = FILL_AREA_STYLE ('',( #3639 ) ) ;
#1320 = VECTOR ( 'NONE', #8221, 1000.000000000000000 ) ;
#1321 = DIRECTION ( 'NONE',  ( 0.000000000000000000, -0.9979641717745812990, 0.06377704802100926662 ) ) ;
#1322 = ORIENTED_EDGE ( 'NONE', *, *, #3035, .F. ) ;
#1323 = COLOUR_RGB ( '',0.7921568627450980005, 0.8196078431372548767, 0.9333333333333333481 ) ;
#1324 = CARTESIAN_POINT ( 'NONE',  ( -9.207097143600909916, 0.5749999999999999556, -4.336808689942017736E-16 ) ) ;
#1325 = CARTESIAN_POINT ( 'NONE',  ( -3.210000000000000853, -4.674999999999999822, 4.034390786870895695 ) ) ;
#1326 = COLOUR_RGB ( '',0.7529411764705882248, 0.7529411764705882248, 0.7529411764705882248 ) ;
#1327 = CARTESIAN_POINT ( 'NONE',  ( -0.6700000000000004841, -0.1568111475989498460, 3.745646205093807080 ) ) ;
#1328 = FACE_OUTER_BOUND ( 'NONE', #2927, .T. ) ;
#1329 = LINE ( 'NONE', #9996, #9165 ) ;
#1330 =( GEOMETRIC_REPRESENTATION_CONTEXT ( 3 ) GLOBAL_UNCERTAINTY_ASSIGNED_CONTEXT ( ( #808 ) ) GLOBAL_UNIT_ASSIGNED_CONTEXT ( ( #10274, #10241, #2268 ) ) REPRESENTATION_CONTEXT ( 'NONE', 'WORKASPACE' ) );
#1331 = EDGE_CURVE ( 'NONE', #1016, #3129, #8108, .T. ) ;
#1332 = ORIENTED_EDGE ( 'NONE', *, *, #5610, .F. ) ;
#1333 = ORIENTED_EDGE ( 'NONE', *, *, #2139, .T. ) ;
#1334 = DIRECTION ( 'NONE',  ( 1.000000000000000000, 0.000000000000000000, 0.000000000000000000 ) ) ;
#1335 = DIRECTION ( 'NONE',  ( 0.000000000000000000, 0.9979641717745812990, 0.06377704802100914172 ) ) ;
#1336 = DIRECTION ( 'NONE',  ( -1.000000000000000000, -0.000000000000000000, -0.000000000000000000 ) ) ;
#1337 = CARTESIAN_POINT ( 'NONE',  ( 1.870000000000000107, -1.374999999999998890, -4.039106398383939478 ) ) ;
#1338 = EDGE_CURVE ( 'NONE', #10306, #7857, #10255, .T. ) ;
#1339 = CARTESIAN_POINT ( 'NONE',  ( -9.207097143600909916, 0.5749999999999999556, 0.5241992011858075395 ) ) ;
#1340 = PLANE ( 'NONE',  #4536 ) ;
#1341 = FILL_AREA_STYLE ('',( #2963 ) ) ;
#1342 = ORIENTED_EDGE ( 'NONE', *, *, #685, .F. ) ;
#1343 = VERTEX_POINT ( 'NONE', #2068 ) ;
#1344 = ORIENTED_EDGE ( 'NONE', *, *, #3638, .T. ) ;
#1345 = PRESENTATION_LAYER_ASSIGNMENT (  '', '', ( #5679 ) ) ;
#1346 = LINE ( 'NONE', #380, #8044 ) ;
#1347 = CARTESIAN_POINT ( 'NONE',  ( -4.059999999999999609, -0.1568111475989498460, 3.745646205093807080 ) ) ;
#1348 = DIRECTION ( 'NONE',  ( 0.000000000000000000, -0.000000000000000000, 1.000000000000000000 ) ) ;
#1349 = COLOUR_RGB ( '',0.7529411764705882248, 0.7529411764705882248, 0.7529411764705882248 ) ;
#1350 = ADVANCED_FACE ( 'NONE', ( #2816 ), #8279, .F. ) ;
#1351 = ADVANCED_BREP_SHAPE_REPRESENTATION ( 'M74HC4020B1R', ( #6232, #5252, #3549, #1683, #7761, #8543, #9202, #1231, #3115, #6692, #4813, #610, #750, #9338, #10429, #2796, #7144, #8213 ), #598 ) ;
#1352 = CARTESIAN_POINT ( 'NONE',  ( 1.870000000000000107, 0.06318885240105015511, -3.947195844781839824 ) ) ;
#1353 = VERTEX_POINT ( 'NONE', #4221 ) ;
#1354 = EDGE_CURVE ( 'NONE', #10081, #4067, #321, .T. ) ;
#1355 = DIRECTION ( 'NONE',  ( -0.000000000000000000, 1.000000000000000000, 4.022841720910280989E-15 ) ) ;
#1356 = ORIENTED_EDGE ( 'NONE', *, *, #6437, .T. ) ;
#1357 = CARTESIAN_POINT ( 'NONE',  ( 5.821936167392620654, -1.374999999999998890, -4.250000000000000888 ) ) ;
#1358 = PLANE ( 'NONE',  #1127 ) ;
#1359 = EDGE_CURVE ( 'NONE', #7472, #6283, #3679, .T. ) ;
#1360 =( GEOMETRIC_REPRESENTATION_CONTEXT ( 3 ) GLOBAL_UNCERTAINTY_ASSIGNED_CONTEXT ( ( #7257 ) ) GLOBAL_UNIT_ASSIGNED_CONTEXT ( ( #6570, #4978, #1605 ) ) REPRESENTATION_CONTEXT ( 'NONE', 'WORKASPACE' ) );
#1361 = ADVANCED_FACE ( 'NONE', ( #4192 ), #1462, .F. ) ;
#1362 = DIRECTION ( 'NONE',  ( 0.000000000000000000, 0.000000000000000000, 1.000000000000000000 ) ) ;
#1363 = ORIENTED_EDGE ( 'NONE', *, *, #211, .T. ) ;
#1364 = ORIENTED_EDGE ( 'NONE', *, *, #7773, .F. ) ;
#1365 = UNCERTAINTY_MEASURE_WITH_UNIT (LENGTH_MEASURE( 1.000000000000000082E-05 ), #5787, 'distance_accuracy_value', 'NONE');
#1366 = AXIS2_PLACEMENT_3D ( 'NONE', #6742, #7632, #7598 ) ;
#1367 = SURFACE_SIDE_STYLE ('',( #681 ) ) ;
#1368 = VECTOR ( 'NONE', #954, 1000.000000000000000 ) ;
#1369 = LINE ( 'NONE', #6220, #4656 ) ;
#1370 = DIRECTION ( 'NONE',  ( -1.000000000000000000, -0.000000000000000000, -0.000000000000000000 ) ) ;
#1371 = SURFACE_SIDE_STYLE ('',( #5231 ) ) ;
#1372 = DIRECTION ( 'NONE',  ( 0.000000000000000000, -4.022841720910280989E-15, 1.000000000000000000 ) ) ;
#1373 = LINE ( 'NONE', #213, #9715 ) ;
#1374 = ORIENTED_EDGE ( 'NONE', *, *, #7901, .F. ) ;
#1375 = FILL_AREA_STYLE_COLOUR ( '', #7540 ) ;
#1376 = PLANE ( 'NONE',  #5663 ) ;
#1377 = CARTESIAN_POINT ( 'NONE',  ( 1.870000000000000107, -0.1100000000000000006, -3.695747996505077460 ) ) ;
#1378 = LINE ( 'NONE', #1587, #9723 ) ;
#1379 = PRESENTATION_LAYER_ASSIGNMENT (  '', '', ( #5043 ) ) ;
#1381 = ORIENTED_EDGE ( 'NONE', *, *, #3248, .F. ) ;
#1380 = DIRECTION ( 'NONE',  ( -0.000000000000000000, -0.000000000000000000, 1.000000000000000000 ) ) ;
#1382 = FILL_AREA_STYLE_COLOUR ( '', #2089 ) ;
#1383 = VERTEX_POINT ( 'NONE', #7019 ) ;
#1384 = ORIENTED_EDGE ( 'NONE', *, *, #8991, .T. ) ;
#1385 = DIRECTION ( 'NONE',  ( -0.000000000000000000, 0.9979641717745810769, 0.06377704802100964132 ) ) ;
#1386 = EDGE_LOOP ( 'NONE', ( #5338, #9958, #8814, #8809 ) ) ;
#1387 = VERTEX_POINT ( 'NONE', #606 ) ;
#1388 = STYLED_ITEM ( 'NONE', ( #3274 ), #3147 ) ;
#1389 = FILL_AREA_STYLE ('',( #7160 ) ) ;
#1390 = CARTESIAN_POINT ( 'NONE',  ( -9.115000000000000213, 0.1100000000000000006, -3.550000000000000266 ) ) ;
#1391 =( LENGTH_UNIT ( ) NAMED_UNIT ( * ) SI_UNIT ( .MILLI., .METRE. ) );
#1392 = CARTESIAN_POINT ( 'NONE',  ( 8.665000000000000924, -1.374999999999999778, -3.823497185254835173 ) ) ;
#1393 = VECTOR ( 'NONE', #203, 1000.000000000000000 ) ;
#1394 = VECTOR ( 'NONE', #10110, 1000.000000000000000 ) ;
#1395 = FACE_OUTER_BOUND ( 'NONE', #10259, .T. ) ;
#1396 = EDGE_CURVE ( 'NONE', #2528, #3654, #7119, .T. ) ;
#1397 = ORIENTED_EDGE ( 'NONE', *, *, #4741, .T. ) ;
#1398 = DIRECTION ( 'NONE',  ( 0.000000000000000000, -0.000000000000000000, -1.000000000000000000 ) ) ;
#1399 = CARTESIAN_POINT ( 'NONE',  ( -0.6700000000000004841, -1.374999999999998668, 3.823497185254834729 ) ) ;
#1400 = CARTESIAN_POINT ( 'NONE',  ( 6.949999999999999289, -0.1100000000000000006, -3.695747996505077460 ) ) ;
#1401 = CARTESIAN_POINT ( 'NONE',  ( -5.750000000000000000, 0.1100000000000000006, 3.550000000000000266 ) ) ;
#1402 = AXIS2_PLACEMENT_3D ( 'NONE', #3529, #360, #1150 ) ;
#1403 = SURFACE_STYLE_USAGE ( .BOTH. , #1438 ) ;
#1404 = DIRECTION ( 'NONE',  ( -1.000000000000000000, -0.000000000000000000, -0.000000000000000000 ) ) ;
#1405 = VECTOR ( 'NONE', #6471, 1000.000000000000000 ) ;
#1406 = DIRECTION ( 'NONE',  ( -1.000000000000000000, -0.000000000000000000, -0.000000000000000000 ) ) ;
#1407 = LINE ( 'NONE', #10222, #7976 ) ;
#1408 = PRESENTATION_LAYER_ASSIGNMENT (  '', '', ( #7896 ) ) ;
#1409 = SURFACE_STYLE_FILL_AREA ( #3091 ) ;
#1410 = ORIENTED_EDGE ( 'NONE', *, *, #8092, .T. ) ;
#1411 = ADVANCED_FACE ( 'NONE', ( #6096 ), #5357, .F. ) ;
#1412 = EDGE_CURVE ( 'NONE', #6564, #2820, #4315, .T. ) ;
#1413 = ORIENTED_EDGE ( 'NONE', *, *, #4804, .F. ) ;
#1414 = CARTESIAN_POINT ( 'NONE',  ( 7.142742732160400898, -0.2000534821418788467, -3.748409699540487416 ) ) ;
#1415 = VECTOR ( 'NONE', #2814, 1000.000000000000000 ) ;
#1416 = EDGE_CURVE ( 'NONE', #7170, #2298, #2807, .T. ) ;
#1417 = SURFACE_SIDE_STYLE ('',( #2714 ) ) ;
#1418 = STYLED_ITEM ( 'NONE', ( #9872 ), #6066 ) ;
#1419 = VERTEX_POINT ( 'NONE', #682 ) ;
#1420 = PLANE ( 'NONE',  #8752 ) ;
#1421 =( NAMED_UNIT ( * ) SI_UNIT ( $, .STERADIAN. ) SOLID_ANGLE_UNIT ( ) );
#1422 = UNCERTAINTY_MEASURE_WITH_UNIT (LENGTH_MEASURE( 1.000000000000000082E-05 ), #6571, 'distance_accuracy_value', 'NONE');
#1423 = CARTESIAN_POINT ( 'NONE',  ( -9.207097143600909916, 0.5749999999999999556, -0.5241992011858084277 ) ) ;
#1424 = EDGE_LOOP ( 'NONE', ( #6568, #472, #2010, #7018 ) ) ;
#1425 = MECHANICAL_DESIGN_GEOMETRIC_PRESENTATION_REPRESENTATION (  '', ( #5143 ), #9213 ) ;
#1426 = SURFACE_STYLE_FILL_AREA ( #7848 ) ;
#1427 = CARTESIAN_POINT ( 'NONE',  ( -3.210000000000000853, -0.1100000000000000006, 3.550000000000000266 ) ) ;
#1428 = CARTESIAN_POINT ( 'NONE',  ( 3.281936167392619730, -1.374999999999998890, -4.250000000000000888 ) ) ;
#1429 = MECHANICAL_DESIGN_GEOMETRIC_PRESENTATION_REPRESENTATION (  '', ( #40 ), #574 ) ;
#1430 = VECTOR ( 'NONE', #9859, 1000.000000000000000 ) ;
#1431 = ORIENTED_EDGE ( 'NONE', *, *, #6278, .T. ) ;
#1432 = VECTOR ( 'NONE', #2181, 1000.000000000000000 ) ;
#1433 = CIRCLE ( 'NONE', #306, 0.05000000000000012768 ) ;
#1434 = ORIENTED_EDGE ( 'NONE', *, *, #1816, .T. ) ;
#1435 = PRESENTATION_STYLE_ASSIGNMENT (( #2472 ) ) ;
#1436 =( NAMED_UNIT ( * ) PLANE_ANGLE_UNIT ( ) SI_UNIT ( $, .RADIAN. ) );
#1437 = PRESENTATION_LAYER_ASSIGNMENT (  '', '', ( #929 ) ) ;
#1438 = SURFACE_SIDE_STYLE ('',( #9693 ) ) ;
#1440 = DIRECTION ( 'NONE',  ( 1.000000000000000000, 0.000000000000000000, -0.000000000000000000 ) ) ;
#1439 = SURFACE_STYLE_USAGE ( .BOTH. , #5257 ) ;
#1441 =( GEOMETRIC_REPRESENTATION_CONTEXT ( 3 ) GLOBAL_UNCERTAINTY_ASSIGNED_CONTEXT ( ( #8941 ) ) GLOBAL_UNIT_ASSIGNED_CONTEXT ( ( #5051, #1785, #7342 ) ) REPRESENTATION_CONTEXT ( 'NONE', 'WORKASPACE' ) );
#1442 = VECTOR ( 'NONE', #9960, 1000.000000000000114 ) ;
#1443 = ORIENTED_EDGE ( 'NONE', *, *, #6223, .T. ) ;
#1444 = CIRCLE ( 'NONE', #8955, 0.05000000000000012768 ) ;
#1445 = FACE_OUTER_BOUND ( 'NONE', #3649, .T. ) ;
#1446 = FILL_AREA_STYLE_COLOUR ( '', #8708 ) ;
#1447 = DIRECTION ( 'NONE',  ( -0.000000000000000000, -0.000000000000000000, -1.000000000000000000 ) ) ;
#1448 = VERTEX_POINT ( 'NONE', #4648 ) ;
#1449 =( GEOMETRIC_REPRESENTATION_CONTEXT ( 3 ) GLOBAL_UNCERTAINTY_ASSIGNED_CONTEXT ( ( #5180 ) ) GLOBAL_UNIT_ASSIGNED_CONTEXT ( ( #8134, #4180, #3305 ) ) REPRESENTATION_CONTEXT ( 'NONE', 'WORKASPACE' ) );
#1450 = FACE_OUTER_BOUND ( 'NONE', #1090, .T. ) ;
#1451 = ORIENTED_EDGE ( 'NONE', *, *, #1998, .T. ) ;
#1452 = SURFACE_STYLE_USAGE ( .BOTH. , #6383 ) ;
#1453 = FILL_AREA_STYLE ('',( #4604 ) ) ;
#1454 = LINE ( 'NONE', #2647, #6396 ) ;
#1455 = SURFACE_SIDE_STYLE ('',( #9726 ) ) ;
#1456 = SURFACE_STYLE_FILL_AREA ( #8719 ) ;
#1457 = FACE_OUTER_BOUND ( 'NONE', #5754, .T. ) ;
#1458 = DIRECTION ( 'NONE',  ( -1.000000000000000000, 0.000000000000000000, 9.794241735966333711E-17 ) ) ;
#1459 = VERTEX_POINT ( 'NONE', #10181 ) ;
#1460 = EDGE_CURVE ( 'NONE', #5095, #6618, #7481, .T. ) ;
#1461 = ORIENTED_EDGE ( 'NONE', *, *, #8235, .T. ) ;
#1462 = PLANE ( 'NONE',  #4213 ) ;
#1463 = LINE ( 'NONE', #9128, #7286 ) ;
#1464 = ORIENTED_EDGE ( 'NONE', *, *, #9542, .T. ) ;
#1465 = ADVANCED_FACE ( 'NONE', ( #7845 ), #3893, .F. ) ;
#1466 = SURFACE_STYLE_USAGE ( .BOTH. , #1367 ) ;
#1467 = AXIS2_PLACEMENT_3D ( 'NONE', #10446, #4119, #9778 ) ;
#1468 = EDGE_CURVE ( 'NONE', #4403, #1791, #9243, .T. ) ;
#1469 = DIRECTION ( 'NONE',  ( 1.000000000000000000, 0.000000000000000000, 0.000000000000000000 ) ) ;
#1470 = AXIS2_PLACEMENT_3D ( 'NONE', #7830, #3810, #2961 ) ;
#1471 = DIRECTION ( 'NONE',  ( -0.000000000000000000, -0.000000000000000000, 1.000000000000000000 ) ) ;
#1472 = ORIENTED_EDGE ( 'NONE', *, *, #8050, .T. ) ;
#1473 = FILL_AREA_STYLE_COLOUR ( '', #5737 ) ;
#1474 = CARTESIAN_POINT ( 'NONE',  ( 5.750000000000000000, 0.06000000000000001166, 3.897297636193110648 ) ) ;
#1475 = ORIENTED_EDGE ( 'NONE', *, *, #6575, .F. ) ;
#1476 = EDGE_CURVE ( 'NONE', #5221, #8063, #7591, .T. ) ;
#1477 = FILL_AREA_STYLE ('',( #10158 ) ) ;
#1478 = FACE_OUTER_BOUND ( 'NONE', #7534, .T. ) ;
#1480 = DIRECTION ( 'NONE',  ( -0.2193360129683985249, -0.9736631258226969843, -0.06222403738348531582 ) ) ;
#1479 = DIRECTION ( 'NONE',  ( 0.000000000000000000, -0.000000000000000000, 1.000000000000000000 ) ) ;
#1481 = DIRECTION ( 'NONE',  ( -0.2193360129683985527, -0.9736631258226969843, 0.06222403738348480234 ) ) ;
#1482 = LINE ( 'NONE', #1414, #2620 ) ;
#1483 = EDGE_CURVE ( 'NONE', #2304, #4161, #7232, .T. ) ;
#1484 = UNCERTAINTY_MEASURE_WITH_UNIT (LENGTH_MEASURE( 1.000000000000000082E-05 ), #7687, 'distance_accuracy_value', 'NONE');
#1485 = VERTEX_POINT ( 'NONE', #152 ) ;
#1486 = ORIENTED_EDGE ( 'NONE', *, *, #4165, .F. ) ;
#1487 =( GEOMETRIC_REPRESENTATION_CONTEXT ( 3 ) GLOBAL_UNCERTAINTY_ASSIGNED_CONTEXT ( ( #1607 ) ) GLOBAL_UNIT_ASSIGNED_CONTEXT ( ( #3449, #355, #6734 ) ) REPRESENTATION_CONTEXT ( 'NONE', 'WORKASPACE' ) );
#1488 = EDGE_CURVE ( 'NONE', #6485, #3734, #1166, .T. ) ;
#1489 = SURFACE_STYLE_USAGE ( .BOTH. , #809 ) ;
#1490 = CARTESIAN_POINT ( 'NONE',  ( -9.207097143600909916, 0.7750000000000000222, 0.5241992011858075395 ) ) ;
#1491 = ORIENTED_EDGE ( 'NONE', *, *, #1998, .F. ) ;
#1492 = AXIS2_PLACEMENT_3D ( 'NONE', #619, #1404, #662 ) ;
#1493 = CARTESIAN_POINT ( 'NONE',  ( 4.410000000000000142, 0.06000000000000001166, -3.897297636193110648 ) ) ;
#1494 = EDGE_CURVE ( 'NONE', #5109, #1541, #6224, .T. ) ;
#1495 = LINE ( 'NONE', #8100, #8187 ) ;
#1496 = PLANE ( 'NONE',  #1568 ) ;
#1497 = ORIENTED_EDGE ( 'NONE', *, *, #87, .F. ) ;
#1498 = ORIENTED_EDGE ( 'NONE', *, *, #8802, .F. ) ;
#1499 = EDGE_LOOP ( 'NONE', ( #8927, #4846, #10286, #2936, #2651, #9424, #735, #10046 ) ) ;
#1500 = SURFACE_SIDE_STYLE ('',( #1772 ) ) ;
#1501 = SURFACE_SIDE_STYLE ('',( #3047 ) ) ;
#1502 = LINE ( 'NONE', #3919, #4149 ) ;
#1503 = LINE ( 'NONE', #5513, #9207 ) ;
#1504 = VECTOR ( 'NONE', #675, 1000.000000000000000 ) ;
#1505 = PRESENTATION_LAYER_ASSIGNMENT (  '', '', ( #8953 ) ) ;
#1506 = CARTESIAN_POINT ( 'NONE',  ( -9.115000000000000213, -0.1568111475989498460, -3.745646205093807080 ) ) ;
#1507 = VERTEX_POINT ( 'NONE', #5854 ) ;
#1508 = VERTEX_POINT ( 'NONE', #6602 ) ;
#1509 = ORIENTED_EDGE ( 'NONE', *, *, #8929, .F. ) ;
#1510 = ADVANCED_FACE ( 'NONE', ( #5708 ), #1739, .F. ) ;
#1511 = PRESENTATION_LAYER_ASSIGNMENT (  '', '', ( #6599 ) ) ;
#1512 = DIRECTION ( 'NONE',  ( 0.000000000000000000, 0.000000000000000000, -1.000000000000000000 ) ) ;
#1513 = CARTESIAN_POINT ( 'NONE',  ( 0.7419361673926192502, -1.374999999999998890, -4.039106398383939478 ) ) ;
#1514 = DIRECTION ( 'NONE',  ( 0.000000000000000000, -1.000000000000000000, 0.000000000000000000 ) ) ;
#1515 = PRESENTATION_STYLE_ASSIGNMENT (( #3014 ) ) ;
#1516 = CARTESIAN_POINT ( 'NONE',  ( -3.210000000000000853, 0.06318885240105015511, 3.947195844781839824 ) ) ;
#1517 = CARTESIAN_POINT ( 'NONE',  ( 3.209999999999999964, 0.06318885240105015511, -3.947195844781839824 ) ) ;
#1518 = CARTESIAN_POINT ( 'NONE',  ( -1.019999999999999130, -1.374999999999998890, -4.250000000000000888 ) ) ;
#1519 = CARTESIAN_POINT ( 'NONE',  ( -4.059999999999999609, -4.674999999999999822, 4.249999999999999112 ) ) ;
#1520 = ORIENTED_EDGE ( 'NONE', *, *, #3915, .F. ) ;
#1521 = VERTEX_POINT ( 'NONE', #3299 ) ;
#1522 = DIRECTION ( 'NONE',  ( -0.000000000000000000, -0.000000000000000000, 1.000000000000000000 ) ) ;
#1523 = ORIENTED_EDGE ( 'NONE', *, *, #4270, .F. ) ;
#1524 = PRESENTATION_LAYER_ASSIGNMENT (  '', '', ( #10028 ) ) ;
#1525 = ADVANCED_FACE ( 'NONE', ( #5088 ), #9800, .F. ) ;
#1526 = AXIS2_PLACEMENT_3D ( 'NONE', #3477, #3547, #379 ) ;
#1527 = LINE ( 'NONE', #729, #10367 ) ;
#1528 = CARTESIAN_POINT ( 'NONE',  ( -8.290000000000000924, -0.1599999999999999756, -3.695747996505077904 ) ) ;
#1529 = VECTOR ( 'NONE', #1188, 1000.000000000000000 ) ;
#1530 = LINE ( 'NONE', #10002, #2408 ) ;
#1531 = ORIENTED_EDGE ( 'NONE', *, *, #3375, .F. ) ;
#1532 =( LENGTH_UNIT ( ) NAMED_UNIT ( * ) SI_UNIT ( .MILLI., .METRE. ) );
#1533 = DIRECTION ( 'NONE',  ( -0.000000000000000000, 0.000000000000000000, 1.000000000000000000 ) ) ;
#1534 = VECTOR ( 'NONE', #5074, 1000.000000000000000 ) ;
#1535 = PRESENTATION_STYLE_ASSIGNMENT (( #7973 ) ) ;
#1536 = SURFACE_SIDE_STYLE ('',( #909 ) ) ;
#1537 = DIRECTION ( 'NONE',  ( -1.000000000000000000, -0.000000000000000000, 0.000000000000000000 ) ) ;
#1538 = CIRCLE ( 'NONE', #9412, 0.05000000000000012768 ) ;
#1539 = VECTOR ( 'NONE', #824, 1000.000000000000227 ) ;
#1540 = CARTESIAN_POINT ( 'NONE',  ( -1.019999999999999130, -1.374999999999998890, -4.250000000000000888 ) ) ;
#1541 = VERTEX_POINT ( 'NONE', #6635 ) ;
#1542 = EDGE_CURVE ( 'NONE', #1640, #6036, #8222, .T. ) ;
#1543 = EDGE_CURVE ( 'NONE', #7348, #10232, #3799, .T. ) ;
#1544 = PRESENTATION_STYLE_ASSIGNMENT (( #8447 ) ) ;
#1545 = SURFACE_STYLE_USAGE ( .BOTH. , #5571 ) ;
#1546 = UNCERTAINTY_MEASURE_WITH_UNIT (LENGTH_MEASURE( 1.000000000000000082E-05 ), #7550, 'distance_accuracy_value', 'NONE');
#1547 = DIRECTION ( 'NONE',  ( -1.000000000000000000, -0.000000000000000000, 0.000000000000000000 ) ) ;
#1548 =( NAMED_UNIT ( * ) PLANE_ANGLE_UNIT ( ) SI_UNIT ( $, .RADIAN. ) );
#1549 = ORIENTED_EDGE ( 'NONE', *, *, #4054, .T. ) ;
#1550 = DIRECTION ( 'NONE',  ( -1.000000000000000000, -0.000000000000000000, -0.000000000000000000 ) ) ;
#1551 = EDGE_CURVE ( 'NONE', #9024, #3880, #5446, .T. ) ;
#1552 = VERTEX_POINT ( 'NONE', #5775 ) ;
#1553 = CARTESIAN_POINT ( 'NONE',  ( -3.210000000000000853, -0.1100000000000000006, -3.550000000000000266 ) ) ;
#1554 = CARTESIAN_POINT ( 'NONE',  ( 6.100000000000001421, -0.1568111475989498460, 3.745646205093807080 ) ) ;
#1555 = FACE_OUTER_BOUND ( 'NONE', #2953, .T. ) ;
#1556 = EDGE_CURVE ( 'NONE', #487, #2180, #42, .T. ) ;
#1557 = ORIENTED_EDGE ( 'NONE', *, *, #2851, .F. ) ;
#1558 = UNCERTAINTY_MEASURE_WITH_UNIT (LENGTH_MEASURE( 1.000000000000000082E-05 ), #1133, 'distance_accuracy_value', 'NONE');
#1559 = DIRECTION ( 'NONE',  ( 0.9755535465928818484, 0.2197618659596111135, 0.000000000000000000 ) ) ;
#1560 = DIRECTION ( 'NONE',  ( 0.000000000000000000, 0.000000000000000000, -1.000000000000000000 ) ) ;
#1561 = VERTEX_POINT ( 'NONE', #3333 ) ;
#1562 = EDGE_CURVE ( 'NONE', #1632, #5095, #1041, .T. ) ;
#1563 = FILL_AREA_STYLE ('',( #9582 ) ) ;
#1564 = AXIS2_PLACEMENT_3D ( 'NONE', #5276, #9304, #3675 ) ;
#1565 = VECTOR ( 'NONE', #8774, 1000.000000000000000 ) ;
#1566 = CIRCLE ( 'NONE', #10408, 0.04999999999999969746 ) ;
#1567 = DIRECTION ( 'NONE',  ( -1.000000000000000000, -0.000000000000000000, -0.000000000000000000 ) ) ;
#1568 = AXIS2_PLACEMENT_3D ( 'NONE', #4679, #3824, #1533 ) ;
#1569 = LINE ( 'NONE', #346, #7877 ) ;
#1570 = DIRECTION ( 'NONE',  ( -0.000000000000000000, 1.000000000000000000, 0.000000000000000000 ) ) ;
#1571 = ORIENTED_EDGE ( 'NONE', *, *, #8038, .F. ) ;
#1572 = ADVANCED_FACE ( 'NONE', ( #5079 ), #5736, .F. ) ;
#1573 = CYLINDRICAL_SURFACE ( 'NONE', #3561, 0.05000000000000012768 ) ;
#1574 = PRESENTATION_STYLE_ASSIGNMENT (( #1489 ) ) ;
#1575 = VECTOR ( 'NONE', #1757, 1000.000000000000000 ) ;
#1576 = CLOSED_SHELL ( 'NONE', ( #5117, #5935, #2370, #3060, #8617, #10308, #8290, #3048, #9680, #5024, #705, #5925, #3510, #2698, #741, #6736, #6407, #6725 ) ) ;
#1577 = CYLINDRICAL_SURFACE ( 'NONE', #3340, 0.05000000000000012768 ) ;
#1578 = CARTESIAN_POINT ( 'NONE',  ( -1.519999999999999574, -1.374999999999999112, -4.039106398383939478 ) ) ;
#1579 = AXIS2_PLACEMENT_3D ( 'NONE', #5104, #4349, #1771 ) ;
#1580 = LINE ( 'NONE', #10000, #1949 ) ;
#1581 = SURFACE_SIDE_STYLE ('',( #180 ) ) ;
#1582 = PRESENTATION_LAYER_ASSIGNMENT (  '', '', ( #8686 ) ) ;
#1583 = ORIENTED_EDGE ( 'NONE', *, *, #3154, .F. ) ;
#1584 = ORIENTED_EDGE ( 'NONE', *, *, #2851, .T. ) ;
#1585 = LINE ( 'NONE', #5644, #856 ) ;
#1586 = DIRECTION ( 'NONE',  ( 0.000000000000000000, 0.000000000000000000, 1.000000000000000000 ) ) ;
#1587 = CARTESIAN_POINT ( 'NONE',  ( 1.870000000000000107, -0.1100000000000000006, 3.550000000000000266 ) ) ;
#1588 = CARTESIAN_POINT ( 'NONE',  ( 9.115000000000000213, -0.1100000000000000006, -3.550000000000000266 ) ) ;
#1589 = MECHANICAL_DESIGN_GEOMETRIC_PRESENTATION_REPRESENTATION (  '', ( #946 ), #1449 ) ;
#1590 = ORIENTED_EDGE ( 'NONE', *, *, #500, .T. ) ;
#1591 = VECTOR ( 'NONE', #2466, 1000.000000000000000 ) ;
#1592 = CARTESIAN_POINT ( 'NONE',  ( -0.6700000000000004841, 0.06318885240105015511, 3.947195844781839824 ) ) ;
#1593 = ORIENTED_EDGE ( 'NONE', *, *, #7614, .F. ) ;
#1594 = SURFACE_STYLE_FILL_AREA ( #3580 ) ;
#1595 = DIRECTION ( 'NONE',  ( 1.000000000000000000, 0.000000000000000000, 0.000000000000000000 ) ) ;
#1596 = DIRECTION ( 'NONE',  ( -0.000000000000000000, -0.000000000000000000, 1.000000000000000000 ) ) ;
#1597 = EDGE_CURVE ( 'NONE', #5908, #10086, #1647, .T. ) ;
#1598 = CARTESIAN_POINT ( 'NONE',  ( 9.882742557828871455, 0.7750000000000000222, 3.550000000000000266 ) ) ;
#1599 =( LENGTH_UNIT ( ) NAMED_UNIT ( * ) SI_UNIT ( .MILLI., .METRE. ) );
#1600 = VERTEX_POINT ( 'NONE', #2671 ) ;
#1601 = CARTESIAN_POINT ( 'NONE',  ( 6.600000000000001421, -1.374999999999998890, -4.250000000000000888 ) ) ;
#1602 = MECHANICAL_DESIGN_GEOMETRIC_PRESENTATION_REPRESENTATION (  '', ( #1088 ), #1801 ) ;
#1603 = ORIENTED_EDGE ( 'NONE', *, *, #3564, .F. ) ;
#1604 = CARTESIAN_POINT ( 'NONE',  ( -9.115000000000000213, 0.1100000000000000006, 3.550000000000000266 ) ) ;
#1605 =( NAMED_UNIT ( * ) SI_UNIT ( $, .STERADIAN. ) SOLID_ANGLE_UNIT ( ) );
#1606 = DIRECTION ( 'NONE',  ( -1.000000000000000000, -0.000000000000000000, 0.000000000000000000 ) ) ;
#1607 = UNCERTAINTY_MEASURE_WITH_UNIT (LENGTH_MEASURE( 1.000000000000000082E-05 ), #3449, 'distance_accuracy_value', 'NONE');
#1608 = SURFACE_STYLE_USAGE ( .BOTH. , #5470 ) ;
#1609 = ORIENTED_EDGE ( 'NONE', *, *, #417, .T. ) ;
#1610 = ORIENTED_EDGE ( 'NONE', *, *, #10186, .T. ) ;
#1611 = EDGE_CURVE ( 'NONE', #5505, #3137, #4178, .T. ) ;
#1612 = CARTESIAN_POINT ( 'NONE',  ( -6.099999999999999645, -1.374999999999998890, -3.823497185254834729 ) ) ;
#1613 = PRESENTATION_STYLE_ASSIGNMENT (( #4593 ) ) ;
#1614 = DIRECTION ( 'NONE',  ( 0.000000000000000000, 1.000000000000000000, 0.000000000000000000 ) ) ;
#1615 = CARTESIAN_POINT ( 'NONE',  ( -5.750000000000000000, -1.055665328710549522, -4.250000000000000888 ) ) ;
#1616 = EDGE_CURVE ( 'NONE', #3974, #886, #4555, .T. ) ;
#1617 = ADVANCED_FACE ( 'NONE', ( #9876 ), #8271, .F. ) ;
#1618 = MECHANICAL_DESIGN_GEOMETRIC_PRESENTATION_REPRESENTATION (  '', ( #9755 ), #1487 ) ;
#1619 = EDGE_CURVE ( 'NONE', #2650, #2409, #3170, .T. ) ;
#1620 = VERTEX_POINT ( 'NONE', #1400 ) ;
#1622 = VERTEX_POINT ( 'NONE', #7859 ) ;
#1621 = CARTESIAN_POINT ( 'NONE',  ( 3.560000000000000497, -0.1568111475989498460, 3.745646205093807080 ) ) ;
#1623 = DIRECTION ( 'NONE',  ( -1.000000000000000000, -0.000000000000000000, -0.000000000000000000 ) ) ;
#1624 = PLANE ( 'NONE',  #1714 ) ;
#1625 = MECHANICAL_DESIGN_GEOMETRIC_PRESENTATION_REPRESENTATION (  '', ( #5031 ), #7195 ) ;
#1626 = CARTESIAN_POINT ( 'NONE',  ( 4.410000000000000142, -1.374999999999998668, 3.823497185254834729 ) ) ;
#1627 = DIRECTION ( 'NONE',  ( 0.2193360129683985527, -0.9736631258226969843, 0.06222403738348494112 ) ) ;
#1628 = DIRECTION ( 'NONE',  ( -1.000000000000000000, -0.000000000000000000, -0.000000000000000000 ) ) ;
#1629 = DIRECTION ( 'NONE',  ( -0.000000000000000000, -0.000000000000000000, 1.000000000000000000 ) ) ;
#1630 = VECTOR ( 'NONE', #3358, 1000.000000000000000 ) ;
#1631 = ORIENTED_EDGE ( 'NONE', *, *, #8320, .F. ) ;
#1632 = VERTEX_POINT ( 'NONE', #9529 ) ;
#1633 = DIRECTION ( 'NONE',  ( -1.000000000000000000, -0.000000000000000000, -0.000000000000000000 ) ) ;
#1634 = DIRECTION ( 'NONE',  ( 0.000000000000000000, -0.000000000000000000, 1.000000000000000000 ) ) ;
#1635 = SURFACE_SIDE_STYLE ('',( #4701 ) ) ;
#1636 = STYLED_ITEM ( 'NONE', ( #10073 ), #9202 ) ;
#1637 = LINE ( 'NONE', #1427, #6062 ) ;
#1638 = DIRECTION ( 'NONE',  ( 1.000000000000000000, 0.000000000000000000, 0.000000000000000000 ) ) ;
#1639 = VECTOR ( 'NONE', #9772, 1000.000000000000000 ) ;
#1640 = VERTEX_POINT ( 'NONE', #2631 ) ;
#1641 = AXIS2_PLACEMENT_3D ( 'NONE', #2604, #270, #8252 ) ;
#1642 = VERTEX_POINT ( 'NONE', #7890 ) ;
#1643 = EDGE_LOOP ( 'NONE', ( #10045, #3010, #5808, #2594 ) ) ;
#1644 = FILL_AREA_STYLE_COLOUR ( '', #498 ) ;
#1645 =( NAMED_UNIT ( * ) PLANE_ANGLE_UNIT ( ) SI_UNIT ( $, .RADIAN. ) );
#1646 = CARTESIAN_POINT ( 'NONE',  ( -6.099999999999999645, -4.675000000000000711, -4.034390786870895695 ) ) ;
#1647 = LINE ( 'NONE', #5886, #1534 ) ;
#1648 = LINE ( 'NONE', #5746, #2677 ) ;
#1649 = VERTEX_POINT ( 'NONE', #7071 ) ;
#1650 = PRESENTATION_LAYER_ASSIGNMENT (  '', '', ( #3752 ) ) ;
#1651 = FACE_OUTER_BOUND ( 'NONE', #6533, .T. ) ;
#1652 = ORIENTED_EDGE ( 'NONE', *, *, #10115, .F. ) ;
#1653 = DIRECTION ( 'NONE',  ( -0.9245508909688874288, -0.3810585913066867891, 0.000000000000000000 ) ) ;
#1654 = DIRECTION ( 'NONE',  ( -0.000000000000000000, -0.000000000000000000, 1.000000000000000000 ) ) ;
#1655 = VECTOR ( 'NONE', #2525, 1000.000000000000000 ) ;
#1656 = LINE ( 'NONE', #4884, #934 ) ;
#1657 = DIRECTION ( 'NONE',  ( 0.000000000000000000, 0.06377704802100914172, -0.9979641717745812990 ) ) ;
#1658 = PRESENTATION_STYLE_ASSIGNMENT (( #3888 ) ) ;
#1659 = CARTESIAN_POINT ( 'NONE',  ( -1.870000000000000107, -1.055665328710545747, -3.803089415876315993 ) ) ;
#1660 = ORIENTED_EDGE ( 'NONE', *, *, #4172, .T. ) ;
#1661 =( NAMED_UNIT ( * ) PLANE_ANGLE_UNIT ( ) SI_UNIT ( $, .RADIAN. ) );
#1662 = VERTEX_POINT ( 'NONE', #4658 ) ;
#1663 = AXIS2_PLACEMENT_3D ( 'NONE', #630, #4716, #3782 ) ;
#1664 = EDGE_CURVE ( 'NONE', #9302, #8701, #9369, .T. ) ;
#1665 = LINE ( 'NONE', #10112, #6615 ) ;
#1666 = DIRECTION ( 'NONE',  ( 0.000000000000000000, 1.000000000000000000, 0.000000000000000000 ) ) ;
#1667 = SURFACE_SIDE_STYLE ('',( #5364 ) ) ;
#1668 = CARTESIAN_POINT ( 'NONE',  ( 1.870000000000000107, -0.1568111475989498460, 3.745646205093807080 ) ) ;
#1669 = UNCERTAINTY_MEASURE_WITH_UNIT (LENGTH_MEASURE( 1.000000000000000082E-05 ), #6659, 'distance_accuracy_value', 'NONE');
#1670 = ADVANCED_FACE ( 'NONE', ( #6345 ), #2182, .F. ) ;
#1671 = EDGE_LOOP ( 'NONE', ( #10070, #7641, #3890, #8556 ) ) ;
#1672 = EDGE_CURVE ( 'NONE', #3854, #2937, #5577, .T. ) ;
#1673 =( LENGTH_UNIT ( ) NAMED_UNIT ( * ) SI_UNIT ( .MILLI., .METRE. ) );
#1674 = VERTEX_POINT ( 'NONE', #3068 ) ;
#1675 = LINE ( 'NONE', #6747, #4334 ) ;
#1676 = CARTESIAN_POINT ( 'NONE',  ( 4.338063832607382153, -1.374999999999998890, -4.250000000000000888 ) ) ;
#1677 = PRESENTATION_STYLE_ASSIGNMENT (( #2550 ) ) ;
#1678 = FACE_OUTER_BOUND ( 'NONE', #4692, .T. ) ;
#1679 = CARTESIAN_POINT ( 'NONE',  ( 4.410000000000000142, -0.1599999999999999756, 3.695747996505077904 ) ) ;
#1680 =( NAMED_UNIT ( * ) SI_UNIT ( $, .STERADIAN. ) SOLID_ANGLE_UNIT ( ) );
#1681 = EDGE_CURVE ( 'NONE', #4770, #9050, #9747, .T. ) ;
#1682 = DIRECTION ( 'NONE',  ( 1.000000000000000000, 0.000000000000000000, 0.000000000000000000 ) ) ;
#1683 = MANIFOLD_SOLID_BREP ( 'Cut-Extrude2[3]', #6188 ) ;
#1684 = DIRECTION ( 'NONE',  ( 0.000000000000000000, -0.000000000000000000, 1.000000000000000000 ) ) ;
#1685 = ORIENTED_EDGE ( 'NONE', *, *, #2001, .T. ) ;
#1686 = PRESENTATION_LAYER_ASSIGNMENT (  '', '', ( #7311 ) ) ;
#1687 = LINE ( 'NONE', #2215, #2954 ) ;
#1688 = EDGE_CURVE ( 'NONE', #6328, #10232, #6854, .T. ) ;
#1689 = CARTESIAN_POINT ( 'NONE',  ( 9.115000000000000213, 0.000000000000000000, -4.250000000000000888 ) ) ;
#1690 = ORIENTED_EDGE ( 'NONE', *, *, #5875, .T. ) ;
#1691 = DIRECTION ( 'NONE',  ( -1.000000000000000000, -0.000000000000000000, -0.000000000000000000 ) ) ;
#1692 = FILL_AREA_STYLE ('',( #6550 ) ) ;
#1693 =( NAMED_UNIT ( * ) SI_UNIT ( $, .STERADIAN. ) SOLID_ANGLE_UNIT ( ) );
#1694 = COLOUR_RGB ( '',0.7529411764705882248, 0.7529411764705882248, 0.7529411764705882248 ) ;
#1695 = SURFACE_STYLE_FILL_AREA ( #7251 ) ;
#1696 = PRESENTATION_LAYER_ASSIGNMENT (  '', '', ( #7326 ) ) ;
#1697 = PLANE ( 'NONE',  #5863 ) ;
#1698 = ORIENTED_EDGE ( 'NONE', *, *, #618, .F. ) ;
#1699 = PRESENTATION_LAYER_ASSIGNMENT (  '', '', ( #1175 ) ) ;
#1700 = CARTESIAN_POINT ( 'NONE',  ( 6.949999999999999289, -4.674999999999999822, -4.034390786870895695 ) ) ;
#1701 = VERTEX_POINT ( 'NONE', #4545 ) ;
#1702 = VECTOR ( 'NONE', #5749, 1000.000000000000000 ) ;
#1703 = SURFACE_STYLE_USAGE ( .BOTH. , #9874 ) ;
#1704 = LINE ( 'NONE', #9527, #5759 ) ;
#1705 = LINE ( 'NONE', #1339, #5760 ) ;
#1706 = SURFACE_SIDE_STYLE ('',( #5183 ) ) ;
#1707 = CARTESIAN_POINT ( 'NONE',  ( -6.599999999999999645, -1.374999999999998890, -4.250000000000000888 ) ) ;
#1708 = ORIENTED_EDGE ( 'NONE', *, *, #10141, .F. ) ;
#1709 = ORIENTED_EDGE ( 'NONE', *, *, #6069, .T. ) ;
#1710 =( NAMED_UNIT ( * ) SI_UNIT ( $, .STERADIAN. ) SOLID_ANGLE_UNIT ( ) );
#1711 = MECHANICAL_DESIGN_GEOMETRIC_PRESENTATION_REPRESENTATION (  '', ( #7662 ), #8766 ) ;
#1712 = CARTESIAN_POINT ( 'NONE',  ( -1.519999999999999574, 0.06318885240105015511, -3.947195844781839824 ) ) ;
#1713 = ORIENTED_EDGE ( 'NONE', *, *, #9335, .F. ) ;
#1714 = AXIS2_PLACEMENT_3D ( 'NONE', #7282, #2442, #8835 ) ;
#1715 = CARTESIAN_POINT ( 'NONE',  ( -0.6700000000000004841, -0.1100000000000000006, 3.550000000000000266 ) ) ;
#1716 = COLOUR_RGB ( '',0.7529411764705882248, 0.7529411764705882248, 0.7529411764705882248 ) ;
#1717 = CARTESIAN_POINT ( 'NONE',  ( -8.290000000000000924, 0.1100000000000000006, 3.550000000000000266 ) ) ;
#1718 = LINE ( 'NONE', #3791, #3994 ) ;
#1719 = CARTESIAN_POINT ( 'NONE',  ( 6.949999999999999289, -0.1100000000000000006, 3.550000000000000266 ) ) ;
#1720 = SURFACE_STYLE_FILL_AREA ( #2444 ) ;
#1721 = ADVANCED_FACE ( 'NONE', ( #791 ), #7467, .F. ) ;
#1722 = EDGE_LOOP ( 'NONE', ( #6752, #5377, #6218, #327 ) ) ;
#1723 = LINE ( 'NONE', #4214, #5269 ) ;
#1724 = ORIENTED_EDGE ( 'NONE', *, *, #2351, .T. ) ;
#1725 = CARTESIAN_POINT ( 'NONE',  ( -8.290000000000000924, -4.674999999999999822, 4.034390786870895695 ) ) ;
#1726 = DIRECTION ( 'NONE',  ( 0.9755535465928818484, 0.2197618659596111135, 0.000000000000000000 ) ) ;
#1727 = DIRECTION ( 'NONE',  ( 0.000000000000000000, 0.000000000000000000, -1.000000000000000000 ) ) ;
#1728 = VECTOR ( 'NONE', #2975, 1000.000000000000000 ) ;
#1729 = DIRECTION ( 'NONE',  ( -1.000000000000000000, 0.000000000000000000, -0.000000000000000000 ) ) ;
#1730 = ORIENTED_EDGE ( 'NONE', *, *, #5189, .F. ) ;
#1731 = ORIENTED_EDGE ( 'NONE', *, *, #7825, .T. ) ;
#1732 = VECTOR ( 'NONE', #6945, 1000.000000000000000 ) ;
#1733 = EDGE_CURVE ( 'NONE', #7470, #3854, #1527, .T. ) ;
#1734 = ORIENTED_EDGE ( 'NONE', *, *, #1024, .T. ) ;
#1735 = DIRECTION ( 'NONE',  ( 0.000000000000000000, 0.9979641717745812990, -0.06377704802100914172 ) ) ;
#1736 = EDGE_CURVE ( 'NONE', #5928, #7846, #3916, .T. ) ;
#1737 = CARTESIAN_POINT ( 'NONE',  ( 3.210000000000000853, -1.055665328710549522, -4.250000000000000888 ) ) ;
#1738 = LINE ( 'NONE', #6875, #9580 ) ;
#1739 = PLANE ( 'NONE',  #7406 ) ;
#1740 = UNCERTAINTY_MEASURE_WITH_UNIT (LENGTH_MEASURE( 1.000000000000000082E-05 ), #9619, 'distance_accuracy_value', 'NONE');
#1741 = EDGE_LOOP ( 'NONE', ( #2333, #6186, #10179, #9566, #996, #8485, #2741, #788 ) ) ;
#1742 = ORIENTED_EDGE ( 'NONE', *, *, #2645, .T. ) ;
#1743 =( GEOMETRIC_REPRESENTATION_CONTEXT ( 3 ) GLOBAL_UNCERTAINTY_ASSIGNED_CONTEXT ( ( #539 ) ) GLOBAL_UNIT_ASSIGNED_CONTEXT ( ( #4105, #9697, #9660 ) ) REPRESENTATION_CONTEXT ( 'NONE', 'WORKASPACE' ) );
#1744 = ORIENTED_EDGE ( 'NONE', *, *, #6242, .F. ) ;
#1745 = DIRECTION ( 'NONE',  ( 0.000000000000000000, -0.9979641717745812990, 0.06377704802100914172 ) ) ;
#1746 = PRESENTATION_LAYER_ASSIGNMENT (  '', '', ( #9000 ) ) ;
#1747 = DIRECTION ( 'NONE',  ( 1.000000000000000000, 0.000000000000000000, 0.000000000000000000 ) ) ;
#1748 = DIRECTION ( 'NONE',  ( -0.000000000000000000, 0.9979641717745812990, -0.06377704802100912784 ) ) ;
#1749 = EDGE_CURVE ( 'NONE', #5986, #6504, #8732, .T. ) ;
#1750 = FILL_AREA_STYLE_COLOUR ( '', #1326 ) ;
#1751 = VECTOR ( 'NONE', #1567, 1000.000000000000000 ) ;
#1752 = ORIENTED_EDGE ( 'NONE', *, *, #1556, .T. ) ;
#1753 = ORIENTED_EDGE ( 'NONE', *, *, #3302, .F. ) ;
#1754 = EDGE_CURVE ( 'NONE', #8096, #6618, #6966, .T. ) ;
#1755 = MECHANICAL_DESIGN_GEOMETRIC_PRESENTATION_REPRESENTATION (  '', ( #9012 ), #3054 ) ;
#1756 = FACE_OUTER_BOUND ( 'NONE', #5919, .T. ) ;
#1757 = DIRECTION ( 'NONE',  ( -1.000000000000000000, -0.000000000000000000, -0.000000000000000000 ) ) ;
#1758 = SURFACE_STYLE_FILL_AREA ( #1319 ) ;
#1759 = AXIS2_PLACEMENT_3D ( 'NONE', #1293, #6177, #467 ) ;
#1760 = VERTEX_POINT ( 'NONE', #1578 ) ;
#1761 = ORIENTED_EDGE ( 'NONE', *, *, #5280, .T. ) ;
#1762 = DIRECTION ( 'NONE',  ( 0.000000000000000000, 0.000000000000000000, -1.000000000000000000 ) ) ;
#1763 = ORIENTED_EDGE ( 'NONE', *, *, #4827, .F. ) ;
#1764 = MECHANICAL_DESIGN_GEOMETRIC_PRESENTATION_REPRESENTATION (  '', ( #852 ), #181 ) ;
#1765 = CARTESIAN_POINT ( 'NONE',  ( -5.821936167392618877, -1.374999999999998890, -4.250000000000000888 ) ) ;
#1766 = DIRECTION ( 'NONE',  ( 1.000000000000000000, 0.000000000000000000, 0.000000000000000000 ) ) ;
#1767 = VECTOR ( 'NONE', #6398, 999.9999999999998863 ) ;
#1768 = SURFACE_STYLE_USAGE ( .BOTH. , #9903 ) ;
#1770 = ORIENTED_EDGE ( 'NONE', *, *, #6033, .F. ) ;
#1769 = CARTESIAN_POINT ( 'NONE',  ( 1.870000000000000107, 0.1100000000000000006, 3.550000000000000266 ) ) ;
#1771 = DIRECTION ( 'NONE',  ( 0.000000000000000000, 0.9979641717745812990, -0.06377704802100926662 ) ) ;
#1772 = SURFACE_STYLE_FILL_AREA ( #8877 ) ;
#1773 = SURFACE_SIDE_STYLE ('',( #4096 ) ) ;
#1774 = DIRECTION ( 'NONE',  ( -1.000000000000000000, -0.000000000000000000, -0.000000000000000000 ) ) ;
#1775 = ADVANCED_FACE ( 'NONE', ( #7704 ), #7969, .F. ) ;
#1776 = MECHANICAL_DESIGN_GEOMETRIC_PRESENTATION_REPRESENTATION (  '', ( #2116 ), #6878 ) ;
#1777 = DIRECTION ( 'NONE',  ( -0.000000000000000000, 0.06377704802100914172, 0.9979641717745812990 ) ) ;
#1778 =( GEOMETRIC_REPRESENTATION_CONTEXT ( 3 ) GLOBAL_UNCERTAINTY_ASSIGNED_CONTEXT ( ( #10024 ) ) GLOBAL_UNIT_ASSIGNED_CONTEXT ( ( #9733, #995, #4907 ) ) REPRESENTATION_CONTEXT ( 'NONE', 'WORKASPACE' ) );
#1779 = SURFACE_STYLE_FILL_AREA ( #5791 ) ;
#1780 =( LENGTH_UNIT ( ) NAMED_UNIT ( * ) SI_UNIT ( .MILLI., .METRE. ) );
#1781 =( NAMED_UNIT ( * ) PLANE_ANGLE_UNIT ( ) SI_UNIT ( $, .RADIAN. ) );
#1782 = SURFACE_STYLE_FILL_AREA ( #5358 ) ;
#1783 = LINE ( 'NONE', #9133, #2679 ) ;
#1784 = PLANE ( 'NONE',  #1641 ) ;
#1785 =( NAMED_UNIT ( * ) PLANE_ANGLE_UNIT ( ) SI_UNIT ( $, .RADIAN. ) );
#1786 = FILL_AREA_STYLE ('',( #3438 ) ) ;
#1787 = ORIENTED_EDGE ( 'NONE', *, *, #956, .T. ) ;
#1788 = CARTESIAN_POINT ( 'NONE',  ( -6.599999999999999645, -4.674999999999999822, -4.250000000000000888 ) ) ;
#1789 = VECTOR ( 'NONE', #586, 1000.000000000000227 ) ;
#1790 = PRESENTATION_LAYER_ASSIGNMENT (  '', '', ( #7279 ) ) ;
#1791 = VERTEX_POINT ( 'NONE', #3240 ) ;
#1792 = ORIENTED_EDGE ( 'NONE', *, *, #972, .F. ) ;
#1793 = ORIENTED_EDGE ( 'NONE', *, *, #1168, .F. ) ;
#1794 = CARTESIAN_POINT ( 'NONE',  ( -1.519999999999999574, -0.1568111475989498460, -3.745646205093807080 ) ) ;
#1795 = PLANE ( 'NONE',  #1865 ) ;
#1796 = CARTESIAN_POINT ( 'NONE',  ( -0.6700000000000004841, 0.06000000000000001166, -3.897297636193110648 ) ) ;
#1797 = EDGE_CURVE ( 'NONE', #699, #1836, #531, .T. ) ;
#1798 = LINE ( 'NONE', #5264, #7734 ) ;
#1799 = UNCERTAINTY_MEASURE_WITH_UNIT (LENGTH_MEASURE( 1.000000000000000082E-05 ), #8597, 'distance_accuracy_value', 'NONE');
#1800 = EDGE_LOOP ( 'NONE', ( #3723, #7319, #6868, #4497 ) ) ;
#1801 =( GEOMETRIC_REPRESENTATION_CONTEXT ( 3 ) GLOBAL_UNCERTAINTY_ASSIGNED_CONTEXT ( ( #8608 ) ) GLOBAL_UNIT_ASSIGNED_CONTEXT ( ( #3046, #6976, #8692 ) ) REPRESENTATION_CONTEXT ( 'NONE', 'WORKASPACE' ) );
#1802 =( LENGTH_UNIT ( ) NAMED_UNIT ( * ) SI_UNIT ( .MILLI., .METRE. ) );
#1803 = ORIENTED_EDGE ( 'NONE', *, *, #8571, .F. ) ;
#1804 = CARTESIAN_POINT ( 'NONE',  ( -4.410000000000001030, -1.055665328710541973, -3.897297636193110648 ) ) ;
#1805 = PLANE ( 'NONE',  #730 ) ;
#1806 = CARTESIAN_POINT ( 'NONE',  ( -4.338063832607380377, -1.374999999999998890, 4.039106398383938590 ) ) ;
#1807 = SURFACE_SIDE_STYLE ('',( #1285 ) ) ;
#1808 = STYLED_ITEM ( 'NONE', ( #94 ), #6936 ) ;
#1809 = PRESENTATION_STYLE_ASSIGNMENT (( #7260 ) ) ;
#1810 = EDGE_CURVE ( 'NONE', #8787, #5800, #8849, .T. ) ;
#1811 = DIRECTION ( 'NONE',  ( 0.000000000000000000, 0.000000000000000000, 1.000000000000000000 ) ) ;
#1812 = ORIENTED_EDGE ( 'NONE', *, *, #3564, .T. ) ;
#1813 = SURFACE_STYLE_USAGE ( .BOTH. , #5175 ) ;
#1814 = LINE ( 'NONE', #4838, #3577 ) ;
#1815 = CARTESIAN_POINT ( 'NONE',  ( -6.949999999999999289, 0.06000000000000001166, -3.897297636193110648 ) ) ;
#1816 = EDGE_CURVE ( 'NONE', #7532, #2, #8988, .T. ) ;
#1817 = MECHANICAL_DESIGN_GEOMETRIC_PRESENTATION_REPRESENTATION (  '', ( #8175 ), #2713 ) ;
#1818 = EDGE_CURVE ( 'NONE', #475, #6127, #2141, .T. ) ;
#1819 = CARTESIAN_POINT ( 'NONE',  ( -10.00000000000000000, 0.1100000000000000006, -3.549999999999999378 ) ) ;
#1820 = SURFACE_STYLE_FILL_AREA ( #9401 ) ;
#1821 = SURFACE_SIDE_STYLE ('',( #5082 ) ) ;
#1822 = AXIS2_PLACEMENT_3D ( 'NONE', #3073, #1440, #3733 ) ;
#1823 = FACE_OUTER_BOUND ( 'NONE', #7933, .T. ) ;
#1824 = ORIENTED_EDGE ( 'NONE', *, *, #8722, .T. ) ;
#1825 = ADVANCED_FACE ( 'NONE', ( #2023 ), #61, .F. ) ;
#1826 = PRESENTATION_STYLE_ASSIGNMENT (( #1439 ) ) ;
#1827 = VECTOR ( 'NONE', #2888, 1000.000000000000000 ) ;
#1828 = DIRECTION ( 'NONE',  ( 0.000000000000000000, 0.000000000000000000, 1.000000000000000000 ) ) ;
#1829 = FACE_OUTER_BOUND ( 'NONE', #364, .T. ) ;
#1830 = FACE_OUTER_BOUND ( 'NONE', #7818, .T. ) ;
#1831 = CARTESIAN_POINT ( 'NONE',  ( -5.510082317812836195, 0.009362694809449371644, -3.950635721216884111 ) ) ;
#1832 =( NAMED_UNIT ( * ) SI_UNIT ( $, .STERADIAN. ) SOLID_ANGLE_UNIT ( ) );
#1833 = PLANE ( 'NONE',  #3619 ) ;
#1834 = DIRECTION ( 'NONE',  ( 0.000000000000000000, 0.000000000000000000, 1.000000000000000000 ) ) ;
#1835 = ORIENTED_EDGE ( 'NONE', *, *, #176, .T. ) ;
#1836 = VERTEX_POINT ( 'NONE', #4879 ) ;
#1837 =( NAMED_UNIT ( * ) SI_UNIT ( $, .STERADIAN. ) SOLID_ANGLE_UNIT ( ) );
#1838 = VERTEX_POINT ( 'NONE', #10378 ) ;
#1839 = LINE ( 'NONE', #2432, #10173 ) ;
#1840 = STYLED_ITEM ( 'NONE', ( #4277 ), #9298 ) ;
#1841 = COLOUR_RGB ( '',0.7529411764705882248, 0.7529411764705882248, 0.7529411764705882248 ) ;
#1842 = COLOUR_RGB ( '',0.7529411764705882248, 0.7529411764705882248, 0.7529411764705882248 ) ;
#1843 = CARTESIAN_POINT ( 'NONE',  ( 1.870000000000000107, -1.374999999999998668, -3.823497185254834729 ) ) ;
#1844 = CARTESIAN_POINT ( 'NONE',  ( 1.020000000000000018, -0.1568111475989498460, -3.745646205093807080 ) ) ;
#1845 = ORIENTED_EDGE ( 'NONE', *, *, #2426, .T. ) ;
#1846 = ORIENTED_EDGE ( 'NONE', *, *, #5413, .F. ) ;
#1847 = LINE ( 'NONE', #8079, #5026 ) ;
#1848 = ORIENTED_EDGE ( 'NONE', *, *, #6169, .F. ) ;
#1849 = FACE_OUTER_BOUND ( 'NONE', #6332, .T. ) ;
#1850 =( NAMED_UNIT ( * ) PLANE_ANGLE_UNIT ( ) SI_UNIT ( $, .RADIAN. ) );
#1851 = STYLED_ITEM ( 'NONE', ( #9750 ), #2035 ) ;
#1852 = DIRECTION ( 'NONE',  ( -1.000000000000000000, 0.000000000000000000, -0.000000000000000000 ) ) ;
#1853 = DIRECTION ( 'NONE',  ( -0.9755535465928818484, 0.2197618659596111135, 0.000000000000000000 ) ) ;
#1854 = DIRECTION ( 'NONE',  ( 0.000000000000000000, -0.9979641717745810769, -0.06377704802100964132 ) ) ;
#1855 = ORIENTED_EDGE ( 'NONE', *, *, #3114, .F. ) ;
#1856 = ORIENTED_EDGE ( 'NONE', *, *, #9271, .F. ) ;
#1857 = VERTEX_POINT ( 'NONE', #3978 ) ;
#1858 = COLOUR_RGB ( '',0.7529411764705882248, 0.7529411764705882248, 0.7529411764705882248 ) ;
#1859 = ORIENTED_EDGE ( 'NONE', *, *, #8784, .T. ) ;
#1860 = VERTEX_POINT ( 'NONE', #7140 ) ;
#1861 = ORIENTED_EDGE ( 'NONE', *, *, #2786, .F. ) ;
#1862 = PLANE ( 'NONE',  #10030 ) ;
#1863 = COLOUR_RGB ( '',0.7921568627450980005, 0.8196078431372548767, 0.9333333333333333481 ) ;
#1864 = CARTESIAN_POINT ( 'NONE',  ( -9.999999999999998224, -0.1100000000000000006, 3.550000000000000266 ) ) ;
#1865 = AXIS2_PLACEMENT_3D ( 'NONE', #8298, #3412, #4990 ) ;
#1866 = EDGE_CURVE ( 'NONE', #1947, #4903, #8215, .T. ) ;
#1867 = DIRECTION ( 'NONE',  ( 0.000000000000000000, -0.9979641717745812990, -0.06377704802100914172 ) ) ;
#1868 = DIRECTION ( 'NONE',  ( -1.000000000000000000, 0.000000000000000000, 0.000000000000000000 ) ) ;
#1869 = CIRCLE ( 'NONE', #3804, 0.05000000000000012768 ) ;
#1870 = DIRECTION ( 'NONE',  ( 0.000000000000000000, -0.000000000000000000, -1.000000000000000000 ) ) ;
#1871 = FACE_OUTER_BOUND ( 'NONE', #6806, .T. ) ;
#1872 = COLOUR_RGB ( '',0.7529411764705882248, 0.7529411764705882248, 0.7529411764705882248 ) ;
#1873 = ORIENTED_EDGE ( 'NONE', *, *, #2772, .F. ) ;
#1874 = ORIENTED_EDGE ( 'NONE', *, *, #4794, .F. ) ;
#1875 = EDGE_CURVE ( 'NONE', #8374, #1791, #6067, .T. ) ;
#1876 = CARTESIAN_POINT ( 'NONE',  ( -3.210000000000000853, 0.06000000000000001166, -3.897297636193110648 ) ) ;
#1877 =( NAMED_UNIT ( * ) PLANE_ANGLE_UNIT ( ) SI_UNIT ( $, .RADIAN. ) );
#1878 = ADVANCED_FACE ( 'NONE', ( #31 ), #10382, .T. ) ;
#1879 = COLOUR_RGB ( '',0.7529411764705882248, 0.7529411764705882248, 0.7529411764705882248 ) ;
#1880 = PLANE ( 'NONE',  #4678 ) ;
#1881 =( GEOMETRIC_REPRESENTATION_CONTEXT ( 3 ) GLOBAL_UNCERTAINTY_ASSIGNED_CONTEXT ( ( #5242 ) ) GLOBAL_UNIT_ASSIGNED_CONTEXT ( ( #10051, #3766, #1299 ) ) REPRESENTATION_CONTEXT ( 'NONE', 'WORKASPACE' ) );
#1882 = EDGE_CURVE ( 'NONE', #6009, #8482, #1648, .T. ) ;
#1883 = SURFACE_STYLE_FILL_AREA ( #9933 ) ;
#1884 = DIRECTION ( 'NONE',  ( 0.000000000000000000, 0.1736481776669303867, 0.9848077530122081313 ) ) ;
#1885 = ORIENTED_EDGE ( 'NONE', *, *, #4036, .F. ) ;
#1886 = ORIENTED_EDGE ( 'NONE', *, *, #6006, .F. ) ;
#1887 = MECHANICAL_DESIGN_GEOMETRIC_PRESENTATION_REPRESENTATION (  '', ( #1207 ), #3042 ) ;
#1888 = ORIENTED_EDGE ( 'NONE', *, *, #366, .F. ) ;
#1889 = CARTESIAN_POINT ( 'NONE',  ( 1.520000000000000462, -0.1568111475989498460, -3.745646205093807080 ) ) ;
#1890 = CARTESIAN_POINT ( 'NONE',  ( -3.210000000000000853, -0.1568111475989498460, 3.745646205093807080 ) ) ;
#1891 = EDGE_CURVE ( 'NONE', #6266, #7013, #1900, .T. ) ;
#1892 = ADVANCED_FACE ( 'NONE', ( #7975 ), #2501, .F. ) ;
#1893 = DIRECTION ( 'NONE',  ( 1.000000000000000000, -0.000000000000000000, 0.000000000000000000 ) ) ;
#1894 = ORIENTED_EDGE ( 'NONE', *, *, #10141, .T. ) ;
#1895 = ORIENTED_EDGE ( 'NONE', *, *, #1956, .T. ) ;
#1896 = EDGE_CURVE ( 'NONE', #9797, #1760, #2034, .T. ) ;
#1897 = SURFACE_STYLE_USAGE ( .BOTH. , #5942 ) ;
#1898 = PRESENTATION_LAYER_ASSIGNMENT (  '', '', ( #1043 ) ) ;
#1899 = CIRCLE ( 'NONE', #7777, 0.05000000000000012768 ) ;
#1900 = LINE ( 'NONE', #3372, #3535 ) ;
#1901 = DIRECTION ( 'NONE',  ( 0.000000000000000000, 1.000000000000000000, 0.000000000000000000 ) ) ;
#1902 = PLANE ( 'NONE',  #7819 ) ;
#1903 = PRESENTATION_STYLE_ASSIGNMENT (( #3304 ) ) ;
#1904 = CARTESIAN_POINT ( 'NONE',  ( 9.115000000000000213, 0.06318885240105015511, -3.947195844781839824 ) ) ;
#1905 = MECHANICAL_DESIGN_GEOMETRIC_PRESENTATION_REPRESENTATION (  '', ( #3389 ), #4835 ) ;
#1906 = ORIENTED_EDGE ( 'NONE', *, *, #5836, .F. ) ;
#1907 = LINE ( 'NONE', #4039, #5450 ) ;
#1908 = CARTESIAN_POINT ( 'NONE',  ( 1.870000000000000107, -1.374999999999998890, 4.039106398383938590 ) ) ;
#1909 = CARTESIAN_POINT ( 'NONE',  ( -8.665000000000000924, -4.674999999999999822, -4.250000000000000888 ) ) ;
#1910 = VERTEX_POINT ( 'NONE', #8172 ) ;
#1911 = CARTESIAN_POINT ( 'NONE',  ( 9.999999999999998224, 0.7750000000000000222, -3.432742557828870389 ) ) ;
#1912 = FACE_OUTER_BOUND ( 'NONE', #4818, .T. ) ;
#1913 = DIRECTION ( 'NONE',  ( -1.000000000000000000, -0.000000000000000000, -0.000000000000000000 ) ) ;
#1914 = PRESENTATION_STYLE_ASSIGNMENT (( #2346 ) ) ;
#1915 = ORIENTED_EDGE ( 'NONE', *, *, #8027, .F. ) ;
#1916 = PRESENTATION_STYLE_ASSIGNMENT (( #1466 ) ) ;
#1917 = AXIS2_PLACEMENT_3D ( 'NONE', #9438, #5414, #593 ) ;
#1918 = PLANE ( 'NONE',  #1366 ) ;
#1919 = ORIENTED_EDGE ( 'NONE', *, *, #5417, .T. ) ;
#1920 = VECTOR ( 'NONE', #5894, 1000.000000000000000 ) ;
#1921 = FILL_AREA_STYLE_COLOUR ( '', #253 ) ;
#1922 = LINE ( 'NONE', #3582, #4071 ) ;
#1923 = VECTOR ( 'NONE', #4735, 1000.000000000000000 ) ;
#1924 = ORIENTED_EDGE ( 'NONE', *, *, #5215, .T. ) ;
#1925 = CIRCLE ( 'NONE', #9949, 0.05000000000000012768 ) ;
#1926 = ORIENTED_EDGE ( 'NONE', *, *, #3831, .F. ) ;
#1927 = CARTESIAN_POINT ( 'NONE',  ( 4.338063832607382153, -1.374999999999998668, 4.039106398383939478 ) ) ;
#1928 = ORIENTED_EDGE ( 'NONE', *, *, #6695, .T. ) ;
#1929 = MECHANICAL_DESIGN_GEOMETRIC_PRESENTATION_REPRESENTATION (  '', ( #880 ), #342 ) ;
#1930 = ADVANCED_FACE ( 'NONE', ( #304 ), #4954, .F. ) ;
#1931 = COLOUR_RGB ( '',0.7529411764705882248, 0.7529411764705882248, 0.7529411764705882248 ) ;
#1932 = PRESENTATION_STYLE_ASSIGNMENT (( #3194 ) ) ;
#1933 = UNCERTAINTY_MEASURE_WITH_UNIT (LENGTH_MEASURE( 1.000000000000000082E-05 ), #7793, 'distance_accuracy_value', 'NONE');
#1934 = CARTESIAN_POINT ( 'NONE',  ( 4.410000000000000142, -1.374999999999998668, -3.823497185254834729 ) ) ;
#1935 = CARTESIAN_POINT ( 'NONE',  ( 9.999999999999998224, 0.1100000000000000006, -3.549999999999999378 ) ) ;
#1936 = CARTESIAN_POINT ( 'NONE',  ( 1.798063832607381451, -1.374999999999998890, -4.250000000000000888 ) ) ;
#1937 = DIRECTION ( 'NONE',  ( 0.000000000000000000, -0.000000000000000000, 1.000000000000000000 ) ) ;
#1938 = ORIENTED_EDGE ( 'NONE', *, *, #4377, .T. ) ;
#1939 = CARTESIAN_POINT ( 'NONE',  ( 4.410000000000000142, -0.1568111475989498460, 3.745646205093807080 ) ) ;
#1940 = EDGE_CURVE ( 'NONE', #10108, #4506, #3294, .T. ) ;
#1941 = DIRECTION ( 'NONE',  ( 0.000000000000000000, 0.000000000000000000, -1.000000000000000000 ) ) ;
#1942 =( NAMED_UNIT ( * ) SI_UNIT ( $, .STERADIAN. ) SOLID_ANGLE_UNIT ( ) );
#1943 = ORIENTED_EDGE ( 'NONE', *, *, #1396, .T. ) ;
#1944 = ADVANCED_FACE ( 'NONE', ( #9625 ), #8284, .F. ) ;
#1945 = DIRECTION ( 'NONE',  ( -0.000000000000000000, -0.000000000000000000, 1.000000000000000000 ) ) ;
#1946 = CARTESIAN_POINT ( 'NONE',  ( 9.490000000000000213, 0.06318885240105015511, -3.947195844781839824 ) ) ;
#1947 = VERTEX_POINT ( 'NONE', #7515 ) ;
#1948 = EDGE_CURVE ( 'NONE', #914, #9015, #5701, .T. ) ;
#1949 = VECTOR ( 'NONE', #3636, 1000.000000000000000 ) ;
#1950 = LINE ( 'NONE', #33, #7395 ) ;
#1951 = CARTESIAN_POINT ( 'NONE',  ( 8.665000000000000924, -4.674999999999999822, -4.250000000000000888 ) ) ;
#1952 = FILL_AREA_STYLE_COLOUR ( '', #7234 ) ;
#1953 = CARTESIAN_POINT ( 'NONE',  ( 1.870000000000000107, 0.06000000000000001166, 3.897297636193110648 ) ) ;
#1954 = ORIENTED_EDGE ( 'NONE', *, *, #5063, .F. ) ;
#1955 = CARTESIAN_POINT ( 'NONE',  ( -4.338063832607380377, -1.374999999999998890, -4.250000000000000888 ) ) ;
#1956 = EDGE_CURVE ( 'NONE', #184, #10081, #4560, .T. ) ;
#1957 = ORIENTED_EDGE ( 'NONE', *, *, #6582, .T. ) ;
#1958 =( NAMED_UNIT ( * ) PLANE_ANGLE_UNIT ( ) SI_UNIT ( $, .RADIAN. ) );
#1959 = STYLED_ITEM ( 'NONE', ( #9943 ), #6236 ) ;
#1960 = LINE ( 'NONE', #3731, #8658 ) ;
#1961 =( GEOMETRIC_REPRESENTATION_CONTEXT ( 3 ) GLOBAL_UNCERTAINTY_ASSIGNED_CONTEXT ( ( #2258 ) ) GLOBAL_UNIT_ASSIGNED_CONTEXT ( ( #10009, #372, #8455 ) ) REPRESENTATION_CONTEXT ( 'NONE', 'WORKASPACE' ) );
#1962 = ORIENTED_EDGE ( 'NONE', *, *, #8634, .T. ) ;
#1963 = ORIENTED_EDGE ( 'NONE', *, *, #149, .F. ) ;
#1964 = PRESENTATION_LAYER_ASSIGNMENT (  '', '', ( #5629 ) ) ;
#1965 = VERTEX_POINT ( 'NONE', #6822 ) ;
#1966 = VECTOR ( 'NONE', #2041, 1000.000000000000000 ) ;
#1967 = DIRECTION ( 'NONE',  ( 2.443272501375784959E-16, -0.000000000000000000, 1.000000000000000000 ) ) ;
#1968 = DIRECTION ( 'NONE',  ( -0.000000000000000000, 1.000000000000000000, 4.022841720910280989E-15 ) ) ;
#1969 = LINE ( 'NONE', #9017, #4767 ) ;
#1970 = CARTESIAN_POINT ( 'NONE',  ( 6.949999999999999289, 0.06000000000000001166, -3.897297636193110648 ) ) ;
#1971 = CARTESIAN_POINT ( 'NONE',  ( -1.019999999999999130, -1.374999999999998890, -4.039106398383939478 ) ) ;
#1972 = FILL_AREA_STYLE_COLOUR ( '', #9513 ) ;
#1973 = ORIENTED_EDGE ( 'NONE', *, *, #5130, .T. ) ;
#1974 = CIRCLE ( 'NONE', #10094, 0.05000000000000012768 ) ;
#1975 = MECHANICAL_DESIGN_GEOMETRIC_PRESENTATION_REPRESENTATION (  '', ( #929 ), #5636 ) ;
#1976 = PRESENTATION_STYLE_ASSIGNMENT (( #9961 ) ) ;
#1977 = SURFACE_STYLE_USAGE ( .BOTH. , #8475 ) ;
#1978 = FILL_AREA_STYLE ('',( #2085 ) ) ;
#1979 = FACE_OUTER_BOUND ( 'NONE', #2194, .T. ) ;
#1980 = ADVANCED_FACE ( 'NONE', ( #2159 ), #3539, .F. ) ;
#1981 = CARTESIAN_POINT ( 'NONE',  ( -6.949999999999999289, 0.1100000000000000006, 3.550000000000000266 ) ) ;
#1982 = CARTESIAN_POINT ( 'NONE',  ( 9.490000000000000213, -4.674999999999999822, -4.034390786870895695 ) ) ;
#1983 = ORIENTED_EDGE ( 'NONE', *, *, #6421, .T. ) ;
#1984 = ORIENTED_EDGE ( 'NONE', *, *, #4040, .F. ) ;
#1985 = CARTESIAN_POINT ( 'NONE',  ( -5.750000000000000000, 0.1100000000000000006, -3.550000000000000266 ) ) ;
#1986 = CARTESIAN_POINT ( 'NONE',  ( -9.207097143600909916, 0.5749999999999999556, -0.5241992011858084277 ) ) ;
#1987 = EDGE_LOOP ( 'NONE', ( #6735, #816, #6368, #1497, #6553, #3475, #2264, #3931 ) ) ;
#1988 = CARTESIAN_POINT ( 'NONE',  ( 6.878063832607382189, -1.374999999999998890, -4.250000000000000888 ) ) ;
#1989 = AXIS2_PLACEMENT_3D ( 'NONE', #4111, #4044, #7407 ) ;
#1990 = VECTOR ( 'NONE', #8677, 1000.000000000000000 ) ;
#1991 = CARTESIAN_POINT ( 'NONE',  ( 4.410000000000000142, 0.1100000000000000006, -3.550000000000000266 ) ) ;
#1992 = CARTESIAN_POINT ( 'NONE',  ( 6.949999999999999289, -0.1599999999999999756, -3.695747996505077904 ) ) ;
#1993 = DIRECTION ( 'NONE',  ( -0.000000000000000000, 0.9979641717745810769, 0.06377704802100964132 ) ) ;
#1994 = VERTEX_POINT ( 'NONE', #2918 ) ;
#1995 = VERTEX_POINT ( 'NONE', #5386 ) ;
#1996 = ORIENTED_EDGE ( 'NONE', *, *, #10276, .T. ) ;
#1997 = CARTESIAN_POINT ( 'NONE',  ( -6.599999999999999645, -0.1568111475989498460, 3.745646205093807080 ) ) ;
#1998 = EDGE_CURVE ( 'NONE', #9563, #759, #7474, .T. ) ;
#1999 = VECTOR ( 'NONE', #2559, 1000.000000000000000 ) ;
#2000 = EDGE_LOOP ( 'NONE', ( #4203, #1915, #6678, #6749 ) ) ;
#2001 = EDGE_CURVE ( 'NONE', #5800, #4410, #6473, .T. ) ;
#2002 = CARTESIAN_POINT ( 'NONE',  ( 6.100000000000001421, -4.674999999999999822, -4.250000000000000888 ) ) ;
#2003 = CARTESIAN_POINT ( 'NONE',  ( -8.290000000000000924, -0.1100000000000000006, 3.550000000000000266 ) ) ;
#2004 = SURFACE_STYLE_USAGE ( .BOTH. , #6871 ) ;
#2005 = CARTESIAN_POINT ( 'NONE',  ( 6.949999999999999289, -0.1568111475989498460, -3.745646205093807080 ) ) ;
#2006 =( NAMED_UNIT ( * ) PLANE_ANGLE_UNIT ( ) SI_UNIT ( $, .RADIAN. ) );
#2007 = DIRECTION ( 'NONE',  ( -0.000000000000000000, 0.000000000000000000, 1.000000000000000000 ) ) ;
#2008 = CARTESIAN_POINT ( 'NONE',  ( 1.870000000000000107, -1.055665328710549522, -4.018698629005419853 ) ) ;
#2009 = AXIS2_PLACEMENT_3D ( 'NONE', #530, #6167, #7054 ) ;
#2010 = ORIENTED_EDGE ( 'NONE', *, *, #2098, .F. ) ;
#2011 = VECTOR ( 'NONE', #2318, 1000.000000000000114 ) ;
#2012 = ORIENTED_EDGE ( 'NONE', *, *, #3102, .T. ) ;
#2013 = EDGE_CURVE ( 'NONE', #3129, #5986, #3172, .T. ) ;
#2014 = FACE_OUTER_BOUND ( 'NONE', #7237, .T. ) ;
#2015 = LINE ( 'NONE', #1282, #6196 ) ;
#2016 = ORIENTED_EDGE ( 'NONE', *, *, #10269, .F. ) ;
#2017 = ORIENTED_EDGE ( 'NONE', *, *, #9603, .T. ) ;
#2018 = CARTESIAN_POINT ( 'NONE',  ( 6.100000000000001421, -1.374999999999998890, -4.250000000000000888 ) ) ;
#2019 = EDGE_CURVE ( 'NONE', #3322, #1015, #7584, .T. ) ;
#2020 = CARTESIAN_POINT ( 'NONE',  ( -8.290000000000000924, -0.1568111475989498460, -3.745646205093807080 ) ) ;
#2021 = FILL_AREA_STYLE_COLOUR ( '', #8864 ) ;
#2022 = EDGE_CURVE ( 'NONE', #8019, #914, #6728, .T. ) ;
#2023 = FACE_OUTER_BOUND ( 'NONE', #2514, .T. ) ;
#2024 =( LENGTH_UNIT ( ) NAMED_UNIT ( * ) SI_UNIT ( .MILLI., .METRE. ) );
#2025 = LINE ( 'NONE', #5426, #9865 ) ;
#2026 = ORIENTED_EDGE ( 'NONE', *, *, #1029, .T. ) ;
#2027 = LINE ( 'NONE', #9476, #6341 ) ;
#2028 = PLANE ( 'NONE',  #3455 ) ;
#2029 = CARTESIAN_POINT ( 'NONE',  ( 9.115000000000000213, -0.1100000000000000006, 3.550000000000000266 ) ) ;
#2030 = PLANE ( 'NONE',  #2431 ) ;
#2031 = EDGE_CURVE ( 'NONE', #4770, #8923, #6978, .T. ) ;
#2032 = DIRECTION ( 'NONE',  ( 0.000000000000000000, 0.000000000000000000, 1.000000000000000000 ) ) ;
#2033 = COLOUR_RGB ( '',0.7529411764705882248, 0.7529411764705882248, 0.7529411764705882248 ) ;
#2034 = LINE ( 'NONE', #1712, #2418 ) ;
#2035 = ADVANCED_FACE ( 'NONE', ( #6203 ), #9363, .F. ) ;
#2036 = VECTOR ( 'NONE', #10254, 1000.000000000000000 ) ;
#2037 =( NAMED_UNIT ( * ) PLANE_ANGLE_UNIT ( ) SI_UNIT ( $, .RADIAN. ) );
#2038 = EDGE_LOOP ( 'NONE', ( #557, #649, #8728, #3757 ) ) ;
#2039 = CARTESIAN_POINT ( 'NONE',  ( 6.949999999999999289, -0.1100000000000000006, -3.550000000000000266 ) ) ;
#2040 = MECHANICAL_DESIGN_GEOMETRIC_PRESENTATION_REPRESENTATION (  '', ( #7326 ), #8598 ) ;
#2041 = DIRECTION ( 'NONE',  ( 0.000000000000000000, -1.000000000000000000, 0.000000000000000000 ) ) ;
#2042 = VECTOR ( 'NONE', #6315, 1000.000000000000114 ) ;
#2043 = DIRECTION ( 'NONE',  ( 0.000000000000000000, -0.000000000000000000, 1.000000000000000000 ) ) ;
#2044 = SURFACE_STYLE_USAGE ( .BOTH. , #6074 ) ;
#2045 = STYLED_ITEM ( 'NONE', ( #8120 ), #1063 ) ;
#2046 = LINE ( 'NONE', #770, #9127 ) ;
#2047 = DIRECTION ( 'NONE',  ( -2.443272501375784959E-16, -0.000000000000000000, -1.000000000000000000 ) ) ;
#2048 = ORIENTED_EDGE ( 'NONE', *, *, #2830, .T. ) ;
#2049 = SURFACE_STYLE_FILL_AREA ( #8336 ) ;
#2050 = ORIENTED_EDGE ( 'NONE', *, *, #9115, .T. ) ;
#2051 = DIRECTION ( 'NONE',  ( 0.000000000000000000, -0.9979641717745810769, -0.06377704802100964132 ) ) ;
#2052 = EDGE_LOOP ( 'NONE', ( #5449, #1886, #9810, #6363 ) ) ;
#2053 = DIRECTION ( 'NONE',  ( 0.000000000000000000, -0.9979641717745810769, -0.06377704802100964132 ) ) ;
#2054 = DIRECTION ( 'NONE',  ( -1.000000000000000000, -0.000000000000000000, -0.000000000000000000 ) ) ;
#2055 =( NAMED_UNIT ( * ) SI_UNIT ( $, .STERADIAN. ) SOLID_ANGLE_UNIT ( ) );
#2056 = FACE_OUTER_BOUND ( 'NONE', #3000, .T. ) ;
#2057 = COLOUR_RGB ( '',0.7529411764705882248, 0.7529411764705882248, 0.7529411764705882248 ) ;
#2058 = STYLED_ITEM ( 'NONE', ( #9789 ), #10352 ) ;
#2059 = DIRECTION ( 'NONE',  ( -0.2197618659596110857, -0.9755535465928817374, 0.000000000000000000 ) ) ;
#2060 =( NAMED_UNIT ( * ) SI_UNIT ( $, .STERADIAN. ) SOLID_ANGLE_UNIT ( ) );
#2061 = FILL_AREA_STYLE ('',( #10143 ) ) ;
#2062 = CARTESIAN_POINT ( 'NONE',  ( -1.869999999999999218, -1.055665328710549522, -4.250000000000000888 ) ) ;
#2063 = ORIENTED_EDGE ( 'NONE', *, *, #1084, .T. ) ;
#2064 = LINE ( 'NONE', #7411, #5603 ) ;
#2065 = SURFACE_SIDE_STYLE ('',( #1426 ) ) ;
#2066 = VECTOR ( 'NONE', #5628, 1000.000000000000000 ) ;
#2067 = CARTESIAN_POINT ( 'NONE',  ( -1.519999999999999574, -0.1568111475989498460, 3.745646205093807080 ) ) ;
#2068 = CARTESIAN_POINT ( 'NONE',  ( 10.00000000000000000, 0.1100000000000000006, 3.550000000000000266 ) ) ;
#2069 = CIRCLE ( 'NONE', #5537, 0.04999999999999969746 ) ;
#2070 = UNCERTAINTY_MEASURE_WITH_UNIT (LENGTH_MEASURE( 1.000000000000000082E-05 ), #4201, 'distance_accuracy_value', 'NONE');
#2071 = AXIS2_PLACEMENT_3D ( 'NONE', #7351, #3212, #2441 ) ;
#2072 = VERTEX_POINT ( 'NONE', #6101 ) ;
#2073 = FACE_OUTER_BOUND ( 'NONE', #9854, .T. ) ;
#2074 = DIRECTION ( 'NONE',  ( 0.9755535465928818484, 0.2197618659596111135, 0.000000000000000000 ) ) ;
#2075 = EDGE_CURVE ( 'NONE', #7370, #9768, #2667, .T. ) ;
#2076 = CARTESIAN_POINT ( 'NONE',  ( -0.6700000000000004841, 0.06000000000000001166, 3.897297636193110648 ) ) ;
#2077 = PLANE ( 'NONE',  #2782 ) ;
#2078 = EDGE_CURVE ( 'NONE', #4820, #4161, #9238, .T. ) ;
#2079 = LINE ( 'NONE', #3321, #2848 ) ;
#2080 = ORIENTED_EDGE ( 'NONE', *, *, #1597, .T. ) ;
#2081 = AXIS2_PLACEMENT_3D ( 'NONE', #1935, #3514, #8366 ) ;
#2082 = LINE ( 'NONE', #9117, #8024 ) ;
#2083 = CARTESIAN_POINT ( 'NONE',  ( 5.750000000000001776, -1.055665328710549522, -4.018698629005418965 ) ) ;
#2084 = DIRECTION ( 'NONE',  ( 0.000000000000000000, 0.000000000000000000, -1.000000000000000000 ) ) ;
#2085 = FILL_AREA_STYLE_COLOUR ( '', #6534 ) ;
#2086 = STYLED_ITEM ( 'NONE', ( #8511 ), #7044 ) ;
#2087 = ORIENTED_EDGE ( 'NONE', *, *, #2504, .T. ) ;
#2088 = VERTEX_POINT ( 'NONE', #10178 ) ;
#2089 = COLOUR_RGB ( '',0.7529411764705882248, 0.7529411764705882248, 0.7529411764705882248 ) ;
#2090 = VERTEX_POINT ( 'NONE', #10216 ) ;
#2091 = DIRECTION ( 'NONE',  ( -1.000000000000000000, -0.000000000000000000, -0.000000000000000000 ) ) ;
#2092 = EDGE_CURVE ( 'NONE', #9700, #6153, #171, .T. ) ;
#2093 =( NAMED_UNIT ( * ) PLANE_ANGLE_UNIT ( ) SI_UNIT ( $, .RADIAN. ) );
#2094 = DIRECTION ( 'NONE',  ( -0.000000000000000000, 0.9979641717745812990, -0.06377704802100912784 ) ) ;
#2095 = SURFACE_STYLE_FILL_AREA ( #1453 ) ;
#2096 = PLANE ( 'NONE',  #5076 ) ;
#2097 = DIRECTION ( 'NONE',  ( -0.000000000000000000, -0.000000000000000000, 1.000000000000000000 ) ) ;
#2098 = EDGE_CURVE ( 'NONE', #1640, #473, #6721, .T. ) ;
#2099 = EDGE_LOOP ( 'NONE', ( #7811, #4640, #109, #4809 ) ) ;
#2100 = PRESENTATION_LAYER_ASSIGNMENT (  '', '', ( #9146 ) ) ;
#2101 = DIRECTION ( 'NONE',  ( -0.000000000000000000, 0.06377704802100914172, 0.9979641717745812990 ) ) ;
#2102 = ORIENTED_EDGE ( 'NONE', *, *, #3647, .T. ) ;
#2103 = PLANE ( 'NONE',  #3792 ) ;
#2104 = LINE ( 'NONE', #2002, #1117 ) ;
#2105 = STYLED_ITEM ( 'NONE', ( #4682 ), #8716 ) ;
#2106 = VECTOR ( 'NONE', #233, 1000.000000000000000 ) ;
#2107 = FACE_OUTER_BOUND ( 'NONE', #10072, .T. ) ;
#2108 = FILL_AREA_STYLE_COLOUR ( '', #8831 ) ;
#2109 = ORIENTED_EDGE ( 'NONE', *, *, #2031, .F. ) ;
#2110 = CARTESIAN_POINT ( 'NONE',  ( -6.949999999999999289, -1.055665328710549522, -4.250000000000000888 ) ) ;
#2111 = DIRECTION ( 'NONE',  ( -1.000000000000000000, -0.000000000000000000, -0.000000000000000000 ) ) ;
#2112 = DIRECTION ( 'NONE',  ( 1.000000000000000000, 0.000000000000000000, 0.000000000000000000 ) ) ;
#2113 = ORIENTED_EDGE ( 'NONE', *, *, #1212, .T. ) ;
#2114 = CARTESIAN_POINT ( 'NONE',  ( 0.7419361673926192502, -1.374999999999998890, -3.823497185254834729 ) ) ;
#2115 = FACE_OUTER_BOUND ( 'NONE', #8325, .T. ) ;
#2116 = STYLED_ITEM ( 'NONE', ( #6916 ), #9888 ) ;
#2117 = ORIENTED_EDGE ( 'NONE', *, *, #7516, .T. ) ;
#2118 = ORIENTED_EDGE ( 'NONE', *, *, #561, .T. ) ;
#2119 = SURFACE_SIDE_STYLE ('',( #1129 ) ) ;
#2120 = CARTESIAN_POINT ( 'NONE',  ( 4.410000000000000142, -0.1599999999999999756, -3.695747996505077904 ) ) ;
#2121 = UNCERTAINTY_MEASURE_WITH_UNIT (LENGTH_MEASURE( 1.000000000000000082E-05 ), #7851, 'distance_accuracy_value', 'NONE');
#2122 = CARTESIAN_POINT ( 'NONE',  ( -8.665000000000000924, -1.374999999999999556, 4.039106398383938590 ) ) ;
#2123 = CARTESIAN_POINT ( 'NONE',  ( 4.410000000000000142, -0.1100000000000000006, -3.695747996505077460 ) ) ;
#2124 = FILL_AREA_STYLE_COLOUR ( '', #245 ) ;
#2125 = VECTOR ( 'NONE', #2051, 1000.000000000000114 ) ;
#2126 =( NAMED_UNIT ( * ) PLANE_ANGLE_UNIT ( ) SI_UNIT ( $, .RADIAN. ) );
#2127 = ORIENTED_EDGE ( 'NONE', *, *, #3635, .T. ) ;
#2128 = ORIENTED_EDGE ( 'NONE', *, *, #8315, .T. ) ;
#2129 = SURFACE_STYLE_USAGE ( .BOTH. , #4569 ) ;
#2130 = MECHANICAL_DESIGN_GEOMETRIC_PRESENTATION_REPRESENTATION (  '', ( #5793 ), #6340 ) ;
#2131 = PLANE ( 'NONE',  #5509 ) ;
#2132 = DIRECTION ( 'NONE',  ( 0.000000000000000000, 1.000000000000000000, 0.000000000000000000 ) ) ;
#2133 = LINE ( 'NONE', #10102, #4538 ) ;
#2134 = LINE ( 'NONE', #4173, #786 ) ;
#2135 = UNCERTAINTY_MEASURE_WITH_UNIT (LENGTH_MEASURE( 1.000000000000000082E-05 ), #8129, 'distance_accuracy_value', 'NONE');
#2136 = VERTEX_POINT ( 'NONE', #4462 ) ;
#2137 = ORIENTED_EDGE ( 'NONE', *, *, #2711, .T. ) ;
#2138 = ADVANCED_FACE ( 'NONE', ( #6462 ), #2131, .F. ) ;
#2139 = EDGE_CURVE ( 'NONE', #9223, #8751, #8738, .T. ) ;
#2140 = CARTESIAN_POINT ( 'NONE',  ( 9.490000000000000213, -0.1100000000000000006, -3.695747996505077460 ) ) ;
#2141 = LINE ( 'NONE', #6434, #6334 ) ;
#2142 = FILL_AREA_STYLE ('',( #511 ) ) ;
#2143 = AXIS2_PLACEMENT_3D ( 'NONE', #8734, #4854, #707 ) ;
#2144 = COLOUR_RGB ( '',0.7529411764705882248, 0.7529411764705882248, 0.7529411764705882248 ) ;
#2145 = SURFACE_STYLE_USAGE ( .BOTH. , #3103 ) ;
#2146 = LINE ( 'NONE', #268, #8341 ) ;
#2147 = DIRECTION ( 'NONE',  ( -0.2197618659596110857, 0.9755535465928817374, 0.000000000000000000 ) ) ;
#2148 = ORIENTED_EDGE ( 'NONE', *, *, #4605, .T. ) ;
#2149 = EDGE_LOOP ( 'NONE', ( #4532, #8208, #2087, #6403 ) ) ;
#2150 = ORIENTED_EDGE ( 'NONE', *, *, #4393, .F. ) ;
#2151 = DIRECTION ( 'NONE',  ( -1.000000000000000000, -0.000000000000000000, -0.000000000000000000 ) ) ;
#2152 = PRESENTATION_LAYER_ASSIGNMENT (  '', '', ( #8311 ) ) ;
#2153 = ADVANCED_FACE ( 'NONE', ( #6337 ), #4547, .F. ) ;
#2154 = EDGE_CURVE ( 'NONE', #7381, #4437, #2025, .T. ) ;
#2155 = VECTOR ( 'NONE', #3765, 1000.000000000000000 ) ;
#2156 = PLANE ( 'NONE',  #7891 ) ;
#2157 = VECTOR ( 'NONE', #273, 1000.000000000000000 ) ;
#2158 = FILL_AREA_STYLE_COLOUR ( '', #1095 ) ;
#2159 = FACE_OUTER_BOUND ( 'NONE', #7028, .T. ) ;
#2160 = VECTOR ( 'NONE', #8920, 1000.000000000000000 ) ;
#2161 = VERTEX_POINT ( 'NONE', #8705 ) ;
#2162 = PRESENTATION_STYLE_ASSIGNMENT (( #1703 ) ) ;
#2163 =( LENGTH_UNIT ( ) NAMED_UNIT ( * ) SI_UNIT ( .MILLI., .METRE. ) );
#2164 = EDGE_CURVE ( 'NONE', #9552, #3725, #5067, .T. ) ;
#2165 = CARTESIAN_POINT ( 'NONE',  ( 5.750000000000000000, 0.1100000000000000006, -3.550000000000000266 ) ) ;
#2166 = EDGE_CURVE ( 'NONE', #9523, #3734, #7103, .T. ) ;
#2167 = ORIENTED_EDGE ( 'NONE', *, *, #2836, .T. ) ;
#2168 = CARTESIAN_POINT ( 'NONE',  ( 4.410000000000000142, -0.1568111475989498460, 3.745646205093807080 ) ) ;
#2169 = AXIS2_PLACEMENT_3D ( 'NONE', #1717, #8140, #7449 ) ;
#2170 = CIRCLE ( 'NONE', #3113, 0.04999999999999969746 ) ;
#2171 = DIRECTION ( 'NONE',  ( 0.000000000000000000, 0.000000000000000000, -1.000000000000000000 ) ) ;
#2172 = STYLED_ITEM ( 'NONE', ( #9181 ), #376 ) ;
#2173 = SURFACE_STYLE_USAGE ( .BOTH. , #3755 ) ;
#2174 = ORIENTED_EDGE ( 'NONE', *, *, #2952, .T. ) ;
#2175 = SURFACE_STYLE_USAGE ( .BOTH. , #4076 ) ;
#2176 = ORIENTED_EDGE ( 'NONE', *, *, #241, .T. ) ;
#2177 = CIRCLE ( 'NONE', #8936, 0.04999999999999969746 ) ;
#2178 = CARTESIAN_POINT ( 'NONE',  ( 1.870000000000000107, 0.06000000000000001166, 3.897297636193110648 ) ) ;
#2179 = COLOUR_RGB ( '',0.7529411764705882248, 0.7529411764705882248, 0.7529411764705882248 ) ;
#2180 = VERTEX_POINT ( 'NONE', #4723 ) ;
#2181 = DIRECTION ( 'NONE',  ( 0.000000000000000000, -0.9979641717745812990, -0.06377704802100912784 ) ) ;
#2182 = PLANE ( 'NONE',  #5930 ) ;
#2183 =( GEOMETRIC_REPRESENTATION_CONTEXT ( 3 ) GLOBAL_UNCERTAINTY_ASSIGNED_CONTEXT ( ( #5755 ) ) GLOBAL_UNIT_ASSIGNED_CONTEXT ( ( #8401, #8501, #9225 ) ) REPRESENTATION_CONTEXT ( 'NONE', 'WORKASPACE' ) );
#2184 = DIRECTION ( 'NONE',  ( 0.000000000000000000, -4.022841720910280989E-15, 1.000000000000000000 ) ) ;
#2185 = SURFACE_SIDE_STYLE ('',( #3732 ) ) ;
#2186 = EDGE_LOOP ( 'NONE', ( #7096, #1584, #6333, #7737, #7400, #8513, #4523, #9229 ) ) ;
#2187 = PLANE ( 'NONE',  #4193 ) ;
#2188 = FILL_AREA_STYLE_COLOUR ( '', #1229 ) ;
#2189 = FACE_OUTER_BOUND ( 'NONE', #3223, .T. ) ;
#2190 = LINE ( 'NONE', #2919, #5873 ) ;
#2191 = DIRECTION ( 'NONE',  ( 0.000000000000000000, -0.9979641717745812990, -0.06377704802100912784 ) ) ;
#2192 = DIRECTION ( 'NONE',  ( -1.000000000000000000, -0.000000000000000000, -0.000000000000000000 ) ) ;
#2193 = DIRECTION ( 'NONE',  ( 0.000000000000000000, -0.000000000000000000, 1.000000000000000000 ) ) ;
#2194 = EDGE_LOOP ( 'NONE', ( #845, #10431, #2515, #8575 ) ) ;
#2195 = ADVANCED_FACE ( 'NONE', ( #9106 ), #10249, .F. ) ;
#2196 = MECHANICAL_DESIGN_GEOMETRIC_PRESENTATION_REPRESENTATION (  '', ( #7279 ), #7086 ) ;
#2197 = DIRECTION ( 'NONE',  ( 0.000000000000000000, 1.000000000000000000, 0.000000000000000000 ) ) ;
#2198 = ORIENTED_EDGE ( 'NONE', *, *, #706, .F. ) ;
#2199 = VECTOR ( 'NONE', #4942, 1000.000000000000000 ) ;
#2200 = CARTESIAN_POINT ( 'NONE',  ( 4.602742732160399974, -0.2000534821418786524, 3.748409699540487416 ) ) ;
#2201 = UNCERTAINTY_MEASURE_WITH_UNIT (LENGTH_MEASURE( 1.000000000000000082E-05 ), #106, 'distance_accuracy_value', 'NONE');
#2202 =( NAMED_UNIT ( * ) PLANE_ANGLE_UNIT ( ) SI_UNIT ( $, .RADIAN. ) );
#2203 = CARTESIAN_POINT ( 'NONE',  ( -4.410000000000001030, -0.1100000000000000006, -3.550000000000000266 ) ) ;
#2204 = EDGE_LOOP ( 'NONE', ( #1233, #6784, #4634, #7898 ) ) ;
#2205 = CARTESIAN_POINT ( 'NONE',  ( -5.750000000000000000, -0.1568111475989498460, 3.745646205093807080 ) ) ;
#2206 = DIRECTION ( 'NONE',  ( -0.000000000000000000, 0.000000000000000000, 1.000000000000000000 ) ) ;
#2207 = ADVANCED_FACE ( 'NONE', ( #7093 ), #641, .F. ) ;
#2208 = DIRECTION ( 'NONE',  ( 0.000000000000000000, 0.000000000000000000, 1.000000000000000000 ) ) ;
#2209 =( GEOMETRIC_REPRESENTATION_CONTEXT ( 3 ) GLOBAL_UNCERTAINTY_ASSIGNED_CONTEXT ( ( #6426 ) ) GLOBAL_UNIT_ASSIGNED_CONTEXT ( ( #7985, #9721, #6413 ) ) REPRESENTATION_CONTEXT ( 'NONE', 'WORKASPACE' ) );
#2210 = EDGE_CURVE ( 'NONE', #5109, #1620, #4159, .T. ) ;
#2211 = CLOSED_SHELL ( 'NONE', ( #2686, #3895, #1721, #9983, #1361, #5327, #8392, #5075, #580, #7813, #10027, #7713, #9158, #5756, #6280, #9 ) ) ;
#2212 = DIRECTION ( 'NONE',  ( -1.000000000000000000, 0.000000000000000000, 9.794241735966333711E-17 ) ) ;
#2213 = ORIENTED_EDGE ( 'NONE', *, *, #5121, .T. ) ;
#2214 = PRESENTATION_STYLE_ASSIGNMENT (( #6577 ) ) ;
#2215 = CARTESIAN_POINT ( 'NONE',  ( -0.6700000000000004841, -0.1100000000000000006, 3.550000000000000266 ) ) ;
#2216 = EDGE_CURVE ( 'NONE', #3459, #8962, #9480, .T. ) ;
#2217 = CARTESIAN_POINT ( 'NONE',  ( 1.870000000000000107, -0.1100000000000000006, 3.550000000000000266 ) ) ;
#2218 = CARTESIAN_POINT ( 'NONE',  ( 1.020000000000000018, -4.674999999999999822, -4.250000000000000888 ) ) ;
#2219 = LINE ( 'NONE', #8497, #4109 ) ;
#2220 =( NAMED_UNIT ( * ) PLANE_ANGLE_UNIT ( ) SI_UNIT ( $, .RADIAN. ) );
#2221 = SURFACE_STYLE_USAGE ( .BOTH. , #621 ) ;
#2222 = ORIENTED_EDGE ( 'NONE', *, *, #4743, .T. ) ;
#2223 = ORIENTED_EDGE ( 'NONE', *, *, #483, .T. ) ;
#2224 = VERTEX_POINT ( 'NONE', #2203 ) ;
#2225 = EDGE_CURVE ( 'NONE', #10121, #9700, #1637, .T. ) ;
#2226 = COLOUR_RGB ( '',0.7529411764705882248, 0.7529411764705882248, 0.7529411764705882248 ) ;
#2227 = SURFACE_SIDE_STYLE ('',( #9793 ) ) ;
#2228 = CARTESIAN_POINT ( 'NONE',  ( 0.6700000000000004841, 0.1100000000000000006, 3.550000000000000266 ) ) ;
#2229 = FILL_AREA_STYLE ('',( #1382 ) ) ;
#2230 = PRESENTATION_LAYER_ASSIGNMENT (  '', '', ( #3996 ) ) ;
#2231 = DIRECTION ( 'NONE',  ( 1.000000000000000000, 0.000000000000000000, -0.000000000000000000 ) ) ;
#2232 = ORIENTED_EDGE ( 'NONE', *, *, #9745, .F. ) ;
#2233 = DIRECTION ( 'NONE',  ( -0.000000000000000000, 0.9979641717745811880, 0.06377704802100964132 ) ) ;
#2234 = EDGE_CURVE ( 'NONE', #5778, #1383, #4947, .T. ) ;
#2235 = ORIENTED_EDGE ( 'NONE', *, *, #5398, .T. ) ;
#2236 = PRESENTATION_STYLE_ASSIGNMENT (( #7585 ) ) ;
#2237 =( NAMED_UNIT ( * ) PLANE_ANGLE_UNIT ( ) SI_UNIT ( $, .RADIAN. ) );
#2238 = LINE ( 'NONE', #5694, #1224 ) ;
#2239 =( NAMED_UNIT ( * ) SI_UNIT ( $, .STERADIAN. ) SOLID_ANGLE_UNIT ( ) );
#2240 = DIRECTION ( 'NONE',  ( 0.000000000000000000, -0.06377704802100926662, -0.9979641717745812990 ) ) ;
#2241 = ORIENTED_EDGE ( 'NONE', *, *, #7955, .F. ) ;
#2242 = VERTEX_POINT ( 'NONE', #5665 ) ;
#2243 = MECHANICAL_DESIGN_GEOMETRIC_PRESENTATION_REPRESENTATION (  '', ( #3516 ), #6595 ) ;
#2244 =( NAMED_UNIT ( * ) PLANE_ANGLE_UNIT ( ) SI_UNIT ( $, .RADIAN. ) );
#2245 = EDGE_LOOP ( 'NONE', ( #5035, #134, #5691, #1888 ) ) ;
#2246 = ADVANCED_FACE ( 'NONE', ( #2014 ), #1358, .F. ) ;
#2247 = PRESENTATION_LAYER_ASSIGNMENT (  '', '', ( #6737 ) ) ;
#2248 = PRESENTATION_STYLE_ASSIGNMENT (( #354 ) ) ;
#2249 = FACE_OUTER_BOUND ( 'NONE', #3630, .T. ) ;
#2250 = SURFACE_STYLE_USAGE ( .BOTH. , #8606 ) ;
#2251 = FACE_OUTER_BOUND ( 'NONE', #6295, .T. ) ;
#2252 = VERTEX_POINT ( 'NONE', #5702 ) ;
#2253 = ORIENTED_EDGE ( 'NONE', *, *, #5529, .F. ) ;
#2254 = VERTEX_POINT ( 'NONE', #7196 ) ;
#2255 = SURFACE_SIDE_STYLE ('',( #4782 ) ) ;
#2256 =( GEOMETRIC_REPRESENTATION_CONTEXT ( 3 ) GLOBAL_UNCERTAINTY_ASSIGNED_CONTEXT ( ( #4210 ) ) GLOBAL_UNIT_ASSIGNED_CONTEXT ( ( #6486, #3966, #8954 ) ) REPRESENTATION_CONTEXT ( 'NONE', 'WORKASPACE' ) );
#2257 = SURFACE_STYLE_FILL_AREA ( #5549 ) ;
#2258 = UNCERTAINTY_MEASURE_WITH_UNIT (LENGTH_MEASURE( 1.000000000000000082E-05 ), #10009, 'distance_accuracy_value', 'NONE');
#2259 = ADVANCED_FACE ( 'NONE', ( #5558 ), #7329, .F. ) ;
#2260 = STYLED_ITEM ( 'NONE', ( #9418 ), #1351 ) ;
#2261 = LINE ( 'NONE', #3419, #3513 ) ;
#2262 = CARTESIAN_POINT ( 'NONE',  ( -5.750000000000000000, 0.1100000000000000006, 3.550000000000000266 ) ) ;
#2264 = ORIENTED_EDGE ( 'NONE', *, *, #4324, .F. ) ;
#2263 = DIRECTION ( 'NONE',  ( -0.000000000000000000, -0.000000000000000000, 1.000000000000000000 ) ) ;
#2265 =( LENGTH_UNIT ( ) NAMED_UNIT ( * ) SI_UNIT ( .MILLI., .METRE. ) );
#2266 = SURFACE_STYLE_USAGE ( .BOTH. , #6161 ) ;
#2267 = EDGE_LOOP ( 'NONE', ( #316, #10005, #6915, #3108, #4295, #2700, #7203 ) ) ;
#2268 =( NAMED_UNIT ( * ) SI_UNIT ( $, .STERADIAN. ) SOLID_ANGLE_UNIT ( ) );
#2269 = DIRECTION ( 'NONE',  ( -0.000000000000000000, 1.000000000000000000, 0.000000000000000000 ) ) ;
#2270 =( NAMED_UNIT ( * ) PLANE_ANGLE_UNIT ( ) SI_UNIT ( $, .RADIAN. ) );
#2271 = CIRCLE ( 'NONE', #4238, 0.05000000000000012768 ) ;
#2272 = ORIENTED_EDGE ( 'NONE', *, *, #6142, .F. ) ;
#2273 = UNCERTAINTY_MEASURE_WITH_UNIT (LENGTH_MEASURE( 1.000000000000000082E-05 ), #4624, 'distance_accuracy_value', 'NONE');
#2274 = VERTEX_POINT ( 'NONE', #2384 ) ;
#2275 = ORIENTED_EDGE ( 'NONE', *, *, #2910, .T. ) ;
#2276 = STYLED_ITEM ( 'NONE', ( #8184 ), #3460 ) ;
#2277 = FILL_AREA_STYLE_COLOUR ( '', #6857 ) ;
#2278 = CARTESIAN_POINT ( 'NONE',  ( -3.559999999999999165, -4.674999999999999822, -4.250000000000000888 ) ) ;
#2279 = DIRECTION ( 'NONE',  ( 0.000000000000000000, -0.06377704802100965520, 0.9979641717745812990 ) ) ;
#2280 = DIRECTION ( 'NONE',  ( 0.000000000000000000, -0.9979641717745812990, -0.06377704802100912784 ) ) ;
#2281 = EDGE_CURVE ( 'NONE', #1857, #5093, #3403, .T. ) ;
#2282 = VECTOR ( 'NONE', #9952, 1000.000000000000000 ) ;
#2283 = CYLINDRICAL_SURFACE ( 'NONE', #3254, 0.05000000000000012768 ) ;
#2284 = EDGE_CURVE ( 'NONE', #6961, #5986, #3651, .T. ) ;
#2285 = ORIENTED_EDGE ( 'NONE', *, *, #2234, .T. ) ;
#2286 = DIRECTION ( 'NONE',  ( -1.000000000000000000, -0.000000000000000000, -0.000000000000000000 ) ) ;
#2287 = PLANE ( 'NONE',  #3153 ) ;
#2288 = DIRECTION ( 'NONE',  ( -1.000000000000000000, -0.000000000000000000, -0.000000000000000000 ) ) ;
#2289 =( LENGTH_UNIT ( ) NAMED_UNIT ( * ) SI_UNIT ( .MILLI., .METRE. ) );
#2290 = EDGE_CURVE ( 'NONE', #3623, #7879, #9979, .T. ) ;
#2291 = CARTESIAN_POINT ( 'NONE',  ( 1.870000000000000107, 0.1100000000000000006, 3.550000000000000266 ) ) ;
#2293 = DIRECTION ( 'NONE',  ( -0.2193360129683985249, -0.9736631258226969843, -0.06222403738348531582 ) ) ;
#2292 = DIRECTION ( 'NONE',  ( -0.000000000000000000, -0.000000000000000000, 1.000000000000000000 ) ) ;
#2294 = LINE ( 'NONE', #1327, #5832 ) ;
#2295 = MECHANICAL_DESIGN_GEOMETRIC_PRESENTATION_REPRESENTATION (  '', ( #9000 ), #2841 ) ;
#2296 = ORIENTED_EDGE ( 'NONE', *, *, #966, .F. ) ;
#2297 = EDGE_CURVE ( 'NONE', #7280, #2433, #1030, .T. ) ;
#2298 = VERTEX_POINT ( 'NONE', #8028 ) ;
#2299 = CARTESIAN_POINT ( 'NONE',  ( 9.792175479862921250, -1.288631422724187736, -3.342175479862921073 ) ) ;
#2300 = CARTESIAN_POINT ( 'NONE',  ( -9.207097143600909916, 0.5749999999999999556, -0.5241992011858084277 ) ) ;
#2301 = ADVANCED_FACE ( 'NONE', ( #5305 ), #9626, .F. ) ;
#2302 = DIRECTION ( 'NONE',  ( -0.000000000000000000, -0.000000000000000000, 1.000000000000000000 ) ) ;
#2303 = LINE ( 'NONE', #9273, #6359 ) ;
#2304 = VERTEX_POINT ( 'NONE', #4101 ) ;
#2305 = EDGE_CURVE ( 'NONE', #2252, #506, #278, .T. ) ;
#2306 = FILL_AREA_STYLE ('',( #6447 ) ) ;
#2307 =( GEOMETRIC_REPRESENTATION_CONTEXT ( 3 ) GLOBAL_UNCERTAINTY_ASSIGNED_CONTEXT ( ( #3355 ) ) GLOBAL_UNIT_ASSIGNED_CONTEXT ( ( #89, #1781, #9945 ) ) REPRESENTATION_CONTEXT ( 'NONE', 'WORKASPACE' ) );
#2308 = LINE ( 'NONE', #5918, #7988 ) ;
#2309 = ORIENTED_EDGE ( 'NONE', *, *, #6006, .T. ) ;
#2310 = CARTESIAN_POINT ( 'NONE',  ( 3.209999999999999964, 0.1100000000000000006, 3.550000000000000266 ) ) ;
#2311 =( NAMED_UNIT ( * ) PLANE_ANGLE_UNIT ( ) SI_UNIT ( $, .RADIAN. ) );
#2312 = DIRECTION ( 'NONE',  ( 0.000000000000000000, -0.000000000000000000, 1.000000000000000000 ) ) ;
#2313 = EDGE_LOOP ( 'NONE', ( #8255, #3645, #3270, #3130, #7617, #7142, #1593, #3508 ) ) ;
#2314 = AXIS2_PLACEMENT_3D ( 'NONE', #3472, #5220, #8389 ) ;
#2315 = PRESENTATION_STYLE_ASSIGNMENT (( #6208 ) ) ;
#2316 = DIRECTION ( 'NONE',  ( 1.000000000000000000, 0.000000000000000000, 0.000000000000000000 ) ) ;
#2317 = DIRECTION ( 'NONE',  ( -1.000000000000000000, -0.000000000000000000, -0.000000000000000000 ) ) ;
#2318 = DIRECTION ( 'NONE',  ( -0.2193360129683985249, 0.9736631258226969843, 0.06222403738348531582 ) ) ;
#2319 = ADVANCED_FACE ( 'NONE', ( #520 ), #4941, .F. ) ;
#2320 = EDGE_LOOP ( 'NONE', ( #1218, #2424, #6516, #3272 ) ) ;
#2321 = VECTOR ( 'NONE', #8967, 1000.000000000000000 ) ;
#2322 = CARTESIAN_POINT ( 'NONE',  ( 6.949999999999999289, -4.674999999999999822, 4.034390786870895695 ) ) ;
#2323 = UNCERTAINTY_MEASURE_WITH_UNIT (LENGTH_MEASURE( 1.000000000000000082E-05 ), #3259, 'distance_accuracy_value', 'NONE');
#2324 = DIRECTION ( 'NONE',  ( -0.000000000000000000, 0.9979641717745811880, 0.06377704802100964132 ) ) ;
#2325 = FILL_AREA_STYLE ('',( #5574 ) ) ;
#2326 = VECTOR ( 'NONE', #1854, 1000.000000000000114 ) ;
#2327 = STYLED_ITEM ( 'NONE', ( #10435 ), #9951 ) ;
#2328 = CARTESIAN_POINT ( 'NONE',  ( -5.750000000000000000, -4.674999999999999822, 4.249999999999999112 ) ) ;
#2329 = SURFACE_STYLE_USAGE ( .BOTH. , #8045 ) ;
#2330 =( GEOMETRIC_REPRESENTATION_CONTEXT ( 3 ) GLOBAL_UNCERTAINTY_ASSIGNED_CONTEXT ( ( #9714 ) ) GLOBAL_UNIT_ASSIGNED_CONTEXT ( ( #8162, #2592, #6561 ) ) REPRESENTATION_CONTEXT ( 'NONE', 'WORKASPACE' ) );
#2331 = SURFACE_STYLE_USAGE ( .BOTH. , #2401 ) ;
#2332 = DIRECTION ( 'NONE',  ( -0.000000000000000000, -0.000000000000000000, 1.000000000000000000 ) ) ;
#2333 = ORIENTED_EDGE ( 'NONE', *, *, #2078, .F. ) ;
#2334 = LINE ( 'NONE', #8, #2722 ) ;
#2335 = UNCERTAINTY_MEASURE_WITH_UNIT (LENGTH_MEASURE( 1.000000000000000082E-05 ), #7744, 'distance_accuracy_value', 'NONE');
#2336 = DIRECTION ( 'NONE',  ( -1.000000000000000000, -0.000000000000000000, 0.000000000000000000 ) ) ;
#2337 = SURFACE_STYLE_USAGE ( .BOTH. , #3851 ) ;
#2338 = SURFACE_SIDE_STYLE ('',( #1198 ) ) ;
#2339 = AXIS2_PLACEMENT_3D ( 'NONE', #5675, #859, #2536 ) ;
#2340 =( NAMED_UNIT ( * ) SI_UNIT ( $, .STERADIAN. ) SOLID_ANGLE_UNIT ( ) );
#2341 = VECTOR ( 'NONE', #948, 1000.000000000000227 ) ;
#2342 = ORIENTED_EDGE ( 'NONE', *, *, #3898, .T. ) ;
#2343 = DIRECTION ( 'NONE',  ( 0.000000000000000000, 0.000000000000000000, -1.000000000000000000 ) ) ;
#2344 = VECTOR ( 'NONE', #2575, 1000.000000000000000 ) ;
#2345 = DIRECTION ( 'NONE',  ( 0.2193360129683985527, -0.9736631258226969843, -0.06222403738348480234 ) ) ;
#2346 = SURFACE_STYLE_USAGE ( .BOTH. , #4790 ) ;
#2347 = VECTOR ( 'NONE', #2832, 1000.000000000000000 ) ;
#2348 = LINE ( 'NONE', #5239, #230 ) ;
#2349 = DIRECTION ( 'NONE',  ( -1.000000000000000000, -0.000000000000000000, -0.000000000000000000 ) ) ;
#2350 = ORIENTED_EDGE ( 'NONE', *, *, #9003, .F. ) ;
#2351 = EDGE_CURVE ( 'NONE', #5093, #239, #7325, .T. ) ;
#2352 = ORIENTED_EDGE ( 'NONE', *, *, #775, .T. ) ;
#2353 = LINE ( 'NONE', #8770, #3344 ) ;
#2354 = ORIENTED_EDGE ( 'NONE', *, *, #3783, .F. ) ;
#2355 = CARTESIAN_POINT ( 'NONE',  ( -10.00000000000000000, 0.1100000000000000006, -3.549999999999999378 ) ) ;
#2356 = VECTOR ( 'NONE', #6470, 1000.000000000000227 ) ;
#2357 = MECHANICAL_DESIGN_GEOMETRIC_PRESENTATION_REPRESENTATION (  '', ( #895 ), #359 ) ;
#2358 = VECTOR ( 'NONE', #8655, 1000.000000000000000 ) ;
#2359 = PRESENTATION_LAYER_ASSIGNMENT (  '', '', ( #1808 ) ) ;
#2360 = CARTESIAN_POINT ( 'NONE',  ( -8.290000000000000924, 0.06318885240105015511, -3.947195844781839824 ) ) ;
#2361 = VERTEX_POINT ( 'NONE', #1056 ) ;
#2362 = CIRCLE ( 'NONE', #333, 0.05000000000000012768 ) ;
#2363 = FILL_AREA_STYLE ('',( #2429 ) ) ;
#2364 =( NAMED_UNIT ( * ) SI_UNIT ( $, .STERADIAN. ) SOLID_ANGLE_UNIT ( ) );
#2365 = EDGE_LOOP ( 'NONE', ( #9501, #5508, #5922, #6964, #2017, #3664, #5124 ) ) ;
#2366 = EDGE_CURVE ( 'NONE', #2533, #3188, #4935, .T. ) ;
#2367 = DIRECTION ( 'NONE',  ( 0.000000000000000000, -0.9979641717745812990, 0.06377704802100926662 ) ) ;
#2368 = LINE ( 'NONE', #2600, #2618 ) ;
#2369 = EDGE_CURVE ( 'NONE', #10108, #7330, #4541, .T. ) ;
#2370 = ADVANCED_FACE ( 'NONE', ( #8709 ), #6703, .F. ) ;
#2371 = ORIENTED_EDGE ( 'NONE', *, *, #7166, .F. ) ;
#2372 = MECHANICAL_DESIGN_GEOMETRIC_PRESENTATION_REPRESENTATION (  '', ( #6168 ), #9270 ) ;
#2373 = EDGE_CURVE ( 'NONE', #3879, #2535, #5058, .T. ) ;
#2374 = DIRECTION ( 'NONE',  ( -0.2197618659596110857, 0.9755535465928817374, 0.000000000000000000 ) ) ;
#2375 = EDGE_LOOP ( 'NONE', ( #4146, #1761, #789, #9402, #8702, #9065, #10432, #6032 ) ) ;
#2376 = AXIS2_PLACEMENT_3D ( 'NONE', #5157, #4204, #5976 ) ;
#2377 = PRESENTATION_STYLE_ASSIGNMENT (( #7886 ) ) ;
#2378 = DIRECTION ( 'NONE',  ( 0.000000000000000000, 0.000000000000000000, 1.000000000000000000 ) ) ;
#2379 = PRESENTATION_LAYER_ASSIGNMENT (  '', '', ( #40 ) ) ;
#2380 = VECTOR ( 'NONE', #9668, 1000.000000000000000 ) ;
#2381 = VERTEX_POINT ( 'NONE', #116 ) ;
#2382 = ORIENTED_EDGE ( 'NONE', *, *, #6281, .T. ) ;
#2383 = LINE ( 'NONE', #9397, #4023 ) ;
#2384 = CARTESIAN_POINT ( 'NONE',  ( -5.750000000000000000, 0.06318885240105015511, 3.947195844781839824 ) ) ;
#2385 = DIRECTION ( 'NONE',  ( 0.000000000000000000, -0.000000000000000000, 1.000000000000000000 ) ) ;
#2386 = LINE ( 'NONE', #797, #8566 ) ;
#2387 =( GEOMETRIC_REPRESENTATION_CONTEXT ( 3 ) GLOBAL_UNCERTAINTY_ASSIGNED_CONTEXT ( ( #3096 ) ) GLOBAL_UNIT_ASSIGNED_CONTEXT ( ( #6120, #9367, #10233 ) ) REPRESENTATION_CONTEXT ( 'NONE', 'WORKASPACE' ) );
#2388 = DIRECTION ( 'NONE',  ( 0.2193360129683985527, 0.9736631258226969843, 0.06222403738348480234 ) ) ;
#2389 = EDGE_LOOP ( 'NONE', ( #3394, #7558, #9333, #3330 ) ) ;
#2390 = ORIENTED_EDGE ( 'NONE', *, *, #2968, .F. ) ;
#2391 = CARTESIAN_POINT ( 'NONE',  ( -5.750000000000000000, 0.06000000000000001166, 3.897297636193110648 ) ) ;
#2392 =( GEOMETRIC_REPRESENTATION_CONTEXT ( 3 ) GLOBAL_UNCERTAINTY_ASSIGNED_CONTEXT ( ( #7519 ) ) GLOBAL_UNIT_ASSIGNED_CONTEXT ( ( #10288, #3028, #5459 ) ) REPRESENTATION_CONTEXT ( 'NONE', 'WORKASPACE' ) );
#2393 = PLANE ( 'NONE',  #6650 ) ;
#2394 = LINE ( 'NONE', #4451, #6708 ) ;
#2395 = SURFACE_STYLE_USAGE ( .BOTH. , #617 ) ;
#2396 = CARTESIAN_POINT ( 'NONE',  ( -3.559999999999999165, 0.06318885240105015511, -3.947195844781839824 ) ) ;
#2397 = DIRECTION ( 'NONE',  ( -0.000000000000000000, -0.000000000000000000, 1.000000000000000000 ) ) ;
#2398 = PRESENTATION_STYLE_ASSIGNMENT (( #2982 ) ) ;
#2399 = FILL_AREA_STYLE ('',( #7276 ) ) ;
#2400 = EDGE_LOOP ( 'NONE', ( #10314, #3538, #3714, #5557 ) ) ;
#2401 = SURFACE_SIDE_STYLE ('',( #3747 ) ) ;
#2402 = CARTESIAN_POINT ( 'NONE',  ( 8.421615491570639378, -1.374999999999999556, -4.250000000000000888 ) ) ;
#2403 = ORIENTED_EDGE ( 'NONE', *, *, #4264, .T. ) ;
#2404 = PRESENTATION_LAYER_ASSIGNMENT (  '', '', ( #3339 ) ) ;
#2405 = COLOUR_RGB ( '',0.7529411764705882248, 0.7529411764705882248, 0.7529411764705882248 ) ;
#2406 = FILL_AREA_STYLE_COLOUR ( '', #215 ) ;
#2407 = COLOUR_RGB ( '',0.7529411764705882248, 0.7529411764705882248, 0.7529411764705882248 ) ;
#2408 = VECTOR ( 'NONE', #4388, 1000.000000000000000 ) ;
#2409 = VERTEX_POINT ( 'NONE', #9097 ) ;
#2410 = FACE_OUTER_BOUND ( 'NONE', #7608, .T. ) ;
#2411 = CARTESIAN_POINT ( 'NONE',  ( -5.750000000000000000, 0.06318885240105015511, -3.947195844781839824 ) ) ;
#2412 = CARTESIAN_POINT ( 'NONE',  ( -4.059999999999999609, -4.674999999999999822, -4.250000000000000888 ) ) ;
#2413 = ORIENTED_EDGE ( 'NONE', *, *, #4439, .T. ) ;
#2414 = SURFACE_STYLE_FILL_AREA ( #10298 ) ;
#2415 = FACE_OUTER_BOUND ( 'NONE', #2365, .T. ) ;
#2416 = MECHANICAL_DESIGN_GEOMETRIC_PRESENTATION_REPRESENTATION (  '', ( #1136 ), #9986 ) ;
#2417 = EDGE_CURVE ( 'NONE', #8113, #6114, #6711, .T. ) ;
#2418 = VECTOR ( 'NONE', #237, 1000.000000000000114 ) ;
#2419 = DIRECTION ( 'NONE',  ( -1.000000000000000000, -0.000000000000000000, -0.000000000000000000 ) ) ;
#2420 = DIRECTION ( 'NONE',  ( 0.000000000000000000, 0.000000000000000000, 1.000000000000000000 ) ) ;
#2421 = FACE_OUTER_BOUND ( 'NONE', #1643, .T. ) ;
#2422 = CARTESIAN_POINT ( 'NONE',  ( 6.949999999999999289, -1.374999999999998890, -4.039106398383939478 ) ) ;
#2423 = ADVANCED_FACE ( 'NONE', ( #4668 ), #1697, .F. ) ;
#2424 = ORIENTED_EDGE ( 'NONE', *, *, #5904, .F. ) ;
#2425 = PLANE ( 'NONE',  #7573 ) ;
#2426 = EDGE_CURVE ( 'NONE', #7328, #10323, #2134, .T. ) ;
#2427 = FILL_AREA_STYLE_COLOUR ( '', #2887 ) ;
#2428 = ORIENTED_EDGE ( 'NONE', *, *, #3243, .F. ) ;
#2429 = FILL_AREA_STYLE_COLOUR ( '', #330 ) ;
#2430 = CARTESIAN_POINT ( 'NONE',  ( -3.559999999999999165, 0.06318885240105015511, 3.947195844781839824 ) ) ;
#2431 = AXIS2_PLACEMENT_3D ( 'NONE', #8558, #3715, #6103 ) ;
#2432 = CARTESIAN_POINT ( 'NONE',  ( 4.410000000000000142, 0.06318885240105015511, 3.947195844781839824 ) ) ;
#2433 = VERTEX_POINT ( 'NONE', #993 ) ;
#2434 = PLANE ( 'NONE',  #7634 ) ;
#2435 = PRESENTATION_LAYER_ASSIGNMENT (  '', '', ( #1034 ) ) ;
#2436 = VECTOR ( 'NONE', #286, 999.9999999999998863 ) ;
#2437 = VECTOR ( 'NONE', #1596, 1000.000000000000000 ) ;
#2438 = EDGE_CURVE ( 'NONE', #9305, #5940, #8969, .T. ) ;
#2439 = VECTOR ( 'NONE', #989, 1000.000000000000000 ) ;
#2440 = DIRECTION ( 'NONE',  ( -1.000000000000000000, -0.000000000000000000, -0.000000000000000000 ) ) ;
#2441 = DIRECTION ( 'NONE',  ( 0.000000000000000000, 0.000000000000000000, 1.000000000000000000 ) ) ;
#2442 = DIRECTION ( 'NONE',  ( 1.000000000000000000, 0.000000000000000000, 0.000000000000000000 ) ) ;
#2443 = ORIENTED_EDGE ( 'NONE', *, *, #1164, .F. ) ;
#2444 = FILL_AREA_STYLE ('',( #3286 ) ) ;
#2445 = VECTOR ( 'NONE', #6572, 1000.000000000000000 ) ;
#2446 = EDGE_CURVE ( 'NONE', #734, #9523, #4150, .T. ) ;
#2447 = CARTESIAN_POINT ( 'NONE',  ( -5.750000000000000000, 0.06318885240105015511, 3.947195844781839824 ) ) ;
#2448 =( NAMED_UNIT ( * ) PLANE_ANGLE_UNIT ( ) SI_UNIT ( $, .RADIAN. ) );
#2449 = VECTOR ( 'NONE', #1628, 1000.000000000000000 ) ;
#2450 = DIRECTION ( 'NONE',  ( -1.000000000000000000, 0.000000000000000000, 0.000000000000000000 ) ) ;
#2451 = AXIS2_PLACEMENT_3D ( 'NONE', #1158, #1884, #8351 ) ;
#2452 = FILL_AREA_STYLE ('',( #821 ) ) ;
#2453 = ORIENTED_EDGE ( 'NONE', *, *, #8254, .F. ) ;
#2454 = CARTESIAN_POINT ( 'NONE',  ( 9.115000000000000213, -4.674999999999999822, -4.250000000000000888 ) ) ;
#2455 = AXIS2_PLACEMENT_3D ( 'NONE', #836, #9638, #5539 ) ;
#2456 = DIRECTION ( 'NONE',  ( 1.000000000000000000, 0.000000000000000000, 0.000000000000000000 ) ) ;
#2457 = UNCERTAINTY_MEASURE_WITH_UNIT (LENGTH_MEASURE( 1.000000000000000082E-05 ), #7814, 'distance_accuracy_value', 'NONE');
#2458 = LINE ( 'NONE', #151, #86 ) ;
#2459 = VECTOR ( 'NONE', #6411, 1000.000000000000114 ) ;
#2460 = PLANE ( 'NONE',  #1989 ) ;
#2461 = ORIENTED_EDGE ( 'NONE', *, *, #10131, .T. ) ;
#2462 =( NAMED_UNIT ( * ) SI_UNIT ( $, .STERADIAN. ) SOLID_ANGLE_UNIT ( ) );
#2463 = MECHANICAL_DESIGN_GEOMETRIC_PRESENTATION_REPRESENTATION (  '', ( #2327 ), #5926 ) ;
#2464 = VECTOR ( 'NONE', #3604, 1000.000000000000114 ) ;
#2465 = CARTESIAN_POINT ( 'NONE',  ( -4.059999999999999609, -1.374999999999999112, 4.039106398383937702 ) ) ;
#2466 = DIRECTION ( 'NONE',  ( -0.3803951736463099254, -0.9229412608411878827, -0.05898254744814166589 ) ) ;
#2467 = ORIENTED_EDGE ( 'NONE', *, *, #10195, .T. ) ;
#2468 = LINE ( 'NONE', #2018, #8144 ) ;
#2469 = EDGE_LOOP ( 'NONE', ( #1239, #4709, #4480, #328 ) ) ;
#2470 = ADVANCED_FACE ( 'NONE', ( #23 ), #6629, .F. ) ;
#2471 = FACE_OUTER_BOUND ( 'NONE', #6993, .T. ) ;
#2472 = SURFACE_STYLE_USAGE ( .BOTH. , #8114 ) ;
#2473 = CARTESIAN_POINT ( 'NONE',  ( 3.074987211741449844, -0.4563247477326364265, -3.764787266265075427 ) ) ;
#2474 = PLANE ( 'NONE',  #5865 ) ;
#2475 = VERTEX_POINT ( 'NONE', #957 ) ;
#2476 = LINE ( 'NONE', #7431, #6015 ) ;
#2477 = CARTESIAN_POINT ( 'NONE',  ( -9.115000000000000213, 0.06318885240105015511, 3.947195844781839824 ) ) ;
#2478 = CARTESIAN_POINT ( 'NONE',  ( 4.649917682187163948, 0.009362694809449182559, -3.950635721216884111 ) ) ;
#2479 = ORIENTED_EDGE ( 'NONE', *, *, #368, .F. ) ;
#2480 = ORIENTED_EDGE ( 'NONE', *, *, #8429, .F. ) ;
#2481 = COLOUR_RGB ( '',0.7529411764705882248, 0.7529411764705882248, 0.7529411764705882248 ) ;
#2482 =( LENGTH_UNIT ( ) NAMED_UNIT ( * ) SI_UNIT ( .MILLI., .METRE. ) );
#2483 = SURFACE_SIDE_STYLE ('',( #6362 ) ) ;
#2484 = ORIENTED_EDGE ( 'NONE', *, *, #3713, .T. ) ;
#2485 = ORIENTED_EDGE ( 'NONE', *, *, #2557, .T. ) ;
#2486 = SURFACE_STYLE_USAGE ( .BOTH. , #1536 ) ;
#2487 = CARTESIAN_POINT ( 'NONE',  ( -5.821936167392618877, -1.374999999999998890, -4.250000000000000888 ) ) ;
#2488 = EDGE_CURVE ( 'NONE', #1622, #4113, #7815, .T. ) ;
#2489 = PLANE ( 'NONE',  #8305 ) ;
#2490 = SURFACE_STYLE_USAGE ( .BOTH. , #9628 ) ;
#2491 = DIRECTION ( 'NONE',  ( -0.000000000000000000, 0.06377704802100914172, 0.9979641717745812990 ) ) ;
#2492 = ORIENTED_EDGE ( 'NONE', *, *, #7182, .F. ) ;
#2493 = LINE ( 'NONE', #9711, #2873 ) ;
#2494 = PLANE ( 'NONE',  #774 ) ;
#2495 = STYLED_ITEM ( 'NONE', ( #1574 ), #4376 ) ;
#2496 = VECTOR ( 'NONE', #8149, 1000.000000000000000 ) ;
#2497 = CARTESIAN_POINT ( 'NONE',  ( 4.410000000000000142, -0.1100000000000000006, 3.550000000000000266 ) ) ;
#2498 = CIRCLE ( 'NONE', #4938, 0.04999999999999969746 ) ;
#2499 =( GEOMETRIC_REPRESENTATION_CONTEXT ( 3 ) GLOBAL_UNCERTAINTY_ASSIGNED_CONTEXT ( ( #4934 ) ) GLOBAL_UNIT_ASSIGNED_CONTEXT ( ( #3674, #4603, #3822 ) ) REPRESENTATION_CONTEXT ( 'NONE', 'WORKASPACE' ) );
#2500 = PLANE ( 'NONE',  #4551 ) ;
#2501 = PLANE ( 'NONE',  #2534 ) ;
#2502 = VERTEX_POINT ( 'NONE', #4287 ) ;
#2503 = VERTEX_POINT ( 'NONE', #6557 ) ;
#2504 = EDGE_CURVE ( 'NONE', #2433, #6544, #2261, .T. ) ;
#2505 = SURFACE_SIDE_STYLE ('',( #477 ) ) ;
#2506 = SURFACE_STYLE_USAGE ( .BOTH. , #7344 ) ;
#2507 = SURFACE_SIDE_STYLE ('',( #1779 ) ) ;
#2508 = SURFACE_SIDE_STYLE ('',( #2612 ) ) ;
#2509 = LINE ( 'NONE', #7822, #7312 ) ;
#2510 = EDGE_CURVE ( 'NONE', #8063, #6946, #9725, .T. ) ;
#2511 = AXIS2_PLACEMENT_3D ( 'NONE', #2596, #965, #9030 ) ;
#2512 = VECTOR ( 'NONE', #2286, 1000.000000000000000 ) ;
#2513 = LINE ( 'NONE', #5768, #2769 ) ;
#2514 = EDGE_LOOP ( 'NONE', ( #10386, #3642, #2350, #3439 ) ) ;
#2515 = ORIENTED_EDGE ( 'NONE', *, *, #7166, .T. ) ;
#2516 = CARTESIAN_POINT ( 'NONE',  ( 1.870000000000000107, 0.1099999999999998618, 3.897297636193110648 ) ) ;
#2517 = CARTESIAN_POINT ( 'NONE',  ( 0.6700000000000004841, -0.1100000000000000006, -3.550000000000000266 ) ) ;
#2518 =( NAMED_UNIT ( * ) SI_UNIT ( $, .STERADIAN. ) SOLID_ANGLE_UNIT ( ) );
#2519 = EDGE_CURVE ( 'NONE', #6019, #7496, #6576, .T. ) ;
#2520 = SURFACE_SIDE_STYLE ('',( #3020 ) ) ;
#2521 =( NAMED_UNIT ( * ) PLANE_ANGLE_UNIT ( ) SI_UNIT ( $, .RADIAN. ) );
#2522 = VERTEX_POINT ( 'NONE', #1147 ) ;
#2523 = ORIENTED_EDGE ( 'NONE', *, *, #9657, .T. ) ;
#2524 = DIRECTION ( 'NONE',  ( -0.000000000000000000, 0.9979641717745811880, 0.06377704802100964132 ) ) ;
#2525 = DIRECTION ( 'NONE',  ( 0.000000000000000000, -0.9979641717745812990, -0.06377704802100912784 ) ) ;
#2526 = ADVANCED_FACE ( 'NONE', ( #393 ), #2970, .F. ) ;
#2527 = SURFACE_STYLE_FILL_AREA ( #7942 ) ;
#2528 = VERTEX_POINT ( 'NONE', #7835 ) ;
#2529 = UNCERTAINTY_MEASURE_WITH_UNIT (LENGTH_MEASURE( 1.000000000000000082E-05 ), #9400, 'distance_accuracy_value', 'NONE');
#2530 = AXIS2_PLACEMENT_3D ( 'NONE', #5159, #5232, #8470 ) ;
#2531 = CARTESIAN_POINT ( 'NONE',  ( 6.949999999999999289, -0.1100000000000000006, 3.550000000000000266 ) ) ;
#2532 = CARTESIAN_POINT ( 'NONE',  ( -3.210000000000000853, -0.1599999999999999756, 3.695747996505077904 ) ) ;
#2533 = VERTEX_POINT ( 'NONE', #9469 ) ;
#2534 = AXIS2_PLACEMENT_3D ( 'NONE', #940, #1006, #8253 ) ;
#2535 = VERTEX_POINT ( 'NONE', #3012 ) ;
#2536 = DIRECTION ( 'NONE',  ( -0.000000000000000000, 0.000000000000000000, 1.000000000000000000 ) ) ;
#2537 = ORIENTED_EDGE ( 'NONE', *, *, #7497, .F. ) ;
#2538 = CARTESIAN_POINT ( 'NONE',  ( 4.060000000000001386, -1.374999999999998890, 3.823497185254835173 ) ) ;
#2539 = FILL_AREA_STYLE_COLOUR ( '', #9294 ) ;
#2540 = CARTESIAN_POINT ( 'NONE',  ( 9.115000000000000213, -0.1100000000000000006, 3.695747996505077460 ) ) ;
#2541 = SURFACE_STYLE_USAGE ( .BOTH. , #2508 ) ;
#2542 = SURFACE_STYLE_FILL_AREA ( #7439 ) ;
#2543 = ORIENTED_EDGE ( 'NONE', *, *, #1137, .T. ) ;
#2544 = MECHANICAL_DESIGN_GEOMETRIC_PRESENTATION_REPRESENTATION (  '', ( #6543 ), #3081 ) ;
#2545 = ORIENTED_EDGE ( 'NONE', *, *, #7229, .T. ) ;
#2546 = PLANE ( 'NONE',  #7281 ) ;
#2547 = DIRECTION ( 'NONE',  ( 0.000000000000000000, -0.000000000000000000, 1.000000000000000000 ) ) ;
#2548 = DIRECTION ( 'NONE',  ( -0.000000000000000000, 0.000000000000000000, 1.000000000000000000 ) ) ;
#2549 = LINE ( 'NONE', #8626, #4330 ) ;
#2550 = SURFACE_STYLE_USAGE ( .BOTH. , #3217 ) ;
#2551 = EDGE_CURVE ( 'NONE', #4774, #10169, #776, .T. ) ;
#2552 = VECTOR ( 'NONE', #2280, 1000.000000000000000 ) ;
#2553 = ORIENTED_EDGE ( 'NONE', *, *, #3092, .F. ) ;
#2554 = FILL_AREA_STYLE ('',( #4901 ) ) ;
#2555 = ORIENTED_EDGE ( 'NONE', *, *, #1416, .F. ) ;
#2556 = AXIS2_PLACEMENT_3D ( 'NONE', #7121, #2231, #3997 ) ;
#2557 = EDGE_CURVE ( 'NONE', #251, #663, #9092, .T. ) ;
#2558 = PRESENTATION_STYLE_ASSIGNMENT (( #2173 ) ) ;
#2559 = DIRECTION ( 'NONE',  ( -0.000000000000000000, -0.000000000000000000, 1.000000000000000000 ) ) ;
#2560 = FILL_AREA_STYLE ('',( #4216 ) ) ;
#2561 = VERTEX_POINT ( 'NONE', #9370 ) ;
#2562 =( GEOMETRIC_REPRESENTATION_CONTEXT ( 3 ) GLOBAL_UNCERTAINTY_ASSIGNED_CONTEXT ( ( #3476 ) ) GLOBAL_UNIT_ASSIGNED_CONTEXT ( ( #7206, #7169, #726 ) ) REPRESENTATION_CONTEXT ( 'NONE', 'WORKASPACE' ) );
#2563 = ORIENTED_EDGE ( 'NONE', *, *, #7300, .T. ) ;
#2564 = DIRECTION ( 'NONE',  ( 0.000000000000000000, -0.9979641717745810769, -0.06377704802100964132 ) ) ;
#2565 = EDGE_CURVE ( 'NONE', #7348, #4630, #3267, .T. ) ;
#2566 = VERTEX_POINT ( 'NONE', #2083 ) ;
#2567 = VECTOR ( 'NONE', #9975, 1000.000000000000000 ) ;
#2568 = DIRECTION ( 'NONE',  ( -1.000000000000000000, -0.000000000000000000, -0.000000000000000000 ) ) ;
#2569 = VECTOR ( 'NONE', #1691, 1000.000000000000000 ) ;
#2570 = LINE ( 'NONE', #3222, #6491 ) ;
#2571 = SURFACE_SIDE_STYLE ('',( #5870 ) ) ;
#2572 = EDGE_CURVE ( 'NONE', #2136, #6019, #3019, .T. ) ;
#2573 = STYLED_ITEM ( 'NONE', ( #5090 ), #5393 ) ;
#2574 = EDGE_CURVE ( 'NONE', #6482, #6317, #1244, .T. ) ;
#2575 = DIRECTION ( 'NONE',  ( -0.000000000000000000, -0.000000000000000000, 1.000000000000000000 ) ) ;
#2576 = CARTESIAN_POINT ( 'NONE',  ( -6.949999999999999289, 0.06318885240105015511, 3.947195844781839824 ) ) ;
#2577 = EDGE_LOOP ( 'NONE', ( #8912, #194, #1082, #9890 ) ) ;
#2578 = AXIS2_PLACEMENT_3D ( 'NONE', #3876, #5440, #9531 ) ;
#2579 = PLANE ( 'NONE',  #3716 ) ;
#2580 = VECTOR ( 'NONE', #8007, 1000.000000000000114 ) ;
#2581 = ADVANCED_FACE ( 'NONE', ( #7557 ), #5340, .F. ) ;
#2582 = EDGE_CURVE ( 'NONE', #7716, #10240, #6697, .T. ) ;
#2583 = FILL_AREA_STYLE_COLOUR ( '', #1872 ) ;
#2584 = CARTESIAN_POINT ( 'NONE',  ( -6.599999999999999645, -1.374999999999998890, -4.250000000000000888 ) ) ;
#2585 = DIRECTION ( 'NONE',  ( -0.000000000000000000, -0.000000000000000000, 1.000000000000000000 ) ) ;
#2586 = ORIENTED_EDGE ( 'NONE', *, *, #5023, .T. ) ;
#2587 = PRESENTATION_STYLE_ASSIGNMENT (( #2490 ) ) ;
#2588 = FILL_AREA_STYLE_COLOUR ( '', #2179 ) ;
#2589 = UNCERTAINTY_MEASURE_WITH_UNIT (LENGTH_MEASURE( 1.000000000000000082E-05 ), #9659, 'distance_accuracy_value', 'NONE');
#2590 = CARTESIAN_POINT ( 'NONE',  ( 6.949999999999999289, 0.06318885240105015511, -3.947195844781839824 ) ) ;
#2591 =( GEOMETRIC_REPRESENTATION_CONTEXT ( 3 ) GLOBAL_UNCERTAINTY_ASSIGNED_CONTEXT ( ( #6554 ) ) GLOBAL_UNIT_ASSIGNED_CONTEXT ( ( #2849, #6030, #5247 ) ) REPRESENTATION_CONTEXT ( 'NONE', 'WORKASPACE' ) );
#2592 =( NAMED_UNIT ( * ) PLANE_ANGLE_UNIT ( ) SI_UNIT ( $, .RADIAN. ) );
#2593 = LINE ( 'NONE', #10387, #5246 ) ;
#2594 = ORIENTED_EDGE ( 'NONE', *, *, #4675, .T. ) ;
#2595 = VECTOR ( 'NONE', #4917, 1000.000000000000227 ) ;
#2596 = CARTESIAN_POINT ( 'NONE',  ( 9.999999999999998224, -0.1100000000000000006, -3.549999999999999378 ) ) ;
#2597 = VECTOR ( 'NONE', #2302, 1000.000000000000000 ) ;
#2598 = LINE ( 'NONE', #2837, #8910 ) ;
#2599 = DIRECTION ( 'NONE',  ( 0.000000000000000000, 0.000000000000000000, -1.000000000000000000 ) ) ;
#2600 = CARTESIAN_POINT ( 'NONE',  ( 8.665000000000000924, 0.06318885240105015511, -3.947195844781839824 ) ) ;
#2601 = ORIENTED_EDGE ( 'NONE', *, *, #4264, .F. ) ;
#2602 = ORIENTED_EDGE ( 'NONE', *, *, #614, .F. ) ;
#2603 = MECHANICAL_DESIGN_GEOMETRIC_PRESENTATION_REPRESENTATION (  '', ( #1851 ), #2812 ) ;
#2604 = CARTESIAN_POINT ( 'NONE',  ( -8.290000000000000924, 0.06000000000000001166, -3.897297636193110648 ) ) ;
#2605 = ORIENTED_EDGE ( 'NONE', *, *, #5086, .T. ) ;
#2606 = DIRECTION ( 'NONE',  ( 1.000000000000000000, 0.000000000000000000, 0.000000000000000000 ) ) ;
#2607 = AXIS2_PLACEMENT_3D ( 'NONE', #4601, #7083, #10238 ) ;
#2608 = VECTOR ( 'NONE', #798, 1000.000000000000000 ) ;
#2609 =( NAMED_UNIT ( * ) PLANE_ANGLE_UNIT ( ) SI_UNIT ( $, .RADIAN. ) );
#2610 = FACE_OUTER_BOUND ( 'NONE', #9444, .T. ) ;
#2611 = ORIENTED_EDGE ( 'NONE', *, *, #6643, .T. ) ;
#2612 = SURFACE_STYLE_FILL_AREA ( #9008 ) ;
#2613 = EDGE_LOOP ( 'NONE', ( #8961, #3216, #5633, #2643 ) ) ;
#2614 =( NAMED_UNIT ( * ) PLANE_ANGLE_UNIT ( ) SI_UNIT ( $, .RADIAN. ) );
#2615 = DIRECTION ( 'NONE',  ( 0.000000000000000000, -1.000000000000000000, 0.000000000000000000 ) ) ;
#2616 = CARTESIAN_POINT ( 'NONE',  ( 0.6700000000000004841, -0.1568111475989498460, 3.745646205093807080 ) ) ;
#2617 = STYLED_ITEM ( 'NONE', ( #5933 ), #3318 ) ;
#2618 = VECTOR ( 'NONE', #6675, 1000.000000000000114 ) ;
#2619 = EDGE_CURVE ( 'NONE', #4740, #4867, #5052, .T. ) ;
#2620 = VECTOR ( 'NONE', #711, 1000.000000000000227 ) ;
#2621 = CARTESIAN_POINT ( 'NONE',  ( -8.290000000000000924, 0.06318885240105015511, 3.947195844781839824 ) ) ;
#2622 = CARTESIAN_POINT ( 'NONE',  ( 3.560000000000000497, -1.374999999999999112, -4.039106398383939478 ) ) ;
#2623 = CARTESIAN_POINT ( 'NONE',  ( 7.189917682187164871, 0.009362694809448998678, -3.950635721216884111 ) ) ;
#2624 = ORIENTED_EDGE ( 'NONE', *, *, #10137, .F. ) ;
#2625 = EDGE_CURVE ( 'NONE', #7499, #3974, #1503, .T. ) ;
#2626 = EDGE_LOOP ( 'NONE', ( #5441, #2998, #8529, #4602, #4721, #4136, #5765, #8093 ) ) ;
#2627 = EDGE_CURVE ( 'NONE', #2161, #397, #9844, .T. ) ;
#2628 = PLANE ( 'NONE',  #6843 ) ;
#2629 = CARTESIAN_POINT ( 'NONE',  ( 9.999999999999998224, -0.7750000000000000222, -3.432742557828870389 ) ) ;
#2630 = CARTESIAN_POINT ( 'NONE',  ( 10.00000000000000000, 0.1100000000000000006, 3.550000000000000266 ) ) ;
#2631 = CARTESIAN_POINT ( 'NONE',  ( -4.059999999999999609, -1.374999999999999112, 3.823497185254834285 ) ) ;
#2632 = COLOUR_RGB ( '',0.7529411764705882248, 0.7529411764705882248, 0.7529411764705882248 ) ;
#2633 = ADVANCED_FACE ( 'NONE', ( #3763 ), #9851, .F. ) ;
#2634 = LINE ( 'NONE', #1002, #10077 ) ;
#2635 = ORIENTED_EDGE ( 'NONE', *, *, #6500, .F. ) ;
#2636 = ORIENTED_EDGE ( 'NONE', *, *, #7359, .F. ) ;
#2637 = PRESENTATION_LAYER_ASSIGNMENT (  '', '', ( #2966 ) ) ;
#2638 = FACE_OUTER_BOUND ( 'NONE', #670, .T. ) ;
#2639 = DIRECTION ( 'NONE',  ( 0.000000000000000000, -0.9979641717745812990, 0.06377704802100914172 ) ) ;
#2640 = PLANE ( 'NONE',  #8002 ) ;
#2641 = ORIENTED_EDGE ( 'NONE', *, *, #9804, .F. ) ;
#2642 = AXIS2_PLACEMENT_3D ( 'NONE', #3287, #882, #5727 ) ;
#2643 = ORIENTED_EDGE ( 'NONE', *, *, #2645, .F. ) ;
#2644 =( NAMED_UNIT ( * ) SI_UNIT ( $, .STERADIAN. ) SOLID_ANGLE_UNIT ( ) );
#2645 = EDGE_CURVE ( 'NONE', #7213, #4405, #10211, .T. ) ;
#2646 = SURFACE_STYLE_FILL_AREA ( #9526 ) ;
#2647 = CARTESIAN_POINT ( 'NONE',  ( -9.414578816515268400, -3.430088514716022274, -2.964578816515270887 ) ) ;
#2648 = FACE_OUTER_BOUND ( 'NONE', #2890, .T. ) ;
#2649 = FILL_AREA_STYLE ('',( #5181 ) ) ;
#2650 = VERTEX_POINT ( 'NONE', #5361 ) ;
#2651 = ORIENTED_EDGE ( 'NONE', *, *, #9868, .F. ) ;
#2652 = ORIENTED_EDGE ( 'NONE', *, *, #7168, .F. ) ;
#2653 = EDGE_CURVE ( 'NONE', #5176, #191, #4798, .T. ) ;
#2654 = UNCERTAINTY_MEASURE_WITH_UNIT (LENGTH_MEASURE( 1.000000000000000082E-05 ), #9472, 'distance_accuracy_value', 'NONE');
#2655 = MECHANICAL_DESIGN_GEOMETRIC_PRESENTATION_REPRESENTATION (  '', ( #714 ), #5216 ) ;
#2656 = FILL_AREA_STYLE_COLOUR ( '', #6950 ) ;
#2657 = CARTESIAN_POINT ( 'NONE',  ( 0.6700000000000004841, -1.055665328710549522, 4.018698629005418965 ) ) ;
#2658 = AXIS2_PLACEMENT_3D ( 'NONE', #6855, #1183, #5992 ) ;
#2659 = EDGE_LOOP ( 'NONE', ( #2605, #5797, #5964, #5719 ) ) ;
#2660 = SURFACE_STYLE_USAGE ( .BOTH. , #255 ) ;
#2661 = ORIENTED_EDGE ( 'NONE', *, *, #1281, .F. ) ;
#2662 = DIRECTION ( 'NONE',  ( 1.000000000000000000, -0.000000000000000000, 0.000000000000000000 ) ) ;
#2663 =( GEOMETRIC_REPRESENTATION_CONTEXT ( 3 ) GLOBAL_UNCERTAINTY_ASSIGNED_CONTEXT ( ( #5119 ) ) GLOBAL_UNIT_ASSIGNED_CONTEXT ( ( #7378, #8137, #95 ) ) REPRESENTATION_CONTEXT ( 'NONE', 'WORKASPACE' ) );
#2664 = SURFACE_STYLE_FILL_AREA ( #5435 ) ;
#2665 = SURFACE_STYLE_FILL_AREA ( #6714 ) ;
#2666 = UNCERTAINTY_MEASURE_WITH_UNIT (LENGTH_MEASURE( 1.000000000000000082E-05 ), #9027, 'distance_accuracy_value', 'NONE');
#2667 = LINE ( 'NONE', #5320, #8587 ) ;
#2669 = VERTEX_POINT ( 'NONE', #6360 ) ;
#2668 = DIRECTION ( 'NONE',  ( 0.000000000000000000, 0.000000000000000000, -1.000000000000000000 ) ) ;
#2670 = DIRECTION ( 'NONE',  ( -1.000000000000000000, 0.000000000000000000, 0.000000000000000000 ) ) ;
#2671 = CARTESIAN_POINT ( 'NONE',  ( 8.421615491570639378, -1.374999999999999556, 4.039106398383939478 ) ) ;
#2672 = STYLED_ITEM ( 'NONE', ( #8419 ), #9572 ) ;
#2673 = SURFACE_STYLE_FILL_AREA ( #695 ) ;
#2674 =( LENGTH_UNIT ( ) NAMED_UNIT ( * ) SI_UNIT ( .MILLI., .METRE. ) );
#2675 = PRESENTATION_LAYER_ASSIGNMENT (  '', '', ( #5987 ) ) ;
#2676 = FACE_OUTER_BOUND ( 'NONE', #3166, .T. ) ;
#2677 = VECTOR ( 'NONE', #5824, 1000.000000000000000 ) ;
#2678 = PRESENTATION_STYLE_ASSIGNMENT (( #2175 ) ) ;
#2679 = VECTOR ( 'NONE', #7367, 1000.000000000000000 ) ;
#2680 = DIRECTION ( 'NONE',  ( -0.000000000000000000, 0.000000000000000000, 1.000000000000000000 ) ) ;
#2681 = DIRECTION ( 'NONE',  ( -0.2197618659596110857, 0.9755535465928817374, 0.000000000000000000 ) ) ;
#2682 = ORIENTED_EDGE ( 'NONE', *, *, #7438, .F. ) ;
#2683 = DIRECTION ( 'NONE',  ( 0.000000000000000000, 0.000000000000000000, -1.000000000000000000 ) ) ;
#2684 =( GEOMETRIC_REPRESENTATION_CONTEXT ( 3 ) GLOBAL_UNCERTAINTY_ASSIGNED_CONTEXT ( ( #3300 ) ) GLOBAL_UNIT_ASSIGNED_CONTEXT ( ( #4731, #5604, #8003 ) ) REPRESENTATION_CONTEXT ( 'NONE', 'WORKASPACE' ) );
#2685 = FACE_OUTER_BOUND ( 'NONE', #1008, .T. ) ;
#2686 = ADVANCED_FACE ( 'NONE', ( #510 ), #5496, .F. ) ;
#2687 = ORIENTED_EDGE ( 'NONE', *, *, #840, .T. ) ;
#2688 = PLANE ( 'NONE',  #1526 ) ;
#2689 = VERTEX_POINT ( 'NONE', #4842 ) ;
#2690 = SURFACE_STYLE_FILL_AREA ( #3959 ) ;
#2691 = CARTESIAN_POINT ( 'NONE',  ( -0.6700000000000004841, -0.1100000000000000006, -3.550000000000000266 ) ) ;
#2692 = EDGE_CURVE ( 'NONE', #8424, #4368, #3628, .T. ) ;
#2693 = VECTOR ( 'NONE', #381, 1000.000000000000114 ) ;
#2694 = CIRCLE ( 'NONE', #1157, 0.05000000000000012768 ) ;
#2695 = DIRECTION ( 'NONE',  ( 0.000000000000000000, 0.000000000000000000, 1.000000000000000000 ) ) ;
#2696 = PLANE ( 'NONE',  #3786 ) ;
#2697 = ORIENTED_EDGE ( 'NONE', *, *, #8390, .T. ) ;
#2698 = ADVANCED_FACE ( 'NONE', ( #8436 ), #7965, .T. ) ;
#2699 = PRESENTATION_LAYER_ASSIGNMENT (  '', '', ( #5600 ) ) ;
#2700 = ORIENTED_EDGE ( 'NONE', *, *, #773, .T. ) ;
#2701 = PRESENTATION_LAYER_ASSIGNMENT (  '', '', ( #554 ) ) ;
#2702 = VECTOR ( 'NONE', #200, 1000.000000000000000 ) ;
#2703 = CARTESIAN_POINT ( 'NONE',  ( -1.870000000000000107, 0.06000000000000001166, 3.897297636193110648 ) ) ;
#2704 = CARTESIAN_POINT ( 'NONE',  ( -10.00000000000000000, 0.1100000000000000006, -3.549999999999999378 ) ) ;
#2705 = EDGE_CURVE ( 'NONE', #1353, #794, #9583, .T. ) ;
#2706 = DIRECTION ( 'NONE',  ( 0.000000000000000000, 0.000000000000000000, 1.000000000000000000 ) ) ;
#2707 = ORIENTED_EDGE ( 'NONE', *, *, #2786, .T. ) ;
#2708 = DIRECTION ( 'NONE',  ( -0.2193360129683985527, -0.9736631258226969843, 0.06222403738348480234 ) ) ;
#2709 = DIRECTION ( 'NONE',  ( -1.000000000000000000, -0.000000000000000000, -0.000000000000000000 ) ) ;
#2710 = CARTESIAN_POINT ( 'NONE',  ( 1.870000000000000107, -1.055665328710549522, -4.250000000000000888 ) ) ;
#2711 = EDGE_CURVE ( 'NONE', #2689, #3832, #5287, .T. ) ;
#2712 = CARTESIAN_POINT ( 'NONE',  ( 3.209999999999999964, 0.06000000000000001166, 3.897297636193110648 ) ) ;
#2713 =( GEOMETRIC_REPRESENTATION_CONTEXT ( 3 ) GLOBAL_UNCERTAINTY_ASSIGNED_CONTEXT ( ( #6677 ) ) GLOBAL_UNIT_ASSIGNED_CONTEXT ( ( #325, #9226, #1942 ) ) REPRESENTATION_CONTEXT ( 'NONE', 'WORKASPACE' ) );
#2714 = SURFACE_STYLE_FILL_AREA ( #9475 ) ;
#2715 = EDGE_CURVE ( 'NONE', #2881, #6879, #2768, .T. ) ;
#2716 = DIRECTION ( 'NONE',  ( 0.000000000000000000, 0.000000000000000000, -1.000000000000000000 ) ) ;
#2717 = CARTESIAN_POINT ( 'NONE',  ( 8.665000000000000924, -4.674999999999999822, -4.250000000000000888 ) ) ;
#2718 = MECHANICAL_DESIGN_GEOMETRIC_PRESENTATION_REPRESENTATION (  '', ( #4333 ), #10430 ) ;
#2719 = FACE_OUTER_BOUND ( 'NONE', #10130, .T. ) ;
#2720 = EDGE_LOOP ( 'NONE', ( #1413, #5481, #9415, #9654 ) ) ;
#2721 = MECHANICAL_DESIGN_GEOMETRIC_PRESENTATION_REPRESENTATION (  '', ( #249 ), #783 ) ;
#2722 = VECTOR ( 'NONE', #7261, 1000.000000000000000 ) ;
#2723 = UNCERTAINTY_MEASURE_WITH_UNIT (LENGTH_MEASURE( 1.000000000000000082E-05 ), #5419, 'distance_accuracy_value', 'NONE');
#2724 = FILL_AREA_STYLE ('',( #5094 ) ) ;
#2725 = VECTOR ( 'NONE', #1512, 1000.000000000000000 ) ;
#2726 = VECTOR ( 'NONE', #2668, 1000.000000000000000 ) ;
#2727 = CARTESIAN_POINT ( 'NONE',  ( 4.649917682187163948, 0.009362694809449182559, 3.950635721216884111 ) ) ;
#2728 = DIRECTION ( 'NONE',  ( -1.000000000000000000, -0.000000000000000000, -0.000000000000000000 ) ) ;
#2729 =( NAMED_UNIT ( * ) PLANE_ANGLE_UNIT ( ) SI_UNIT ( $, .RADIAN. ) );
#2730 = CARTESIAN_POINT ( 'NONE',  ( -6.099999999999999645, -0.1568111475989498460, -3.745646205093807080 ) ) ;
#2731 = ORIENTED_EDGE ( 'NONE', *, *, #7229, .F. ) ;
#2732 = SURFACE_SIDE_STYLE ('',( #5794 ) ) ;
#2733 = VERTEX_POINT ( 'NONE', #3937 ) ;
#2734 = SURFACE_STYLE_FILL_AREA ( #7787 ) ;
#2735 = MECHANICAL_DESIGN_GEOMETRIC_PRESENTATION_REPRESENTATION (  '', ( #3332 ), #3663 ) ;
#2736 = CARTESIAN_POINT ( 'NONE',  ( -8.290000000000000924, -0.1100000000000000006, 3.550000000000000266 ) ) ;
#2737 = CARTESIAN_POINT ( 'NONE',  ( 6.949999999999999289, -1.374999999999998890, 4.039106398383938590 ) ) ;
#2738 = ADVANCED_FACE ( 'NONE', ( #2249 ), #10403, .F. ) ;
#2739 = ORIENTED_EDGE ( 'NONE', *, *, #7377, .F. ) ;
#2740 = CIRCLE ( 'NONE', #4290, 0.04999999999999969746 ) ;
#2741 = ORIENTED_EDGE ( 'NONE', *, *, #5086, .F. ) ;
#2742 = ORIENTED_EDGE ( 'NONE', *, *, #9325, .F. ) ;
#2743 =( LENGTH_UNIT ( ) NAMED_UNIT ( * ) SI_UNIT ( .MILLI., .METRE. ) );
#2744 = FILL_AREA_STYLE ('',( #2021 ) ) ;
#2745 = FACE_OUTER_BOUND ( 'NONE', #3942, .T. ) ;
#2746 = DIRECTION ( 'NONE',  ( 0.000000000000000000, 0.9979641717745812990, -0.06377704802100926662 ) ) ;
#2747 = LINE ( 'NONE', #2168, #4121 ) ;
#2748 = LINE ( 'NONE', #9088, #8674 ) ;
#2749 = CARTESIAN_POINT ( 'NONE',  ( 0.6700000000000004841, -0.1100000000000000006, -3.550000000000000266 ) ) ;
#2750 = PRESENTATION_LAYER_ASSIGNMENT (  '', '', ( #4155 ) ) ;
#2751 = CARTESIAN_POINT ( 'NONE',  ( 6.600000000000001421, -4.674999999999999822, -4.250000000000000888 ) ) ;
#2752 = DIRECTION ( 'NONE',  ( 0.000000000000000000, -0.000000000000000000, 1.000000000000000000 ) ) ;
#2753 = DIRECTION ( 'NONE',  ( 0.000000000000000000, 0.000000000000000000, -1.000000000000000000 ) ) ;
#2754 = ORIENTED_EDGE ( 'NONE', *, *, #4177, .T. ) ;
#2755 = ADVANCED_FACE ( 'NONE', ( #4789 ), #5822, .F. ) ;
#2756 = SURFACE_SIDE_STYLE ('',( #170 ) ) ;
#2757 =( NAMED_UNIT ( * ) SI_UNIT ( $, .STERADIAN. ) SOLID_ANGLE_UNIT ( ) );
#2758 = ORIENTED_EDGE ( 'NONE', *, *, #2653, .F. ) ;
#2759 = ORIENTED_EDGE ( 'NONE', *, *, #5961, .F. ) ;
#2760 = CARTESIAN_POINT ( 'NONE',  ( 4.338063832607382153, -1.374999999999999112, -4.039106398383939478 ) ) ;
#2761 = MECHANICAL_DESIGN_GEOMETRIC_PRESENTATION_REPRESENTATION (  '', ( #6555 ), #1330 ) ;
#2762 = EDGE_CURVE ( 'NONE', #6036, #7839, #502, .T. ) ;
#2763 = DIRECTION ( 'NONE',  ( -1.000000000000000000, -0.000000000000000000, -0.000000000000000000 ) ) ;
#2764 = CARTESIAN_POINT ( 'NONE',  ( 1.520000000000000462, -1.374999999999998890, 4.039106398383938590 ) ) ;
#2765 = CARTESIAN_POINT ( 'NONE',  ( 9.490000000000000213, -1.374999999999999556, 3.823497185254835173 ) ) ;
#2766 =( LENGTH_UNIT ( ) NAMED_UNIT ( * ) SI_UNIT ( .MILLI., .METRE. ) );
#2767 = DIRECTION ( 'NONE',  ( 0.000000000000000000, -0.9979641717745810769, -0.06377704802100964132 ) ) ;
#2768 = LINE ( 'NONE', #6467, #3382 ) ;
#2769 = VECTOR ( 'NONE', #4207, 1000.000000000000000 ) ;
#2770 = ORIENTED_EDGE ( 'NONE', *, *, #6303, .F. ) ;
#2771 = ORIENTED_EDGE ( 'NONE', *, *, #2625, .F. ) ;
#2772 = EDGE_CURVE ( 'NONE', #8153, #9094, #1495, .T. ) ;
#2773 =( NAMED_UNIT ( * ) PLANE_ANGLE_UNIT ( ) SI_UNIT ( $, .RADIAN. ) );
#2774 = VECTOR ( 'NONE', #103, 1000.000000000000227 ) ;
#2775 = CARTESIAN_POINT ( 'NONE',  ( -9.918007953970562340, 0.5749999999999999556, 0.5241992011858075395 ) ) ;
#2776 = STYLED_ITEM ( 'NONE', ( #3434 ), #5129 ) ;
#2777 = EDGE_CURVE ( 'NONE', #6918, #4774, #6045, .T. ) ;
#2778 = DIRECTION ( 'NONE',  ( -1.000000000000000000, -0.000000000000000000, -0.000000000000000000 ) ) ;
#2779 = PRESENTATION_STYLE_ASSIGNMENT (( #9690 ) ) ;
#2780 = VERTEX_POINT ( 'NONE', #7440 ) ;
#2781 = EDGE_LOOP ( 'NONE', ( #3736, #5905, #3497, #7655 ) ) ;
#2782 = AXIS2_PLACEMENT_3D ( 'NONE', #1970, #4373, #1196 ) ;
#2783 = ORIENTED_EDGE ( 'NONE', *, *, #2582, .T. ) ;
#2784 = DIRECTION ( 'NONE',  ( -0.000000000000000000, 1.000000000000000000, 0.000000000000000000 ) ) ;
#2785 = UNCERTAINTY_MEASURE_WITH_UNIT (LENGTH_MEASURE( 1.000000000000000082E-05 ), #9584, 'distance_accuracy_value', 'NONE');
#2786 = EDGE_CURVE ( 'NONE', #8507, #1201, #2634, .T. ) ;
#2787 = CARTESIAN_POINT ( 'NONE',  ( -9.999999999999998224, 0.7750000000000000222, 3.432742557828871277 ) ) ;
#2788 = VECTOR ( 'NONE', #5632, 1000.000000000000114 ) ;
#2789 = CARTESIAN_POINT ( 'NONE',  ( 1.520000000000000462, -4.674999999999999822, -4.250000000000000888 ) ) ;
#2790 = EDGE_LOOP ( 'NONE', ( #4856, #4444, #3253, #2896, #4153, #9079, #7389, #5946 ) ) ;
#2791 = ORIENTED_EDGE ( 'NONE', *, *, #9812, .T. ) ;
#2792 = ADVANCED_FACE ( 'NONE', ( #4516 ), #5712, .F. ) ;
#2793 = ORIENTED_EDGE ( 'NONE', *, *, #1084, .F. ) ;
#2794 =( LENGTH_UNIT ( ) NAMED_UNIT ( * ) SI_UNIT ( .MILLI., .METRE. ) );
#2795 = VECTOR ( 'NONE', #6999, 1000.000000000000000 ) ;
#2796 = MANIFOLD_SOLID_BREP ( 'Cut-Extrude3[3]', #6276 ) ;
#2797 = PRESENTATION_LAYER_ASSIGNMENT (  '', '', ( #7526 ) ) ;
#2798 = VECTOR ( 'NONE', #6346, 1000.000000000000000 ) ;
#2799 = FILL_AREA_STYLE_COLOUR ( '', #2226 ) ;
#2800 = SURFACE_STYLE_FILL_AREA ( #15 ) ;
#2801 = MECHANICAL_DESIGN_GEOMETRIC_PRESENTATION_REPRESENTATION (  '', ( #9431 ), #8343 ) ;
#2802 = ORIENTED_EDGE ( 'NONE', *, *, #9887, .F. ) ;
#2803 = FILL_AREA_STYLE ('',( #4443 ) ) ;
#2804 = DIRECTION ( 'NONE',  ( 0.000000000000000000, 0.000000000000000000, -1.000000000000000000 ) ) ;
#2805 = FILL_AREA_STYLE ('',( #1972 ) ) ;
#2806 = ADVANCED_FACE ( 'NONE', ( #8957 ), #2460, .F. ) ;
#2807 = LINE ( 'NONE', #3718, #5198 ) ;
#2808 = DIRECTION ( 'NONE',  ( -0.000000000000000000, 0.9979641717745810769, 0.06377704802100964132 ) ) ;
#2809 = DIRECTION ( 'NONE',  ( -0.000000000000000000, -0.000000000000000000, 1.000000000000000000 ) ) ;
#2810 = SURFACE_STYLE_FILL_AREA ( #8889 ) ;
#2811 = ORIENTED_EDGE ( 'NONE', *, *, #353, .F. ) ;
#2812 =( GEOMETRIC_REPRESENTATION_CONTEXT ( 3 ) GLOBAL_UNCERTAINTY_ASSIGNED_CONTEXT ( ( #998 ) ) GLOBAL_UNIT_ASSIGNED_CONTEXT ( ( #3753, #7673, #6136 ) ) REPRESENTATION_CONTEXT ( 'NONE', 'WORKASPACE' ) );
#2813 = DIRECTION ( 'NONE',  ( -0.000000000000000000, -0.000000000000000000, 1.000000000000000000 ) ) ;
#2814 = DIRECTION ( 'NONE',  ( -1.000000000000000000, 0.000000000000000000, 9.794241735966333711E-17 ) ) ;
#2815 = ORIENTED_EDGE ( 'NONE', *, *, #282, .F. ) ;
#2816 = FACE_OUTER_BOUND ( 'NONE', #6187, .T. ) ;
#2817 =( NAMED_UNIT ( * ) SI_UNIT ( $, .STERADIAN. ) SOLID_ANGLE_UNIT ( ) );
#2818 = DIRECTION ( 'NONE',  ( 0.000000000000000000, 0.000000000000000000, -1.000000000000000000 ) ) ;
#2819 = PRESENTATION_STYLE_ASSIGNMENT (( #6805 ) ) ;
#2820 = VERTEX_POINT ( 'NONE', #4951 ) ;
#2821 = DIRECTION ( 'NONE',  ( -0.000000000000000000, 0.9979641717745812990, -0.06377704802100912784 ) ) ;
#2822 = ORIENTED_EDGE ( 'NONE', *, *, #9399, .T. ) ;
#2823 = AXIS2_PLACEMENT_3D ( 'NONE', #9388, #2074, #545 ) ;
#2824 = COLOUR_RGB ( '',0.7529411764705882248, 0.7529411764705882248, 0.7529411764705882248 ) ;
#2825 =( LENGTH_UNIT ( ) NAMED_UNIT ( * ) SI_UNIT ( .MILLI., .METRE. ) );
#2826 = FILL_AREA_STYLE ('',( #10122 ) ) ;
#2827 = EDGE_CURVE ( 'NONE', #9741, #1857, #658, .T. ) ;
#2828 = EDGE_LOOP ( 'NONE', ( #4853, #1520, #1298, #639 ) ) ;
#2829 = FILL_AREA_STYLE_COLOUR ( '', #10257 ) ;
#2830 = EDGE_CURVE ( 'NONE', #7879, #4021, #8216, .T. ) ;
#2831 = CARTESIAN_POINT ( 'NONE',  ( -3.559999999999999165, -4.675000000000000711, 4.034390786870893919 ) ) ;
#2832 = DIRECTION ( 'NONE',  ( -1.000000000000000000, -0.000000000000000000, -0.000000000000000000 ) ) ;
#2833 = DIRECTION ( 'NONE',  ( 0.000000000000000000, -0.9979641717745812990, 0.06377704802100926662 ) ) ;
#2834 = FACE_OUTER_BOUND ( 'NONE', #9870, .T. ) ;
#2835 = AXIS2_PLACEMENT_3D ( 'NONE', #8847, #6, #3225 ) ;
#2836 = EDGE_CURVE ( 'NONE', #6512, #2689, #6461, .T. ) ;
#2837 = CARTESIAN_POINT ( 'NONE',  ( 8.290000000000000924, -1.055665328710549522, 3.897297636193110648 ) ) ;
#2838 = FACE_OUTER_BOUND ( 'NONE', #9160, .T. ) ;
#2839 = ORIENTED_EDGE ( 'NONE', *, *, #368, .T. ) ;
#2840 = ADVANCED_FACE ( 'NONE', ( #532 ), #7824, .F. ) ;
#2841 =( GEOMETRIC_REPRESENTATION_CONTEXT ( 3 ) GLOBAL_UNCERTAINTY_ASSIGNED_CONTEXT ( ( #867 ) ) GLOBAL_UNIT_ASSIGNED_CONTEXT ( ( #1532, #9621, #4788 ) ) REPRESENTATION_CONTEXT ( 'NONE', 'WORKASPACE' ) );
#2842 =( NAMED_UNIT ( * ) SI_UNIT ( $, .STERADIAN. ) SOLID_ANGLE_UNIT ( ) );
#2843 = SURFACE_SIDE_STYLE ('',( #6474 ) ) ;
#2844 = EDGE_CURVE ( 'NONE', #5877, #1343, #8850, .T. ) ;
#2845 = PRESENTATION_STYLE_ASSIGNMENT (( #9682 ) ) ;
#2846 =( NAMED_UNIT ( * ) PLANE_ANGLE_UNIT ( ) SI_UNIT ( $, .RADIAN. ) );
#2847 = FILL_AREA_STYLE ('',( #5315 ) ) ;
#2848 = VECTOR ( 'NONE', #2615, 1000.000000000000000 ) ;
#2849 =( LENGTH_UNIT ( ) NAMED_UNIT ( * ) SI_UNIT ( .MILLI., .METRE. ) );
#2850 = DIRECTION ( 'NONE',  ( 0.000000000000000000, 0.000000000000000000, 1.000000000000000000 ) ) ;
#2851 = EDGE_CURVE ( 'NONE', #7839, #5406, #3524, .T. ) ;
#2852 = VERTEX_POINT ( 'NONE', #7373 ) ;
#2853 = STYLED_ITEM ( 'NONE', ( #6162 ), #6250 ) ;
#2854 = DIRECTION ( 'NONE',  ( 0.1736481776669303867, 0.9848077530122081313, -1.700752229079946553E-17 ) ) ;
#2855 = PRESENTATION_STYLE_ASSIGNMENT (( #5399 ) ) ;
#2856 = FACE_OUTER_BOUND ( 'NONE', #7006, .T. ) ;
#2857 = AXIS2_PLACEMENT_3D ( 'NONE', #8179, #7480, #2683 ) ;
#2858 = VERTEX_POINT ( 'NONE', #2538 ) ;
#2859 = PRESENTATION_LAYER_ASSIGNMENT (  '', '', ( #9696 ) ) ;
#2860 = SURFACE_STYLE_FILL_AREA ( #1978 ) ;
#2861 = ORIENTED_EDGE ( 'NONE', *, *, #5274, .T. ) ;
#2862 =( NAMED_UNIT ( * ) PLANE_ANGLE_UNIT ( ) SI_UNIT ( $, .RADIAN. ) );
#2863 = LINE ( 'NONE', #1517, #6922 ) ;
#2864 = DIRECTION ( 'NONE',  ( 0.000000000000000000, 0.06377704802100914172, -0.9979641717745812990 ) ) ;
#2865 = PLANE ( 'NONE',  #5139 ) ;
#2866 = CIRCLE ( 'NONE', #9936, 0.5241992011858079836 ) ;
#2867 = CARTESIAN_POINT ( 'NONE',  ( -1.870000000000000107, -0.1568111475989498460, -3.745646205093807080 ) ) ;
#2868 = LINE ( 'NONE', #5801, #7786 ) ;
#2869 = DIRECTION ( 'NONE',  ( -1.000000000000000000, -0.000000000000000000, -0.000000000000000000 ) ) ;
#2870 =( NAMED_UNIT ( * ) PLANE_ANGLE_UNIT ( ) SI_UNIT ( $, .RADIAN. ) );
#2871 = FILL_AREA_STYLE_COLOUR ( '', #9712 ) ;
#2872 = VERTEX_POINT ( 'NONE', #4182 ) ;
#2873 = VECTOR ( 'NONE', #5647, 1000.000000000000227 ) ;
#2874 = ORIENTED_EDGE ( 'NONE', *, *, #1137, .F. ) ;
#2875 = MECHANICAL_DESIGN_GEOMETRIC_PRESENTATION_REPRESENTATION (  '', ( #2672 ), #868 ) ;
#2876 = DIRECTION ( 'NONE',  ( 0.000000000000000000, -0.9979641717745812990, 0.06377704802100914172 ) ) ;
#2877 = PRESENTATION_LAYER_ASSIGNMENT (  '', '', ( #4486 ) ) ;
#2878 = SURFACE_STYLE_FILL_AREA ( #3853 ) ;
#2879 = DIRECTION ( 'NONE',  ( -1.000000000000000000, 0.000000000000000000, 0.000000000000000000 ) ) ;
#2880 = EDGE_LOOP ( 'NONE', ( #6960, #7224, #10442, #8689 ) ) ;
#2881 = VERTEX_POINT ( 'NONE', #8170 ) ;
#2882 = PRESENTATION_STYLE_ASSIGNMENT (( #2331 ) ) ;
#2883 = DIRECTION ( 'NONE',  ( -0.000000000000000000, 0.06377704802100914172, 0.9979641717745812990 ) ) ;
#2884 = CARTESIAN_POINT ( 'NONE',  ( -3.210000000000000853, -0.1599999999999999756, -3.695747996505077904 ) ) ;
#2885 = ORIENTED_EDGE ( 'NONE', *, *, #9408, .F. ) ;
#2886 = PRESENTATION_LAYER_ASSIGNMENT (  '', '', ( #3605 ) ) ;
#2887 = COLOUR_RGB ( '',0.7529411764705882248, 0.7529411764705882248, 0.7529411764705882248 ) ;
#2888 = DIRECTION ( 'NONE',  ( -0.000000000000000000, -0.000000000000000000, 1.000000000000000000 ) ) ;
#2889 = ORIENTED_EDGE ( 'NONE', *, *, #6446, .T. ) ;
#2890 = EDGE_LOOP ( 'NONE', ( #9922, #8331, #4664, #8438 ) ) ;
#2891 = ADVANCED_FACE ( 'NONE', ( #7706 ), #9036, .F. ) ;
#2892 = EDGE_CURVE ( 'NONE', #6144, #8837, #9862, .T. ) ;
#2893 = FACE_OUTER_BOUND ( 'NONE', #4684, .T. ) ;
#2894 = SURFACE_STYLE_FILL_AREA ( #345 ) ;
#2895 = DIRECTION ( 'NONE',  ( -0.000000000000000000, -0.000000000000000000, 1.000000000000000000 ) ) ;
#2896 = ORIENTED_EDGE ( 'NONE', *, *, #1551, .T. ) ;
#2897 = PRESENTATION_LAYER_ASSIGNMENT (  '', '', ( #2495 ) ) ;
#2898 = DIRECTION ( 'NONE',  ( 0.000000000000000000, 0.000000000000000000, 1.000000000000000000 ) ) ;
#2899 = MECHANICAL_DESIGN_GEOMETRIC_PRESENTATION_REPRESENTATION (  '', ( #1808 ), #3426 ) ;
#2900 = FACE_OUTER_BOUND ( 'NONE', #2626, .T. ) ;
#2901 = ADVANCED_FACE ( 'NONE', ( #7215 ), #9703, .T. ) ;
#2902 = EDGE_CURVE ( 'NONE', #5656, #515, #3281, .T. ) ;
#2903 = VERTEX_POINT ( 'NONE', #7410 ) ;
#2904 = FILL_AREA_STYLE ('',( #7733 ) ) ;
#2905 = VERTEX_POINT ( 'NONE', #7270 ) ;
#2906 = EDGE_CURVE ( 'NONE', #7298, #5460, #168, .T. ) ;
#2907 = UNCERTAINTY_MEASURE_WITH_UNIT (LENGTH_MEASURE( 1.000000000000000082E-05 ), #3144, 'distance_accuracy_value', 'NONE');
#2908 = SURFACE_SIDE_STYLE ('',( #3450 ) ) ;
#2909 = DIRECTION ( 'NONE',  ( 0.000000000000000000, 0.000000000000000000, 1.000000000000000000 ) ) ;
#2910 = EDGE_CURVE ( 'NONE', #5412, #1015, #1144, .T. ) ;
#2911 = PLANE ( 'NONE',  #2993 ) ;
#2912 = CARTESIAN_POINT ( 'NONE',  ( -0.6700000000000004841, -1.055665328710553519, -4.018698629005419853 ) ) ;
#2913 = DIRECTION ( 'NONE',  ( -0.000000000000000000, 1.000000000000000000, 0.000000000000000000 ) ) ;
#2914 = VECTOR ( 'NONE', #10033, 1000.000000000000227 ) ;
#2915 = AXIS2_PLACEMENT_3D ( 'NONE', #3809, #701, #7864 ) ;
#2916 = ORIENTED_EDGE ( 'NONE', *, *, #5286, .T. ) ;
#2917 = VERTEX_POINT ( 'NONE', #338 ) ;
#2918 = CARTESIAN_POINT ( 'NONE',  ( -8.290000000000000924, 0.06318885240105015511, -3.947195844781839824 ) ) ;
#2919 = CARTESIAN_POINT ( 'NONE',  ( 4.060000000000001386, -4.674999999999999822, -4.250000000000000888 ) ) ;
#2920 = EDGE_CURVE ( 'NONE', #3565, #8152, #8202, .T. ) ;
#2921 = CARTESIAN_POINT ( 'NONE',  ( 4.410000000000000142, -0.1100000000000000006, -3.550000000000000266 ) ) ;
#2922 = VECTOR ( 'NONE', #1336, 1000.000000000000000 ) ;
#2923 = CIRCLE ( 'NONE', #7057, 0.05000000000000012768 ) ;
#2924 = VECTOR ( 'NONE', #9633, 1000.000000000000227 ) ;
#2925 = CARTESIAN_POINT ( 'NONE',  ( 6.100000000000001421, -1.374999999999999112, -3.823497185254835173 ) ) ;
#2926 = CARTESIAN_POINT ( 'NONE',  ( -1.019999999999999130, -0.1568111475989498460, -3.745646205093807080 ) ) ;
#2927 = EDGE_LOOP ( 'NONE', ( #9639, #9479, #6047, #2635 ) ) ;
#2928 = AXIS2_PLACEMENT_3D ( 'NONE', #5917, #6733, #1870 ) ;
#2929 = PLANE ( 'NONE',  #1103 ) ;
#2930 = FILL_AREA_STYLE_COLOUR ( '', #8536 ) ;
#2931 = COLOUR_RGB ( '',0.7529411764705882248, 0.7529411764705882248, 0.7529411764705882248 ) ;
#2932 = CARTESIAN_POINT ( 'NONE',  ( 6.100000000000001421, -1.374999999999998890, -4.250000000000000888 ) ) ;
#2933 = STYLED_ITEM ( 'NONE', ( #686 ), #1361 ) ;
#2934 = LINE ( 'NONE', #4627, #8613 ) ;
#2935 = CARTESIAN_POINT ( 'NONE',  ( 4.410000000000000142, -1.055665328710553519, -4.018698629005419853 ) ) ;
#2936 = ORIENTED_EDGE ( 'NONE', *, *, #5884, .F. ) ;
#2937 = VERTEX_POINT ( 'NONE', #2749 ) ;
#2938 = ORIENTED_EDGE ( 'NONE', *, *, #10401, .F. ) ;
#2939 = CARTESIAN_POINT ( 'NONE',  ( 1.870000000000000107, -0.1100000000000000006, 3.695747996505077460 ) ) ;
#2940 = PLANE ( 'NONE',  #678 ) ;
#2941 = LINE ( 'NONE', #5177, #3192 ) ;
#2942 =( GEOMETRIC_REPRESENTATION_CONTEXT ( 3 ) GLOBAL_UNCERTAINTY_ASSIGNED_CONTEXT ( ( #9263 ) ) GLOBAL_UNIT_ASSIGNED_CONTEXT ( ( #1802, #4140, #9023 ) ) REPRESENTATION_CONTEXT ( 'NONE', 'WORKASPACE' ) );
#2943 = SURFACE_STYLE_FILL_AREA ( #2826 ) ;
#2944 = AXIS2_PLACEMENT_3D ( 'NONE', #8804, #4785, #1560 ) ;
#2945 = SURFACE_STYLE_USAGE ( .BOTH. , #7769 ) ;
#2946 = FILL_AREA_STYLE_COLOUR ( '', #414 ) ;
#2947 = DIRECTION ( 'NONE',  ( -0.1736481776669303867, -0.9848077530122081313, -0.000000000000000000 ) ) ;
#2948 = ORIENTED_EDGE ( 'NONE', *, *, #6963, .T. ) ;
#2949 = ADVANCED_FACE ( 'NONE', ( #518 ), #7455, .T. ) ;
#2950 = CARTESIAN_POINT ( 'NONE',  ( -6.949999999999999289, 0.1099999999999998618, -3.897297636193110648 ) ) ;
#2951 = AXIS2_PLACEMENT_3D ( 'NONE', #1139, #7586, #6800 ) ;
#2952 = EDGE_CURVE ( 'NONE', #3542, #663, #2271, .T. ) ;
#2953 = EDGE_LOOP ( 'NONE', ( #6760, #5522, #2342, #5392, #262, #1924, #6475, #265, #8712, #5490 ) ) ;
#2954 = VECTOR ( 'NONE', #9564, 1000.000000000000000 ) ;
#2955 = CARTESIAN_POINT ( 'NONE',  ( -10.31407632760869753, 0.5749999999999999556, 0.5241992011858075395 ) ) ;
#2956 = COLOUR_RGB ( '',0.7529411764705882248, 0.7529411764705882248, 0.7529411764705882248 ) ;
#2957 = CYLINDRICAL_SURFACE ( 'NONE', #6146, 0.05000000000000012768 ) ;
#2958 = FILL_AREA_STYLE_COLOUR ( '', #799 ) ;
#2959 = EDGE_CURVE ( 'NONE', #7338, #6144, #4409, .T. ) ;
#2960 = CARTESIAN_POINT ( 'NONE',  ( 4.602742732160399974, -0.2000534821418786524, -3.748409699540487416 ) ) ;
#2961 = DIRECTION ( 'NONE',  ( 0.000000000000000000, 0.000000000000000000, -1.000000000000000000 ) ) ;
#2962 = VECTOR ( 'NONE', #4894, 999.9999999999998863 ) ;
#2963 = FILL_AREA_STYLE_COLOUR ( '', #1863 ) ;
#2964 = VERTEX_POINT ( 'NONE', #4224 ) ;
#2965 = SHAPE_DEFINITION_REPRESENTATION ( #10365, #1351 ) ;
#2966 = STYLED_ITEM ( 'NONE', ( #1932 ), #4821 ) ;
#2967 = LINE ( 'NONE', #8443, #3848 ) ;
#2968 = EDGE_CURVE ( 'NONE', #4002, #734, #9852, .T. ) ;
#2969 = VECTOR ( 'NONE', #9295, 1000.000000000000000 ) ;
#2970 = PLANE ( 'NONE',  #3821 ) ;
#2971 = CARTESIAN_POINT ( 'NONE',  ( -8.665000000000000924, -1.374999999999999556, -4.250000000000000888 ) ) ;
#2972 = FILL_AREA_STYLE_COLOUR ( '', #2976 ) ;
#2973 = MECHANICAL_DESIGN_GEOMETRIC_PRESENTATION_REPRESENTATION (  '', ( #1034 ), #4050 ) ;
#2974 = VERTEX_POINT ( 'NONE', #6744 ) ;
#2975 = DIRECTION ( 'NONE',  ( -1.000000000000000000, -0.000000000000000000, -0.000000000000000000 ) ) ;
#2976 = COLOUR_RGB ( '',0.7529411764705882248, 0.7529411764705882248, 0.7529411764705882248 ) ;
#2977 = ORIENTED_EDGE ( 'NONE', *, *, #10320, .F. ) ;
#2978 =( NAMED_UNIT ( * ) PLANE_ANGLE_UNIT ( ) SI_UNIT ( $, .RADIAN. ) );
#2979 = FILL_AREA_STYLE_COLOUR ( '', #3665 ) ;
#2980 = EDGE_CURVE ( 'NONE', #4286, #4020, #5556, .T. ) ;
#2981 = VECTOR ( 'NONE', #769, 1000.000000000000000 ) ;
#2982 = SURFACE_STYLE_USAGE ( .BOTH. , #3710 ) ;
#2983 = UNCERTAINTY_MEASURE_WITH_UNIT (LENGTH_MEASURE( 1.000000000000000082E-05 ), #4756, 'distance_accuracy_value', 'NONE');
#2984 = VECTOR ( 'NONE', #9559, 1000.000000000000000 ) ;
#2985 = SURFACE_STYLE_USAGE ( .BOTH. , #6247 ) ;
#2986 = EDGE_CURVE ( 'NONE', #10060, #9223, #6958, .T. ) ;
#2987 = ORIENTED_EDGE ( 'NONE', *, *, #1681, .T. ) ;
#2988 = PLANE ( 'NONE',  #9491 ) ;
#2989 = VERTEX_POINT ( 'NONE', #1126 ) ;
#2990 = EDGE_LOOP ( 'NONE', ( #3911, #902, #6231, #4553 ) ) ;
#2991 = ORIENTED_EDGE ( 'NONE', *, *, #1168, .T. ) ;
#2992 = PLANE ( 'NONE',  #6109 ) ;
#2993 = AXIS2_PLACEMENT_3D ( 'NONE', #8480, #7705, #9447 ) ;
#2994 = PLANE ( 'NONE',  #7980 ) ;
#2995 = LINE ( 'NONE', #6956, #7541 ) ;
#2996 = ADVANCED_FACE ( 'NONE', ( #9600 ), #6642, .F. ) ;
#2997 = MECHANICAL_DESIGN_GEOMETRIC_PRESENTATION_REPRESENTATION (  '', ( #9360 ), #2663 ) ;
#2998 = ORIENTED_EDGE ( 'NONE', *, *, #6500, .T. ) ;
#2999 = DIRECTION ( 'NONE',  ( 0.000000000000000000, -0.000000000000000000, 1.000000000000000000 ) ) ;
#3000 = EDGE_LOOP ( 'NONE', ( #1210, #5707, #568, #4849, #9166, #378, #3469, #693 ) ) ;
#3001 = CARTESIAN_POINT ( 'NONE',  ( 0.4878122617146848916, -0.2469085707813088171, -3.967013287941472122 ) ) ;
#3002 = FILL_AREA_STYLE_COLOUR ( '', #4688 ) ;
#3003 = VECTOR ( 'NONE', #3444, 1000.000000000000000 ) ;
#3004 = SURFACE_STYLE_FILL_AREA ( #1132 ) ;
#3005 = PLANE ( 'NONE',  #6323 ) ;
#3006 = PRESENTATION_STYLE_ASSIGNMENT (( #2506 ) ) ;
#3007 = ADVANCED_FACE ( 'NONE', ( #9227 ), #7131, .F. ) ;
#3008 = MECHANICAL_DESIGN_GEOMETRIC_PRESENTATION_REPRESENTATION (  '', ( #8410 ), #8618 ) ;
#3009 = ORIENTED_EDGE ( 'NONE', *, *, #7711, .F. ) ;
#3010 = ORIENTED_EDGE ( 'NONE', *, *, #4524, .F. ) ;
#3011 = LINE ( 'NONE', #7795, #8691 ) ;
#3012 = CARTESIAN_POINT ( 'NONE',  ( -1.519999999999999574, -4.674999999999999822, 4.249999999999999112 ) ) ;
#3013 = CARTESIAN_POINT ( 'NONE',  ( -0.6700000000000004841, -1.055665328710553519, 3.803089415876316437 ) ) ;
#3014 = SURFACE_STYLE_USAGE ( .BOTH. , #7903 ) ;
#3015 = SURFACE_STYLE_USAGE ( .BOTH. , #5447 ) ;
#3016 = PRESENTATION_STYLE_ASSIGNMENT (( #9991 ) ) ;
#3017 = SURFACE_STYLE_FILL_AREA ( #8190 ) ;
#3018 =( NAMED_UNIT ( * ) SI_UNIT ( $, .STERADIAN. ) SOLID_ANGLE_UNIT ( ) );
#3019 = LINE ( 'NONE', #10203, #5806 ) ;
#3020 = SURFACE_STYLE_FILL_AREA ( #1692 ) ;
#3021 = CLOSED_SHELL ( 'NONE', ( #2738, #8440, #9359, #2246, #1510, #589, #2949, #8503, #4376, #4522, #1930, #10082, #4583, #8782, #5650, #6882 ) ) ;
#3022 = ORIENTED_EDGE ( 'NONE', *, *, #3620, .F. ) ;
#3023 = ORIENTED_EDGE ( 'NONE', *, *, #9185, .F. ) ;
#3024 = ORIENTED_EDGE ( 'NONE', *, *, #9795, .T. ) ;
#3025 = PRESENTATION_LAYER_ASSIGNMENT (  '', '', ( #9516 ) ) ;
#3026 = DIRECTION ( 'NONE',  ( 0.000000000000000000, -0.9979641717745812990, -0.06377704802100912784 ) ) ;
#3027 = ORIENTED_EDGE ( 'NONE', *, *, #155, .T. ) ;
#3028 =( NAMED_UNIT ( * ) PLANE_ANGLE_UNIT ( ) SI_UNIT ( $, .RADIAN. ) );
#3029 = FACE_OUTER_BOUND ( 'NONE', #1499, .T. ) ;
#3030 = SURFACE_STYLE_USAGE ( .BOTH. , #6430 ) ;
#3031 = VECTOR ( 'NONE', #5730, 1000.000000000000000 ) ;
#3032 = CARTESIAN_POINT ( 'NONE',  ( -1.019999999999999130, -4.674999999999999822, -4.250000000000000888 ) ) ;
#3033 = EDGE_LOOP ( 'NONE', ( #3285, #969, #3861, #1793, #7193, #8306, #9688, #9433, #9827, #10215 ) ) ;
#3034 = VERTEX_POINT ( 'NONE', #754 ) ;
#3035 = EDGE_CURVE ( 'NONE', #8740, #9826, #6059, .T. ) ;
#3036 = VECTOR ( 'NONE', #8353, 1000.000000000000000 ) ;
#3037 = FILL_AREA_STYLE_COLOUR ( '', #6786 ) ;
#3038 = DIRECTION ( 'NONE',  ( -0.000000000000000000, -0.000000000000000000, 1.000000000000000000 ) ) ;
#3039 = VERTEX_POINT ( 'NONE', #4796 ) ;
#3040 = VERTEX_POINT ( 'NONE', #5355 ) ;
#3041 =( LENGTH_UNIT ( ) NAMED_UNIT ( * ) SI_UNIT ( .MILLI., .METRE. ) );
#3042 =( GEOMETRIC_REPRESENTATION_CONTEXT ( 3 ) GLOBAL_UNCERTAINTY_ASSIGNED_CONTEXT ( ( #8212 ) ) GLOBAL_UNIT_ASSIGNED_CONTEXT ( ( #8583, #3743, #9405 ) ) REPRESENTATION_CONTEXT ( 'NONE', 'WORKASPACE' ) );
#3043 = ORIENTED_EDGE ( 'NONE', *, *, #8489, .T. ) ;
#3044 = UNCERTAINTY_MEASURE_WITH_UNIT (LENGTH_MEASURE( 1.000000000000000082E-05 ), #25, 'distance_accuracy_value', 'NONE');
#3045 = EDGE_CURVE ( 'NONE', #6275, #2566, #5178, .T. ) ;
#3046 =( LENGTH_UNIT ( ) NAMED_UNIT ( * ) SI_UNIT ( .MILLI., .METRE. ) );
#3047 = SURFACE_STYLE_FILL_AREA ( #7849 ) ;
#3048 = ADVANCED_FACE ( 'NONE', ( #2900 ), #9592, .T. ) ;
#3049 = ORIENTED_EDGE ( 'NONE', *, *, #2019, .T. ) ;
#3050 = SURFACE_STYLE_FILL_AREA ( #6603 ) ;
#3051 = EDGE_CURVE ( 'NONE', #397, #487, #7092, .T. ) ;
#3052 = SURFACE_SIDE_STYLE ('',( #85 ) ) ;
#3053 = SURFACE_STYLE_USAGE ( .BOTH. , #7771 ) ;
#3054 =( GEOMETRIC_REPRESENTATION_CONTEXT ( 3 ) GLOBAL_UNCERTAINTY_ASSIGNED_CONTEXT ( ( #10221 ) ) GLOBAL_UNIT_ASSIGNED_CONTEXT ( ( #10404, #8786, #8821 ) ) REPRESENTATION_CONTEXT ( 'NONE', 'WORKASPACE' ) );
#3055 = STYLED_ITEM ( 'NONE', ( #2678 ), #8392 ) ;
#3056 = CARTESIAN_POINT ( 'NONE',  ( 4.410000000000000142, -0.1100000000000000006, 3.550000000000000266 ) ) ;
#3057 = AXIS2_PLACEMENT_3D ( 'NONE', #6837, #2111, #6116 ) ;
#3058 = COLOUR_RGB ( '',0.7529411764705882248, 0.7529411764705882248, 0.7529411764705882248 ) ;
#3059 = SURFACE_STYLE_USAGE ( .BOTH. , #576 ) ;
#3060 = ADVANCED_FACE ( 'NONE', ( #399 ), #2940, .F. ) ;
#3061 = ORIENTED_EDGE ( 'NONE', *, *, #7050, .T. ) ;
#3062 = DIRECTION ( 'NONE',  ( -1.000000000000000000, -0.000000000000000000, -0.000000000000000000 ) ) ;
#3063 = VECTOR ( 'NONE', #5209, 1000.000000000000000 ) ;
#3064 = FILL_AREA_STYLE_COLOUR ( '', #5250 ) ;
#3065 = DIRECTION ( 'NONE',  ( -1.000000000000000000, 0.000000000000000000, 0.000000000000000000 ) ) ;
#3066 = VECTOR ( 'NONE', #6012, 1000.000000000000000 ) ;
#3067 = ORIENTED_EDGE ( 'NONE', *, *, #4100, .F. ) ;
#3068 = CARTESIAN_POINT ( 'NONE',  ( 5.750000000000000000, -1.055665328710542195, 4.018698629005418965 ) ) ;
#3069 = MECHANICAL_DESIGN_GEOMETRIC_PRESENTATION_REPRESENTATION (  '', ( #3660 ), #8000 ) ;
#3070 = CARTESIAN_POINT ( 'NONE',  ( -3.210000000000000853, -1.374999999999998668, -3.823497185254834729 ) ) ;
#3071 = ORIENTED_EDGE ( 'NONE', *, *, #7362, .T. ) ;
#3073 = CARTESIAN_POINT ( 'NONE',  ( -8.290000000000000924, 0.06000000000000001166, -3.897297636193110648 ) ) ;
#3072 = SURFACE_STYLE_USAGE ( .BOTH. , #6113 ) ;
#3074 =( GEOMETRIC_REPRESENTATION_CONTEXT ( 3 ) GLOBAL_UNCERTAINTY_ASSIGNED_CONTEXT ( ( #7200 ) ) GLOBAL_UNIT_ASSIGNED_CONTEXT ( ( #9458, #8721, #5468 ) ) REPRESENTATION_CONTEXT ( 'NONE', 'WORKASPACE' ) );
#3075 = DIRECTION ( 'NONE',  ( 0.000000000000000000, -0.000000000000000000, 1.000000000000000000 ) ) ;
#3076 = PRESENTATION_STYLE_ASSIGNMENT (( #9152 ) ) ;
#3077 = VECTOR ( 'NONE', #5883, 1000.000000000000000 ) ;
#3078 = DIRECTION ( 'NONE',  ( -1.000000000000000000, -0.000000000000000000, -0.000000000000000000 ) ) ;
#3079 =( NAMED_UNIT ( * ) PLANE_ANGLE_UNIT ( ) SI_UNIT ( $, .RADIAN. ) );
#3080 = ORIENTED_EDGE ( 'NONE', *, *, #7820, .T. ) ;
#3081 =( GEOMETRIC_REPRESENTATION_CONTEXT ( 3 ) GLOBAL_UNCERTAINTY_ASSIGNED_CONTEXT ( ( #1422 ) ) GLOBAL_UNIT_ASSIGNED_CONTEXT ( ( #6571, #1645, #1710 ) ) REPRESENTATION_CONTEXT ( 'NONE', 'WORKASPACE' ) );
#3082 =( NAMED_UNIT ( * ) SI_UNIT ( $, .STERADIAN. ) SOLID_ANGLE_UNIT ( ) );
#3083 = VECTOR ( 'NONE', #2288, 1000.000000000000000 ) ;
#3084 = PLANE ( 'NONE',  #5204 ) ;
#3085 = VECTOR ( 'NONE', #4070, 1000.000000000000000 ) ;
#3086 = CARTESIAN_POINT ( 'NONE',  ( -0.6700000000000004841, -0.1599999999999999756, -3.695747996505077904 ) ) ;
#3087 = ORIENTED_EDGE ( 'NONE', *, *, #2619, .F. ) ;
#3088 = EDGE_CURVE ( 'NONE', #7941, #9515, #2394, .T. ) ;
#3089 = FACE_OUTER_BOUND ( 'NONE', #1386, .T. ) ;
#3090 = CIRCLE ( 'NONE', #4873, 0.05000000000000012768 ) ;
#3091 = FILL_AREA_STYLE ('',( #611 ) ) ;
#3092 = EDGE_CURVE ( 'NONE', #7162, #5460, #4945, .T. ) ;
#3093 = FILL_AREA_STYLE ('',( #2427 ) ) ;
#3094 = DIRECTION ( 'NONE',  ( 0.000000000000000000, 0.000000000000000000, -1.000000000000000000 ) ) ;
#3095 = ORIENTED_EDGE ( 'NONE', *, *, #4186, .F. ) ;
#3096 = UNCERTAINTY_MEASURE_WITH_UNIT (LENGTH_MEASURE( 1.000000000000000082E-05 ), #6120, 'distance_accuracy_value', 'NONE');
#3097 = DIRECTION ( 'NONE',  ( 0.000000000000000000, 0.000000000000000000, -1.000000000000000000 ) ) ;
#3098 = CARTESIAN_POINT ( 'NONE',  ( 6.878063832607382189, -1.374999999999999112, -4.039106398383939478 ) ) ;
#3099 = LINE ( 'NONE', #9746, #2595 ) ;
#3100 = SURFACE_SIDE_STYLE ('',( #1313 ) ) ;
#3101 = DIRECTION ( 'NONE',  ( -1.000000000000000000, -0.000000000000000000, 0.000000000000000000 ) ) ;
#3102 = EDGE_CURVE ( 'NONE', #8651, #10362, #4158, .T. ) ;
#3103 = SURFACE_SIDE_STYLE ('',( #9556 ) ) ;
#3104 = LINE ( 'NONE', #4413, #3982 ) ;
#3106 = CARTESIAN_POINT ( 'NONE',  ( 6.878063832607382189, -1.374999999999998890, -4.250000000000000888 ) ) ;
#3105 = FILL_AREA_STYLE_COLOUR ( '', #1323 ) ;
#3107 =( NAMED_UNIT ( * ) PLANE_ANGLE_UNIT ( ) SI_UNIT ( $, .RADIAN. ) );
#3108 = ORIENTED_EDGE ( 'NONE', *, *, #7522, .F. ) ;
#3109 = EDGE_LOOP ( 'NONE', ( #7205, #10101, #8398, #3678 ) ) ;
#3110 = EDGE_CURVE ( 'NONE', #9198, #3034, #2133, .T. ) ;
#3111 = ORIENTED_EDGE ( 'NONE', *, *, #9477, .T. ) ;
#3112 = ADVANCED_FACE ( 'NONE', ( #1756 ), #6084, .F. ) ;
#3113 = AXIS2_PLACEMENT_3D ( 'NONE', #8776, #9724, #4134 ) ;
#3114 = EDGE_CURVE ( 'NONE', #506, #8264, #3902, .T. ) ;
#3115 = MANIFOLD_SOLID_BREP ( 'Cut-Extrude2[8]', #8960 ) ;
#3116 = DIRECTION ( 'NONE',  ( 0.1710878697460355147, 0.9702875252478139201, -0.1710878697460355424 ) ) ;
#3117 = CARTESIAN_POINT ( 'NONE',  ( -8.290000000000000924, -1.055665328710549522, -4.250000000000000888 ) ) ;
#3118 = LINE ( 'NONE', #10315, #6798 ) ;
#3119 = STYLED_ITEM ( 'NONE', ( #5454 ), #7921 ) ;
#3120 = SURFACE_SIDE_STYLE ('',( #2878 ) ) ;
#3121 = ORIENTED_EDGE ( 'NONE', *, *, #9863, .T. ) ;
#3122 = EDGE_CURVE ( 'NONE', #6108, #2361, #1502, .T. ) ;
#3123 = FACE_OUTER_BOUND ( 'NONE', #5685, .T. ) ;
#3124 = EDGE_LOOP ( 'NONE', ( #7852, #512, #4650, #3190 ) ) ;
#3125 = CARTESIAN_POINT ( 'NONE',  ( -5.750000000000000000, -0.1100000000000000006, -3.550000000000000266 ) ) ;
#3126 = VERTEX_POINT ( 'NONE', #6160 ) ;
#3127 = LINE ( 'NONE', #5724, #1222 ) ;
#3128 = DIRECTION ( 'NONE',  ( 0.000000000000000000, 0.9979641717745812990, -0.06377704802100926662 ) ) ;
#3129 = VERTEX_POINT ( 'NONE', #5586 ) ;
#3130 = ORIENTED_EDGE ( 'NONE', *, *, #899, .F. ) ;
#3131 = FILL_AREA_STYLE ('',( #9557 ) ) ;
#3132 = EDGE_LOOP ( 'NONE', ( #8156, #7710, #7116, #2601 ) ) ;
#3133 = PRESENTATION_LAYER_ASSIGNMENT (  '', '', ( #2933 ) ) ;
#3134 = LINE ( 'NONE', #3070, #7433 ) ;
#3135 = PRESENTATION_STYLE_ASSIGNMENT (( #1545 ) ) ;
#3136 = ORIENTED_EDGE ( 'NONE', *, *, #9408, .T. ) ;
#3137 = VERTEX_POINT ( 'NONE', #4746 ) ;
#3138 = CARTESIAN_POINT ( 'NONE',  ( -3.559999999999999165, -1.374999999999998890, -4.250000000000000888 ) ) ;
#3139 = CARTESIAN_POINT ( 'NONE',  ( -8.290000000000000924, -0.1100000000000000006, -3.550000000000000266 ) ) ;
#3140 = MECHANICAL_DESIGN_GEOMETRIC_PRESENTATION_REPRESENTATION (  '', ( #3339 ), #2942 ) ;
#3141 = DIRECTION ( 'NONE',  ( -1.000000000000000000, 0.000000000000000000, 0.000000000000000000 ) ) ;
#3142 = CARTESIAN_POINT ( 'NONE',  ( 1.870000000000000107, -0.1568111475989498460, 3.745646205093807080 ) ) ;
#3143 = EDGE_LOOP ( 'NONE', ( #10424, #8801, #2661, #8354 ) ) ;
#3145 = EDGE_LOOP ( 'NONE', ( #7327, #7756, #5868, #3406, #4396, #9602, #4518, #8437, #9176, #949 ) ) ;
#3144 =( LENGTH_UNIT ( ) NAMED_UNIT ( * ) SI_UNIT ( .MILLI., .METRE. ) );
#3146 = PLANE ( 'NONE',  #5512 ) ;
#3147 = ADVANCED_FACE ( 'NONE', ( #6194 ), #10349, .F. ) ;
#3148 = DIRECTION ( 'NONE',  ( 0.000000000000000000, -0.9979641717745812990, 0.06377704802100926662 ) ) ;
#3149 =( NAMED_UNIT ( * ) PLANE_ANGLE_UNIT ( ) SI_UNIT ( $, .RADIAN. ) );
#3150 = CARTESIAN_POINT ( 'NONE',  ( -0.6700000000000004841, -0.1100000000000000006, -3.695747996505077460 ) ) ;
#3151 = LINE ( 'NONE', #5125, #5669 ) ;
#3152 = ORIENTED_EDGE ( 'NONE', *, *, #1616, .T. ) ;
#3153 = AXIS2_PLACEMENT_3D ( 'NONE', #6361, #1514, #3167 ) ;
#3154 = EDGE_CURVE ( 'NONE', #5715, #9042, #5169, .T. ) ;
#3155 = EDGE_LOOP ( 'NONE', ( #1054, #5011, #638, #1846 ) ) ;
#3156 = FILL_AREA_STYLE ('',( #44 ) ) ;
#3157 =( LENGTH_UNIT ( ) NAMED_UNIT ( * ) SI_UNIT ( .MILLI., .METRE. ) );
#3158 = CARTESIAN_POINT ( 'NONE',  ( -3.210000000000000853, -0.1100000000000000006, -3.695747996505077460 ) ) ;
#3159 = ADVANCED_FACE ( 'NONE', ( #3029 ), #9540, .T. ) ;
#3160 = VECTOR ( 'NONE', #1747, 1000.000000000000000 ) ;
#3161 = DIRECTION ( 'NONE',  ( -0.9755535465928818484, 0.2197618659596111135, 0.000000000000000000 ) ) ;
#3162 = EDGE_CURVE ( 'NONE', #6283, #4937, #4932, .T. ) ;
#3163 = VECTOR ( 'NONE', #1458, 1000.000000000000000 ) ;
#3164 = EDGE_CURVE ( 'NONE', #4490, #8551, #5804, .T. ) ;
#3165 = ORIENTED_EDGE ( 'NONE', *, *, #8301, .F. ) ;
#3166 = EDGE_LOOP ( 'NONE', ( #5210, #6417, #7161, #2815 ) ) ;
#3167 = DIRECTION ( 'NONE',  ( 0.000000000000000000, -0.000000000000000000, -1.000000000000000000 ) ) ;
#3168 = UNCERTAINTY_MEASURE_WITH_UNIT (LENGTH_MEASURE( 1.000000000000000082E-05 ), #1391, 'distance_accuracy_value', 'NONE');
#3169 = CARTESIAN_POINT ( 'NONE',  ( 9.490000000000000213, -0.1100000000000000006, -3.550000000000000266 ) ) ;
#3170 = LINE ( 'NONE', #6967, #7583 ) ;
#3171 = DIRECTION ( 'NONE',  ( 0.000000000000000000, -0.000000000000000000, -1.000000000000000000 ) ) ;
#3172 = LINE ( 'NONE', #1251, #1045 ) ;
#3173 = DIRECTION ( 'NONE',  ( -0.000000000000000000, 1.000000000000000000, 0.000000000000000000 ) ) ;
#3174 = LINE ( 'NONE', #2921, #8227 ) ;
#3175 =( GEOMETRIC_REPRESENTATION_CONTEXT ( 3 ) GLOBAL_UNCERTAINTY_ASSIGNED_CONTEXT ( ( #8348 ) ) GLOBAL_UNIT_ASSIGNED_CONTEXT ( ( #10104, #5275, #3495 ) ) REPRESENTATION_CONTEXT ( 'NONE', 'WORKASPACE' ) );
#3176 = FACE_OUTER_BOUND ( 'NONE', #3473, .T. ) ;
#3177 = EDGE_CURVE ( 'NONE', #6228, #5715, #1378, .T. ) ;
#3178 = VERTEX_POINT ( 'NONE', #8082 ) ;
#3179 = CARTESIAN_POINT ( 'NONE',  ( -8.290000000000000924, 0.1100000000000000006, 3.550000000000000266 ) ) ;
#3180 = DIRECTION ( 'NONE',  ( -1.000000000000000000, -0.000000000000000000, -0.000000000000000000 ) ) ;
#3181 = CARTESIAN_POINT ( 'NONE',  ( -4.059999999999999609, -1.374999999999999112, -3.823497185254835173 ) ) ;
#3182 = VECTOR ( 'NONE', #3197, 1000.000000000000000 ) ;
#3183 = CYLINDRICAL_SURFACE ( 'NONE', #429, 0.05000000000000012768 ) ;
#3184 = EDGE_CURVE ( 'NONE', #1485, #3548, #7442, .T. ) ;
#3185 =( NAMED_UNIT ( * ) SI_UNIT ( $, .STERADIAN. ) SOLID_ANGLE_UNIT ( ) );
#3186 = PRESENTATION_LAYER_ASSIGNMENT (  '', '', ( #9012 ) ) ;
#3187 = FACE_OUTER_BOUND ( 'NONE', #3145, .T. ) ;
#3188 = VERTEX_POINT ( 'NONE', #6585 ) ;
#3189 = FILL_AREA_STYLE_COLOUR ( '', #7939 ) ;
#3190 = ORIENTED_EDGE ( 'NONE', *, *, #7115, .F. ) ;
#3191 =( GEOMETRIC_REPRESENTATION_CONTEXT ( 3 ) GLOBAL_UNCERTAINTY_ASSIGNED_CONTEXT ( ( #466 ) ) GLOBAL_UNIT_ASSIGNED_CONTEXT ( ( #6092, #4458, #5281 ) ) REPRESENTATION_CONTEXT ( 'NONE', 'WORKASPACE' ) );
#3192 = VECTOR ( 'NONE', #6821, 1000.000000000000000 ) ;
#3193 = DIRECTION ( 'NONE',  ( -0.000000000000000000, -0.000000000000000000, 1.000000000000000000 ) ) ;
#3194 = SURFACE_STYLE_USAGE ( .BOTH. , #822 ) ;
#3195 = PRESENTATION_LAYER_ASSIGNMENT (  '', '', ( #9360 ) ) ;
#3196 = CARTESIAN_POINT ( 'NONE',  ( 8.290000000000000924, -0.1568111475989498460, 3.745646205093807080 ) ) ;
#3197 = DIRECTION ( 'NONE',  ( -1.000000000000000000, -0.000000000000000000, -0.000000000000000000 ) ) ;
#3198 = ORIENTED_EDGE ( 'NONE', *, *, #3224, .F. ) ;
#3199 = CARTESIAN_POINT ( 'NONE',  ( 3.560000000000000497, -1.374999999999999112, 4.039106398383937702 ) ) ;
#3200 = CARTESIAN_POINT ( 'NONE',  ( 6.949999999999999289, 0.1100000000000000006, -3.550000000000000266 ) ) ;
#3201 = VERTEX_POINT ( 'NONE', #6510 ) ;
#3202 = FILL_AREA_STYLE_COLOUR ( '', #9082 ) ;
#3203 = DIRECTION ( 'NONE',  ( 0.000000000000000000, 0.000000000000000000, -1.000000000000000000 ) ) ;
#3204 =( LENGTH_UNIT ( ) NAMED_UNIT ( * ) SI_UNIT ( .MILLI., .METRE. ) );
#3205 = STYLED_ITEM ( 'NONE', ( #3807 ), #1510 ) ;
#3206 = DIRECTION ( 'NONE',  ( -1.000000000000000000, -0.000000000000000000, -0.000000000000000000 ) ) ;
#3207 = ORIENTED_EDGE ( 'NONE', *, *, #8858, .T. ) ;
#3208 = VECTOR ( 'NONE', #6666, 1000.000000000000000 ) ;
#3209 = ADVANCED_FACE ( 'NONE', ( #7081 ), #4056, .T. ) ;
#3210 = COLOUR_RGB ( '',0.7529411764705882248, 0.7529411764705882248, 0.7529411764705882248 ) ;
#3211 = LINE ( 'NONE', #876, #7518 ) ;
#3212 = DIRECTION ( 'NONE',  ( -1.000000000000000000, -0.000000000000000000, 0.000000000000000000 ) ) ;
#3213 =( NAMED_UNIT ( * ) PLANE_ANGLE_UNIT ( ) SI_UNIT ( $, .RADIAN. ) );
#3214 = AXIS2_PLACEMENT_3D ( 'NONE', #5795, #3833, #7926 ) ;
#3215 = LINE ( 'NONE', #8053, #4610 ) ;
#3216 = ORIENTED_EDGE ( 'NONE', *, *, #489, .T. ) ;
#3217 = SURFACE_SIDE_STYLE ('',( #7609 ) ) ;
#3218 = LINE ( 'NONE', #9353, #5491 ) ;
#3219 = COLOUR_RGB ( '',0.7529411764705882248, 0.7529411764705882248, 0.7529411764705882248 ) ;
#3220 = LINE ( 'NONE', #9191, #4883 ) ;
#3221 = CARTESIAN_POINT ( 'NONE',  ( -9.115000000000000213, 0.1100000000000000006, -4.250000000000000888 ) ) ;
#3222 = CARTESIAN_POINT ( 'NONE',  ( 5.614987211741450324, -0.4563247477326362600, 3.764787266265075427 ) ) ;
#3223 = EDGE_LOOP ( 'NONE', ( #9904, #2272, #8163, #4568 ) ) ;
#3224 = EDGE_CURVE ( 'NONE', #2242, #3957, #7679, .T. ) ;
#3225 = DIRECTION ( 'NONE',  ( 0.000000000000000000, 0.000000000000000000, -1.000000000000000000 ) ) ;
#3226 = DIRECTION ( 'NONE',  ( -1.000000000000000000, -0.000000000000000000, -0.000000000000000000 ) ) ;
#3227 = ORIENTED_EDGE ( 'NONE', *, *, #9279, .T. ) ;
#3228 = UNCERTAINTY_MEASURE_WITH_UNIT (LENGTH_MEASURE( 1.000000000000000082E-05 ), #6402, 'distance_accuracy_value', 'NONE');
#3229 = CARTESIAN_POINT ( 'NONE',  ( 0.5349872117414492534, -0.4563247477326366486, 3.764787266265075427 ) ) ;
#3230 = PRESENTATION_LAYER_ASSIGNMENT (  '', '', ( #9393 ) ) ;
#3231 = SURFACE_STYLE_FILL_AREA ( #447 ) ;
#3232 = PRESENTATION_STYLE_ASSIGNMENT (( #9394 ) ) ;
#3233 = FILL_AREA_STYLE_COLOUR ( '', #9247 ) ;
#3234 =( NAMED_UNIT ( * ) SI_UNIT ( $, .STERADIAN. ) SOLID_ANGLE_UNIT ( ) );
#3235 = AXIS2_PLACEMENT_3D ( 'NONE', #1423, #4766, #2212 ) ;
#3236 = ORIENTED_EDGE ( 'NONE', *, *, #3184, .T. ) ;
#3237 =( LENGTH_UNIT ( ) NAMED_UNIT ( * ) SI_UNIT ( .MILLI., .METRE. ) );
#3238 = LINE ( 'NONE', #2629, #8924 ) ;
#3239 = SURFACE_STYLE_USAGE ( .BOTH. , #5608 ) ;
#3240 = CARTESIAN_POINT ( 'NONE',  ( 8.290000000000000924, 0.1099999999999998618, -3.897297636193110648 ) ) ;
#3241 = EDGE_LOOP ( 'NONE', ( #8333, #6443, #8973, #8245 ) ) ;
#3242 = EDGE_LOOP ( 'NONE', ( #7479, #8282, #1557, #7408 ) ) ;
#3243 = EDGE_CURVE ( 'NONE', #5796, #1343, #644, .T. ) ;
#3244 = FACE_OUTER_BOUND ( 'NONE', #9395, .T. ) ;
#3245 = UNCERTAINTY_MEASURE_WITH_UNIT (LENGTH_MEASURE( 1.000000000000000082E-05 ), #863, 'distance_accuracy_value', 'NONE');
#3246 = DIRECTION ( 'NONE',  ( -0.000000000000000000, 1.000000000000000000, -0.000000000000000000 ) ) ;
#3247 = FILL_AREA_STYLE_COLOUR ( '', #6932 ) ;
#3248 = EDGE_CURVE ( 'NONE', #9054, #5137, #9216, .T. ) ;
#3249 = VERTEX_POINT ( 'NONE', #8869 ) ;
#3250 = EDGE_CURVE ( 'NONE', #1838, #2533, #7812, .T. ) ;
#3251 = PRESENTATION_STYLE_ASSIGNMENT (( #5506 ) ) ;
#3252 = DIRECTION ( 'NONE',  ( -0.000000000000000000, 1.000000000000000000, 0.000000000000000000 ) ) ;
#3253 = ORIENTED_EDGE ( 'NONE', *, *, #7981, .T. ) ;
#3254 = AXIS2_PLACEMENT_3D ( 'NONE', #9738, #5394, #1811 ) ;
#3255 = SURFACE_STYLE_FILL_AREA ( #5869 ) ;
#3256 = CARTESIAN_POINT ( 'NONE',  ( -1.870000000000000107, 0.06318885240105015511, 3.947195844781839824 ) ) ;
#3257 = DIRECTION ( 'NONE',  ( -0.000000000000000000, 1.000000000000000000, 4.022841720910280989E-15 ) ) ;
#3258 = AXIS2_PLACEMENT_3D ( 'NONE', #254, #4340, #1138 ) ;
#3259 =( LENGTH_UNIT ( ) NAMED_UNIT ( * ) SI_UNIT ( .MILLI., .METRE. ) );
#3260 = ORIENTED_EDGE ( 'NONE', *, *, #1354, .F. ) ;
#3261 = EDGE_LOOP ( 'NONE', ( #1374, #4780, #3826, #10273 ) ) ;
#3262 = CARTESIAN_POINT ( 'NONE',  ( 6.600000000000001421, -0.1568111475989498460, 3.745646205093807080 ) ) ;
#3263 = PLANE ( 'NONE',  #2835 ) ;
#3264 = CARTESIAN_POINT ( 'NONE',  ( -3.210000000000000853, -0.1100000000000000006, 3.695747996505077460 ) ) ;
#3265 = VECTOR ( 'NONE', #5294, 1000.000000000000000 ) ;
#3266 = ADVANCED_FACE ( 'NONE', ( #8442 ), #178, .F. ) ;
#3267 = LINE ( 'NONE', #6948, #3506 ) ;
#3268 =( GEOMETRIC_REPRESENTATION_CONTEXT ( 3 ) GLOBAL_UNCERTAINTY_ASSIGNED_CONTEXT ( ( #5627 ) ) GLOBAL_UNIT_ASSIGNED_CONTEXT ( ( #4374, #10057, #7688 ) ) REPRESENTATION_CONTEXT ( 'NONE', 'WORKASPACE' ) );
#3269 = CARTESIAN_POINT ( 'NONE',  ( -3.209999999999999964, -1.055665328710549522, -4.250000000000000888 ) ) ;
#3270 = ORIENTED_EDGE ( 'NONE', *, *, #8092, .F. ) ;
#3271 = FILL_AREA_STYLE_COLOUR ( '', #5457 ) ;
#3272 = ORIENTED_EDGE ( 'NONE', *, *, #10191, .T. ) ;
#3273 = DIRECTION ( 'NONE',  ( 0.000000000000000000, 0.000000000000000000, 1.000000000000000000 ) ) ;
#3274 = PRESENTATION_STYLE_ASSIGNMENT (( #2337 ) ) ;
#3275 = CARTESIAN_POINT ( 'NONE',  ( -3.559999999999999165, -1.374999999999998890, -3.823497185254834729 ) ) ;
#3276 = DIRECTION ( 'NONE',  ( -1.000000000000000000, -0.000000000000000000, -0.000000000000000000 ) ) ;
#3277 = DIRECTION ( 'NONE',  ( -0.000000000000000000, -0.000000000000000000, 1.000000000000000000 ) ) ;
#3278 = ORIENTED_EDGE ( 'NONE', *, *, #1194, .T. ) ;
#3279 = CARTESIAN_POINT ( 'NONE',  ( -3.559999999999999165, -1.374999999999998890, -4.250000000000000888 ) ) ;
#3280 = MECHANICAL_DESIGN_GEOMETRIC_PRESENTATION_REPRESENTATION (  '', ( #9380 ), #9920 ) ;
#3281 = LINE ( 'NONE', #7341, #5688 ) ;
#3282 = LINE ( 'NONE', #7336, #3920 ) ;
#3283 = ORIENTED_EDGE ( 'NONE', *, *, #7554, .F. ) ;
#3284 = ORIENTED_EDGE ( 'NONE', *, *, #5261, .T. ) ;
#3285 = ORIENTED_EDGE ( 'NONE', *, *, #1542, .T. ) ;
#3286 = FILL_AREA_STYLE_COLOUR ( '', #3357 ) ;
#3287 = CARTESIAN_POINT ( 'NONE',  ( -5.821936167392618877, -1.374999999999998890, -4.250000000000000888 ) ) ;
#3288 = CARTESIAN_POINT ( 'NONE',  ( 8.290000000000000924, -0.1100000000000000006, 3.550000000000000266 ) ) ;
#3289 = FILL_AREA_STYLE ('',( #2588 ) ) ;
#3290 = VECTOR ( 'NONE', #188, 1000.000000000000000 ) ;
#3291 = LINE ( 'NONE', #9886, #1393 ) ;
#3292 = AXIS2_PLACEMENT_3D ( 'NONE', #6654, #4929, #8150 ) ;
#3293 = EDGE_CURVE ( 'NONE', #3137, #5938, #8435, .T. ) ;
#3294 = LINE ( 'NONE', #8319, #8861 ) ;
#3295 = CARTESIAN_POINT ( 'NONE',  ( -3.210000000000000853, -1.055665328710555295, 3.803089415876316437 ) ) ;
#3296 = ORIENTED_EDGE ( 'NONE', *, *, #7188, .F. ) ;
#3297 = LINE ( 'NONE', #10, #9627 ) ;
#3298 =( NAMED_UNIT ( * ) SI_UNIT ( $, .STERADIAN. ) SOLID_ANGLE_UNIT ( ) );
#3299 = CARTESIAN_POINT ( 'NONE',  ( 3.209999999999999964, 0.06318885240105015511, 3.947195844781839824 ) ) ;
#3300 = UNCERTAINTY_MEASURE_WITH_UNIT (LENGTH_MEASURE( 1.000000000000000082E-05 ), #4731, 'distance_accuracy_value', 'NONE');
#3301 = CARTESIAN_POINT ( 'NONE',  ( -5.750000000000000000, -0.1100000000000000006, 3.695747996505077460 ) ) ;
#3302 = EDGE_CURVE ( 'NONE', #516, #8257, #7802, .T. ) ;
#3303 = VECTOR ( 'NONE', #4759, 1000.000000000000000 ) ;
#3304 = SURFACE_STYLE_USAGE ( .BOTH. , #5008 ) ;
#3305 =( NAMED_UNIT ( * ) SI_UNIT ( $, .STERADIAN. ) SOLID_ANGLE_UNIT ( ) );
#3306 = CARTESIAN_POINT ( 'NONE',  ( 4.410000000000000142, 0.06318885240105015511, -3.947195844781839824 ) ) ;
#3307 = VECTOR ( 'NONE', #684, 1000.000000000000000 ) ;
#3308 = EDGE_LOOP ( 'NONE', ( #4254, #6299, #7900, #4313 ) ) ;
#3309 = FILL_AREA_STYLE_COLOUR ( '', #6217 ) ;
#3310 = AXIS2_PLACEMENT_3D ( 'NONE', #6622, #5059, #2547 ) ;
#3311 = EDGE_CURVE ( 'NONE', #2964, #4365, #3762, .T. ) ;
#3312 =( NAMED_UNIT ( * ) PLANE_ANGLE_UNIT ( ) SI_UNIT ( $, .RADIAN. ) );
#3313 = ORIENTED_EDGE ( 'NONE', *, *, #5672, .F. ) ;
#3314 = CARTESIAN_POINT ( 'NONE',  ( -9.115000000000000213, 0.1100000000000000006, 3.897297636193110648 ) ) ;
#3315 = DIRECTION ( 'NONE',  ( -0.000000000000000000, 1.000000000000000000, 0.000000000000000000 ) ) ;
#3316 = STYLED_ITEM ( 'NONE', ( #1535 ), #7800 ) ;
#3317 = VECTOR ( 'NONE', #6925, 1000.000000000000000 ) ;
#3318 = ADVANCED_FACE ( 'NONE', ( #1871 ), #6690, .F. ) ;
#3319 = EDGE_CURVE ( 'NONE', #7000, #4285, #8070, .T. ) ;
#3320 = CARTESIAN_POINT ( 'NONE',  ( 8.665000000000000924, -1.374999999999999556, -4.250000000000000888 ) ) ;
#3321 = CARTESIAN_POINT ( 'NONE',  ( 3.209999999999999964, 0.1100000000000000006, -3.550000000000000266 ) ) ;
#3322 = VERTEX_POINT ( 'NONE', #4657 ) ;
#3323 = CARTESIAN_POINT ( 'NONE',  ( -3.210000000000000853, -4.674999999999999822, -4.034390786870895695 ) ) ;
#3324 = CARTESIAN_POINT ( 'NONE',  ( 1.870000000000000107, -1.055665328710549522, -3.803089415876315993 ) ) ;
#3325 = COLOUR_RGB ( '',0.7921568627450980005, 0.8196078431372548767, 0.9333333333333333481 ) ;
#3326 = SURFACE_STYLE_FILL_AREA ( #9590 ) ;
#3327 =( NAMED_UNIT ( * ) PLANE_ANGLE_UNIT ( ) SI_UNIT ( $, .RADIAN. ) );
#3328 = MECHANICAL_DESIGN_GEOMETRIC_PRESENTATION_REPRESENTATION (  '', ( #1043 ), #9149 ) ;
#3329 = DIRECTION ( 'NONE',  ( -0.000000000000000000, -0.000000000000000000, 1.000000000000000000 ) ) ;
#3330 = ORIENTED_EDGE ( 'NONE', *, *, #4868, .F. ) ;
#3331 = CARTESIAN_POINT ( 'NONE',  ( 8.665000000000000924, -1.374999999999999556, -4.250000000000000888 ) ) ;
#3332 = STYLED_ITEM ( 'NONE', ( #8892 ), #1101 ) ;
#3333 = CARTESIAN_POINT ( 'NONE',  ( -8.421615491570639378, -1.374999999999999556, -4.039106398383939478 ) ) ;
#3334 = FACE_OUTER_BOUND ( 'NONE', #3132, .T. ) ;
#3335 = CARTESIAN_POINT ( 'NONE',  ( -0.6700000000000004841, 0.06318885240105015511, 3.947195844781839824 ) ) ;
#3336 = CARTESIAN_POINT ( 'NONE',  ( 9.115000000000000213, 0.1100000000000000006, 3.897297636193110648 ) ) ;
#3337 = SURFACE_STYLE_USAGE ( .BOTH. , #8169 ) ;
#3338 = ORIENTED_EDGE ( 'NONE', *, *, #3488, .T. ) ;
#3339 = STYLED_ITEM ( 'NONE', ( #5943 ), #2423 ) ;
#3340 = AXIS2_PLACEMENT_3D ( 'NONE', #8462, #5295, #6899 ) ;
#3341 = SURFACE_STYLE_USAGE ( .BOTH. , #5053 ) ;
#3342 = LINE ( 'NONE', #1621, #1318 ) ;
#3343 =( LENGTH_UNIT ( ) NAMED_UNIT ( * ) SI_UNIT ( .MILLI., .METRE. ) );
#3344 = VECTOR ( 'NONE', #3956, 1000.000000000000000 ) ;
#3345 = ORIENTED_EDGE ( 'NONE', *, *, #3849, .T. ) ;
#3346 = CARTESIAN_POINT ( 'NONE',  ( 8.290000000000000924, -0.1100000000000000006, 3.695747996505077460 ) ) ;
#3347 = LINE ( 'NONE', #6321, #8919 ) ;
#3348 = PRESENTATION_STYLE_ASSIGNMENT (( #4380 ) ) ;
#3349 = AXIS2_PLACEMENT_3D ( 'NONE', #692, #19, #7967 ) ;
#3350 = CARTESIAN_POINT ( 'NONE',  ( 1.870000000000000107, -1.374999999999998890, 4.039106398383938590 ) ) ;
#3351 = ORIENTED_EDGE ( 'NONE', *, *, #1664, .F. ) ;
#3352 = ORIENTED_EDGE ( 'NONE', *, *, #10416, .F. ) ;
#3353 = SURFACE_STYLE_FILL_AREA ( #1275 ) ;
#3354 = VERTEX_POINT ( 'NONE', #8635 ) ;
#3355 = UNCERTAINTY_MEASURE_WITH_UNIT (LENGTH_MEASURE( 1.000000000000000082E-05 ), #89, 'distance_accuracy_value', 'NONE');
#3356 = EDGE_CURVE ( 'NONE', #10328, #2361, #6302, .T. ) ;
#3357 = COLOUR_RGB ( '',0.7529411764705882248, 0.7529411764705882248, 0.7529411764705882248 ) ;
#3358 = DIRECTION ( 'NONE',  ( -0.000000000000000000, -0.000000000000000000, 1.000000000000000000 ) ) ;
#3359 = EDGE_CURVE ( 'NONE', #2820, #7844, #1369, .T. ) ;
#3360 = DIRECTION ( 'NONE',  ( 0.000000000000000000, 0.000000000000000000, -1.000000000000000000 ) ) ;
#3361 = DIRECTION ( 'NONE',  ( -0.000000000000000000, -1.000000000000000000, -0.000000000000000000 ) ) ;
#3362 = CARTESIAN_POINT ( 'NONE',  ( -8.290000000000000924, 0.1100000000000000006, -3.550000000000000266 ) ) ;
#3363 = ADVANCED_FACE ( 'NONE', ( #3502 ), #4507, .F. ) ;
#3364 = ORIENTED_EDGE ( 'NONE', *, *, #3162, .F. ) ;
#3365 = ORIENTED_EDGE ( 'NONE', *, *, #3302, .T. ) ;
#3366 = CARTESIAN_POINT ( 'NONE',  ( 9.115000000000000213, -0.1568111475989498460, 3.745646205093807080 ) ) ;
#3367 = VECTOR ( 'NONE', #9720, 1000.000000000000000 ) ;
#3368 = UNCERTAINTY_MEASURE_WITH_UNIT (LENGTH_MEASURE( 1.000000000000000082E-05 ), #7343, 'distance_accuracy_value', 'NONE');
#3369 = CARTESIAN_POINT ( 'NONE',  ( -0.6700000000000004841, -1.374999999999998668, -3.823497185254834729 ) ) ;
#3370 = AXIS2_PLACEMENT_3D ( 'NONE', #1493, #6414, #2378 ) ;
#3371 =( NAMED_UNIT ( * ) PLANE_ANGLE_UNIT ( ) SI_UNIT ( $, .RADIAN. ) );
#3372 = CARTESIAN_POINT ( 'NONE',  ( -6.949999999999999289, -0.1100000000000000006, -3.550000000000000266 ) ) ;
#3373 = ORIENTED_EDGE ( 'NONE', *, *, #6223, .F. ) ;
#3374 = ORIENTED_EDGE ( 'NONE', *, *, #3856, .F. ) ;
#3375 = EDGE_CURVE ( 'NONE', #4267, #5548, #6820, .T. ) ;
#3376 =( NAMED_UNIT ( * ) SI_UNIT ( $, .STERADIAN. ) SOLID_ANGLE_UNIT ( ) );
#3377 =( NAMED_UNIT ( * ) SI_UNIT ( $, .STERADIAN. ) SOLID_ANGLE_UNIT ( ) );
#3378 = ORIENTED_EDGE ( 'NONE', *, *, #3856, .T. ) ;
#3379 = DIRECTION ( 'NONE',  ( 0.000000000000000000, -4.022841720910280989E-15, 1.000000000000000000 ) ) ;
#3380 = EDGE_CURVE ( 'NONE', #4903, #4368, #2509, .T. ) ;
#3381 =( GEOMETRIC_REPRESENTATION_CONTEXT ( 3 ) GLOBAL_UNCERTAINTY_ASSIGNED_CONTEXT ( ( #7132 ) ) GLOBAL_UNIT_ASSIGNED_CONTEXT ( ( #690, #762, #3973 ) ) REPRESENTATION_CONTEXT ( 'NONE', 'WORKASPACE' ) );
#3382 = VECTOR ( 'NONE', #10376, 1000.000000000000000 ) ;
#3383 = ORIENTED_EDGE ( 'NONE', *, *, #5356, .T. ) ;
#3384 = EDGE_LOOP ( 'NONE', ( #4191, #9178, #3593, #3 ) ) ;
#3385 = DIRECTION ( 'NONE',  ( -1.000000000000000000, -0.000000000000000000, -0.000000000000000000 ) ) ;
#3386 = DIRECTION ( 'NONE',  ( 0.000000000000000000, -0.000000000000000000, -1.000000000000000000 ) ) ;
#3387 = AXIS2_PLACEMENT_3D ( 'NONE', #1255, #9355, #4502 ) ;
#3388 = DIRECTION ( 'NONE',  ( -0.000000000000000000, -0.000000000000000000, -1.000000000000000000 ) ) ;
#3389 = STYLED_ITEM ( 'NONE', ( #7020 ), #855 ) ;
#3390 = SURFACE_STYLE_USAGE ( .BOTH. , #7464 ) ;
#3391 = CARTESIAN_POINT ( 'NONE',  ( 6.100000000000001421, -1.374999999999998890, -4.250000000000000888 ) ) ;
#3392 = VECTOR ( 'NONE', #8293, 1000.000000000000000 ) ;
#3393 = ORIENTED_EDGE ( 'NONE', *, *, #3635, .F. ) ;
#3394 = ORIENTED_EDGE ( 'NONE', *, *, #7383, .T. ) ;
#3395 =( NAMED_UNIT ( * ) SI_UNIT ( $, .STERADIAN. ) SOLID_ANGLE_UNIT ( ) );
#3396 = VERTEX_POINT ( 'NONE', #5329 ) ;
#3397 = CARTESIAN_POINT ( 'NONE',  ( 3.560000000000000497, -0.1568111475989498460, -3.745646205093807080 ) ) ;
#3398 = CARTESIAN_POINT ( 'NONE',  ( -4.410000000000001030, -0.1599999999999999756, 3.695747996505077904 ) ) ;
#3399 = DIRECTION ( 'NONE',  ( -1.000000000000000000, -0.000000000000000000, -0.000000000000000000 ) ) ;
#3400 = VERTEX_POINT ( 'NONE', #7029 ) ;
#3401 = AXIS2_PLACEMENT_3D ( 'NONE', #3279, #8934, #4086 ) ;
#3402 = CARTESIAN_POINT ( 'NONE',  ( 9.882742557828871455, 0.7750000000000000222, 3.432742557828871277 ) ) ;
#3403 = LINE ( 'NONE', #3262, #2788 ) ;
#3404 = VERTEX_POINT ( 'NONE', #3692 ) ;
#3405 = VERTEX_POINT ( 'NONE', #2925 ) ;
#3406 = ORIENTED_EDGE ( 'NONE', *, *, #2417, .F. ) ;
#3407 = DIRECTION ( 'NONE',  ( -0.000000000000000000, -0.000000000000000000, 1.000000000000000000 ) ) ;
#3408 = SURFACE_STYLE_FILL_AREA ( #1215 ) ;
#3409 = ORIENTED_EDGE ( 'NONE', *, *, #2225, .T. ) ;
#3410 = ADVANCED_FACE ( 'NONE', ( #2893 ), #6965, .F. ) ;
#3411 = VECTOR ( 'NONE', #221, 1000.000000000000000 ) ;
#3412 = DIRECTION ( 'NONE',  ( 0.9755535465928818484, 0.2197618659596111135, 0.000000000000000000 ) ) ;
#3413 = VECTOR ( 'NONE', #2854, 999.9999999999998863 ) ;
#3414 = EDGE_CURVE ( 'NONE', #7358, #297, #6562, .T. ) ;
#3415 = FACE_OUTER_BOUND ( 'NONE', #9773, .T. ) ;
#3416 = CARTESIAN_POINT ( 'NONE',  ( 8.290000000000000924, -1.055665328710549522, 4.018698629005418965 ) ) ;
#3417 = VERTEX_POINT ( 'NONE', #8004 ) ;
#3418 =( GEOMETRIC_REPRESENTATION_CONTEXT ( 3 ) GLOBAL_UNCERTAINTY_ASSIGNED_CONTEXT ( ( #32 ) ) GLOBAL_UNIT_ASSIGNED_CONTEXT ( ( #9126, #8344, #9869 ) ) REPRESENTATION_CONTEXT ( 'NONE', 'WORKASPACE' ) );
#3419 = CARTESIAN_POINT ( 'NONE',  ( 8.290000000000000924, 0.1100000000000000006, -3.550000000000000266 ) ) ;
#3420 = CARTESIAN_POINT ( 'NONE',  ( -4.059999999999999609, 0.06318885240105015511, 3.947195844781839824 ) ) ;
#3421 = CIRCLE ( 'NONE', #1492, 0.05000000000000012768 ) ;
#3422 = CARTESIAN_POINT ( 'NONE',  ( 6.100000000000001421, -0.1568111475989498460, -3.745646205093807080 ) ) ;
#3423 = SURFACE_STYLE_USAGE ( .BOTH. , #1773 ) ;
#3424 = CARTESIAN_POINT ( 'NONE',  ( 9.490000000000000213, -0.1568111475989498460, 3.745646205093807080 ) ) ;
#3425 = LINE ( 'NONE', #427, #3317 ) ;
#3426 =( GEOMETRIC_REPRESENTATION_CONTEXT ( 3 ) GLOBAL_UNCERTAINTY_ASSIGNED_CONTEXT ( ( #1171 ) ) GLOBAL_UNIT_ASSIGNED_CONTEXT ( ( #2743, #7628, #2842 ) ) REPRESENTATION_CONTEXT ( 'NONE', 'WORKASPACE' ) );
#3427 = PRESENTATION_STYLE_ASSIGNMENT (( #8302 ) ) ;
#3428 = ORIENTED_EDGE ( 'NONE', *, *, #10276, .F. ) ;
#3429 = EDGE_CURVE ( 'NONE', #2252, #6770, #772, .T. ) ;
#3430 =( LENGTH_UNIT ( ) NAMED_UNIT ( * ) SI_UNIT ( .MILLI., .METRE. ) );
#3431 = ORIENTED_EDGE ( 'NONE', *, *, #6248, .F. ) ;
#3432 = CARTESIAN_POINT ( 'NONE',  ( 6.949999999999999289, 0.1100000000000000006, 3.550000000000000266 ) ) ;
#3433 = DIRECTION ( 'NONE',  ( 0.000000000000000000, 0.000000000000000000, 1.000000000000000000 ) ) ;
#3434 = PRESENTATION_STYLE_ASSIGNMENT (( #4400 ) ) ;
#3435 = EDGE_CURVE ( 'NONE', #777, #10121, #2386, .T. ) ;
#3436 = AXIS2_PLACEMENT_3D ( 'NONE', #6093, #8516, #8554 ) ;
#3437 = EDGE_CURVE ( 'NONE', #8294, #9199, #4142, .T. ) ;
#3438 = FILL_AREA_STYLE_COLOUR ( '', #728 ) ;
#3439 = ORIENTED_EDGE ( 'NONE', *, *, #1205, .F. ) ;
#3440 = VECTOR ( 'NONE', #9276, 1000.000000000000227 ) ;
#3441 = AXIS2_PLACEMENT_3D ( 'NONE', #6148, #1968, #5332 ) ;
#3442 = PRESENTATION_STYLE_ASSIGNMENT (( #1452 ) ) ;
#3443 = ORIENTED_EDGE ( 'NONE', *, *, #8504, .T. ) ;
#3444 = DIRECTION ( 'NONE',  ( 0.000000000000000000, 0.000000000000000000, 1.000000000000000000 ) ) ;
#3445 = FACE_OUTER_BOUND ( 'NONE', #7412, .T. ) ;
#3446 = ORIENTED_EDGE ( 'NONE', *, *, #3122, .F. ) ;
#3447 = DIRECTION ( 'NONE',  ( 1.000000000000000000, 0.000000000000000000, -0.000000000000000000 ) ) ;
#3448 = DIRECTION ( 'NONE',  ( 0.000000000000000000, 0.000000000000000000, -1.000000000000000000 ) ) ;
#3449 =( LENGTH_UNIT ( ) NAMED_UNIT ( * ) SI_UNIT ( .MILLI., .METRE. ) );
#3450 = SURFACE_STYLE_FILL_AREA ( #562 ) ;
#3451 = CARTESIAN_POINT ( 'NONE',  ( -2.970082317812836159, 0.009362694809449094088, -3.950635721216884111 ) ) ;
#3452 = STYLED_ITEM ( 'NONE', ( #267 ), #9359 ) ;
#3453 = DIRECTION ( 'NONE',  ( 0.000000000000000000, -1.000000000000000000, 0.000000000000000000 ) ) ;
#3454 = DIRECTION ( 'NONE',  ( -0.3803951736463099254, 0.9229412608411878827, -0.05898254744814131201 ) ) ;
#3455 = AXIS2_PLACEMENT_3D ( 'NONE', #7672, #5284, #8417 ) ;
#3456 = DIRECTION ( 'NONE',  ( -0.000000000000000000, 1.000000000000000000, -0.000000000000000000 ) ) ;
#3457 = DIRECTION ( 'NONE',  ( -0.000000000000000000, 0.06377704802100914172, 0.9979641717745812990 ) ) ;
#3458 = VECTOR ( 'NONE', #7417, 1000.000000000000000 ) ;
#3459 = VERTEX_POINT ( 'NONE', #3098 ) ;
#3460 = ADVANCED_FACE ( 'NONE', ( #4795 ), #2287, .F. ) ;
#3461 = VECTOR ( 'NONE', #4475, 1000.000000000000000 ) ;
#3462 = LINE ( 'NONE', #5866, #1702 ) ;
#3463 = SURFACE_STYLE_USAGE ( .BOTH. , #6818 ) ;
#3464 = ORIENTED_EDGE ( 'NONE', *, *, #3987, .F. ) ;
#3465 =( LENGTH_UNIT ( ) NAMED_UNIT ( * ) SI_UNIT ( .MILLI., .METRE. ) );
#3466 = AXIS2_PLACEMENT_3D ( 'NONE', #790, #1595, #8880 ) ;
#3467 = LINE ( 'NONE', #6977, #8283 ) ;
#3468 = CARTESIAN_POINT ( 'NONE',  ( -4.059999999999999609, -1.374999999999998890, -4.250000000000000888 ) ) ;
#3469 = ORIENTED_EDGE ( 'NONE', *, *, #5091, .F. ) ;
#3470 = AXIS2_PLACEMENT_3D ( 'NONE', #6511, #1726, #9892 ) ;
#3471 = ADVANCED_FACE ( 'NONE', ( #9090 ), #10405, .T. ) ;
#3472 = CARTESIAN_POINT ( 'NONE',  ( -8.290000000000000924, 0.1100000000000000006, -3.550000000000000266 ) ) ;
#3473 = EDGE_LOOP ( 'NONE', ( #838, #2150, #9249, #8345 ) ) ;
#3474 = ORIENTED_EDGE ( 'NONE', *, *, #9524, .T. ) ;
#3475 = ORIENTED_EDGE ( 'NONE', *, *, #1733, .F. ) ;
#3476 = UNCERTAINTY_MEASURE_WITH_UNIT (LENGTH_MEASURE( 1.000000000000000082E-05 ), #7206, 'distance_accuracy_value', 'NONE');
#3477 = CARTESIAN_POINT ( 'NONE',  ( 8.421615491570639378, -1.374999999999999556, -4.250000000000000888 ) ) ;
#3478 = VECTOR ( 'NONE', #4404, 1000.000000000000000 ) ;
#3479 = AXIS2_PLACEMENT_3D ( 'NONE', #7253, #1657, #7320 ) ;
#3480 = FACE_OUTER_BOUND ( 'NONE', #6354, .T. ) ;
#3481 = EDGE_CURVE ( 'NONE', #8181, #8273, #1013, .T. ) ;
#3482 = FILL_AREA_STYLE_COLOUR ( '', #4128 ) ;
#3483 = FACE_OUTER_BOUND ( 'NONE', #1184, .T. ) ;
#3484 = FILL_AREA_STYLE_COLOUR ( '', #1931 ) ;
#3485 = CARTESIAN_POINT ( 'NONE',  ( 3.209999999999999964, -1.055665328710545747, -3.803089415876315993 ) ) ;
#3486 = CARTESIAN_POINT ( 'NONE',  ( -8.290000000000000924, 0.1100000000000000006, 3.550000000000000266 ) ) ;
#3487 = ORIENTED_EDGE ( 'NONE', *, *, #9330, .F. ) ;
#3488 = EDGE_CURVE ( 'NONE', #4014, #10081, #3134, .T. ) ;
#3489 = ORIENTED_EDGE ( 'NONE', *, *, #366, .T. ) ;
#3490 = DIRECTION ( 'NONE',  ( -1.000000000000000000, -0.000000000000000000, -0.000000000000000000 ) ) ;
#3491 = CARTESIAN_POINT ( 'NONE',  ( -4.410000000000001030, 0.06000000000000001166, 3.897297636193110648 ) ) ;
#3492 = CARTESIAN_POINT ( 'NONE',  ( -10.00000000000000000, -0.1100000000000000006, -3.549999999999999378 ) ) ;
#3493 = VECTOR ( 'NONE', #7639, 1000.000000000000000 ) ;
#3494 = VECTOR ( 'NONE', #698, 1000.000000000000000 ) ;
#3495 =( NAMED_UNIT ( * ) SI_UNIT ( $, .STERADIAN. ) SOLID_ANGLE_UNIT ( ) );
#3496 = ORIENTED_EDGE ( 'NONE', *, *, #3783, .T. ) ;
#3497 = ORIENTED_EDGE ( 'NONE', *, *, #1212, .F. ) ;
#3498 = AXIS2_PLACEMENT_3D ( 'NONE', #7397, #5070, #9038 ) ;
#3499 = COLOUR_RGB ( '',0.7529411764705882248, 0.7529411764705882248, 0.7529411764705882248 ) ;
#3500 = CARTESIAN_POINT ( 'NONE',  ( -1.870000000000000107, -1.055665328710545747, 4.018698629005418965 ) ) ;
#3501 = AXIS2_PLACEMENT_3D ( 'NONE', #1796, #3447, #1834 ) ;
#3502 = FACE_OUTER_BOUND ( 'NONE', #3803, .T. ) ;
#3503 = CARTESIAN_POINT ( 'NONE',  ( 6.949999999999999289, -1.374999999999998668, 3.823497185254834729 ) ) ;
#3504 = CARTESIAN_POINT ( 'NONE',  ( 4.060000000000001386, 0.06318885240105015511, -3.947195844781839824 ) ) ;
#3505 = EDGE_CURVE ( 'NONE', #5662, #494, #761, .T. ) ;
#3506 = VECTOR ( 'NONE', #10095, 1000.000000000000114 ) ;
#3507 = FILL_AREA_STYLE_COLOUR ( '', #43 ) ;
#3508 = ORIENTED_EDGE ( 'NONE', *, *, #768, .F. ) ;
#3509 = EDGE_CURVE ( 'NONE', #6228, #4064, #8310, .T. ) ;
#3510 = ADVANCED_FACE ( 'NONE', ( #7187 ), #7077, .T. ) ;
#3511 = FILL_AREA_STYLE ('',( #4435 ) ) ;
#3512 = DIRECTION ( 'NONE',  ( 0.000000000000000000, -1.000000000000000000, 0.000000000000000000 ) ) ;
#3513 = VECTOR ( 'NONE', #3453, 1000.000000000000000 ) ;
#3514 = DIRECTION ( 'NONE',  ( -1.000000000000000000, 0.000000000000000000, 2.443272501375784959E-16 ) ) ;
#3515 = LINE ( 'NONE', #716, #9593 ) ;
#3516 = STYLED_ITEM ( 'NONE', ( #8448 ), #8885 ) ;
#3517 = ORIENTED_EDGE ( 'NONE', *, *, #9351, .T. ) ;
#3518 = CARTESIAN_POINT ( 'NONE',  ( -4.059999999999999609, -1.374999999999999112, -4.039106398383939478 ) ) ;
#3519 = ORIENTED_EDGE ( 'NONE', *, *, #1940, .F. ) ;
#3520 = CARTESIAN_POINT ( 'NONE',  ( 3.209999999999999964, -0.1100000000000000006, -3.550000000000000266 ) ) ;
#3521 = VERTEX_POINT ( 'NONE', #9606 ) ;
#3522 = AXIS2_PLACEMENT_3D ( 'NONE', #8970, #1682, #4118 ) ;
#3523 = CARTESIAN_POINT ( 'NONE',  ( -9.207097143600909916, 0.7750000000000000222, -0.5241992011858084277 ) ) ;
#3524 = LINE ( 'NONE', #9841, #5433 ) ;
#3525 = ADVANCED_FACE ( 'NONE', ( #2115 ), #8683, .F. ) ;
#3526 = VECTOR ( 'NONE', #8125, 1000.000000000000000 ) ;
#3527 = DIRECTION ( 'NONE',  ( 0.2193360129683985527, 0.9736631258226969843, -0.06222403738348494112 ) ) ;
#3528 = ORIENTED_EDGE ( 'NONE', *, *, #10401, .T. ) ;
#3530 = ORIENTED_EDGE ( 'NONE', *, *, #8565, .T. ) ;
#3529 = CARTESIAN_POINT ( 'NONE',  ( 9.490000000000000213, 0.1100000000000000006, 3.550000000000000266 ) ) ;
#3531 = CARTESIAN_POINT ( 'NONE',  ( -4.410000000000001030, -0.1100000000000000006, 3.550000000000000266 ) ) ;
#3532 = CARTESIAN_POINT ( 'NONE',  ( 5.750000000000000000, 0.1100000000000000006, -3.550000000000000266 ) ) ;
#3533 =( LENGTH_UNIT ( ) NAMED_UNIT ( * ) SI_UNIT ( .MILLI., .METRE. ) );
#3534 =( NAMED_UNIT ( * ) PLANE_ANGLE_UNIT ( ) SI_UNIT ( $, .RADIAN. ) );
#3535 = VECTOR ( 'NONE', #5015, 1000.000000000000000 ) ;
#3536 = DIRECTION ( 'NONE',  ( -0.000000000000000000, -0.000000000000000000, 1.000000000000000000 ) ) ;
#3537 = LINE ( 'NONE', #4041, #10372 ) ;
#3538 = ORIENTED_EDGE ( 'NONE', *, *, #10191, .F. ) ;
#3539 = PLANE ( 'NONE',  #7476 ) ;
#3540 = UNCERTAINTY_MEASURE_WITH_UNIT (LENGTH_MEASURE( 1.000000000000000082E-05 ), #8154, 'distance_accuracy_value', 'NONE');
#3541 = CARTESIAN_POINT ( 'NONE',  ( -5.750000000000000000, 0.1099999999999998618, 3.897297636193110648 ) ) ;
#3542 = VERTEX_POINT ( 'NONE', #8795 ) ;
#3543 = DIRECTION ( 'NONE',  ( 0.000000000000000000, 0.000000000000000000, -1.000000000000000000 ) ) ;
#3544 = VECTOR ( 'NONE', #1480, 1000.000000000000114 ) ;
#3545 = PRESENTATION_LAYER_ASSIGNMENT (  '', '', ( #880 ) ) ;
#3546 = CARTESIAN_POINT ( 'NONE',  ( -0.6699999999999995959, -1.055665328710549522, -4.250000000000000888 ) ) ;
#3547 = DIRECTION ( 'NONE',  ( 0.000000000000000000, -1.000000000000000000, 0.000000000000000000 ) ) ;
#3548 = VERTEX_POINT ( 'NONE', #6325 ) ;
#3549 = MANIFOLD_SOLID_BREP ( 'Cut-Extrude2[2]', #3021 ) ;
#3550 = FILL_AREA_STYLE_COLOUR ( '', #2057 ) ;
#3551 =( LENGTH_UNIT ( ) NAMED_UNIT ( * ) SI_UNIT ( .MILLI., .METRE. ) );
#3552 = PRESENTATION_STYLE_ASSIGNMENT (( #5322 ) ) ;
#3553 = EDGE_CURVE ( 'NONE', #1448, #8819, #4269, .T. ) ;
#3554 = FACE_OUTER_BOUND ( 'NONE', #9239, .T. ) ;
#3555 = DIRECTION ( 'NONE',  ( -1.000000000000000000, -0.000000000000000000, -0.000000000000000000 ) ) ;
#3556 = DIRECTION ( 'NONE',  ( -1.000000000000000000, 0.000000000000000000, -0.000000000000000000 ) ) ;
#3557 = STYLED_ITEM ( 'NONE', ( #2845 ), #4472 ) ;
#3558 = ORIENTED_EDGE ( 'NONE', *, *, #6157, .T. ) ;
#3559 = CARTESIAN_POINT ( 'NONE',  ( -1.798063832607380563, -1.374999999999998890, -4.039106398383939478 ) ) ;
#3560 = ADVANCED_FACE ( 'NONE', ( #6686 ), #7143, .F. ) ;
#3561 = AXIS2_PLACEMENT_3D ( 'NONE', #4639, #8654, #5380 ) ;
#3562 = SURFACE_STYLE_FILL_AREA ( #6549 ) ;
#3563 = COLOUR_RGB ( '',0.7529411764705882248, 0.7529411764705882248, 0.7529411764705882248 ) ;
#3564 = EDGE_CURVE ( 'NONE', #2905, #1910, #751, .T. ) ;
#3565 = VERTEX_POINT ( 'NONE', #5750 ) ;
#3566 = VECTOR ( 'NONE', #3361, 1000.000000000000000 ) ;
#3567 = EDGE_CURVE ( 'NONE', #2, #4660, #375, .T. ) ;
#3568 = AXIS2_PLACEMENT_3D ( 'NONE', #7665, #5927, #3598 ) ;
#3569 = SURFACE_STYLE_FILL_AREA ( #529 ) ;
#3570 = LINE ( 'NONE', #7315, #964 ) ;
#3571 = ADVANCED_FACE ( 'NONE', ( #1979 ), #256, .F. ) ;
#3572 = DIRECTION ( 'NONE',  ( -1.000000000000000000, -0.000000000000000000, 0.000000000000000000 ) ) ;
#3573 = ORIENTED_EDGE ( 'NONE', *, *, #2446, .F. ) ;
#3574 = STYLED_ITEM ( 'NONE', ( #7708 ), #8241 ) ;
#3575 = ORIENTED_EDGE ( 'NONE', *, *, #6347, .F. ) ;
#3576 =( GEOMETRIC_REPRESENTATION_CONTEXT ( 3 ) GLOBAL_UNCERTAINTY_ASSIGNED_CONTEXT ( ( #4669 ) ) GLOBAL_UNIT_ASSIGNED_CONTEXT ( ( #7615, #1195, #7649 ) ) REPRESENTATION_CONTEXT ( 'NONE', 'WORKASPACE' ) );
#3577 = VECTOR ( 'NONE', #3226, 1000.000000000000000 ) ;
#3578 = CIRCLE ( 'NONE', #6979, 0.04999999999999969746 ) ;
#3579 = DIRECTION ( 'NONE',  ( -1.000000000000000000, -0.000000000000000000, -0.000000000000000000 ) ) ;
#3580 = FILL_AREA_STYLE ('',( #2799 ) ) ;
#3581 = CARTESIAN_POINT ( 'NONE',  ( 0.7419361673926192502, -1.374999999999998890, -4.250000000000000888 ) ) ;
#3582 = CARTESIAN_POINT ( 'NONE',  ( -3.210000000000000853, -0.1568111475989498460, -3.745646205093807080 ) ) ;
#3583 = ORIENTED_EDGE ( 'NONE', *, *, #1277, .T. ) ;
#3584 = PRODUCT_DEFINITION_CONTEXT ( 'detailed design', #441, 'design' ) ;
#3585 = SURFACE_STYLE_FILL_AREA ( #7047 ) ;
#3586 = DIRECTION ( 'NONE',  ( -0.2197618659596110857, 0.9755535465928817374, 0.000000000000000000 ) ) ;
#3587 = CARTESIAN_POINT ( 'NONE',  ( -6.878063832607380412, -1.374999999999998890, -4.250000000000000888 ) ) ;
#3588 = ORIENTED_EDGE ( 'NONE', *, *, #9950, .T. ) ;
#3589 = AXIS2_PLACEMENT_3D ( 'NONE', #9791, #4133, #8335 ) ;
#3590 =( GEOMETRIC_REPRESENTATION_CONTEXT ( 3 ) GLOBAL_UNCERTAINTY_ASSIGNED_CONTEXT ( ( #6352 ) ) GLOBAL_UNIT_ASSIGNED_CONTEXT ( ( #6097, #6858, #6927 ) ) REPRESENTATION_CONTEXT ( 'NONE', 'WORKASPACE' ) );
#3591 = PLANE ( 'NONE',  #758 ) ;
#3592 = CARTESIAN_POINT ( 'NONE',  ( -3.210000000000000853, -1.055665328710555295, -4.018698629005419853 ) ) ;
#3593 = ORIENTED_EDGE ( 'NONE', *, *, #3051, .F. ) ;
#3594 = ORIENTED_EDGE ( 'NONE', *, *, #2565, .T. ) ;
#3595 = DIRECTION ( 'NONE',  ( -0.9755535465928818484, 0.2197618659596111135, 0.000000000000000000 ) ) ;
#3596 = ORIENTED_EDGE ( 'NONE', *, *, #6648, .F. ) ;
#3597 = DIRECTION ( 'NONE',  ( 0.000000000000000000, 0.9979641717745812990, 0.06377704802100914172 ) ) ;
#3598 = DIRECTION ( 'NONE',  ( 0.000000000000000000, 0.000000000000000000, 1.000000000000000000 ) ) ;
#3599 = CIRCLE ( 'NONE', #3057, 0.05000000000000012768 ) ;
#3600 = DIRECTION ( 'NONE',  ( -0.000000000000000000, -0.000000000000000000, 1.000000000000000000 ) ) ;
#3601 = DIRECTION ( 'NONE',  ( 0.000000000000000000, 0.000000000000000000, 1.000000000000000000 ) ) ;
#3602 = FACE_OUTER_BOUND ( 'NONE', #7288, .T. ) ;
#3603 = PRESENTATION_STYLE_ASSIGNMENT (( #2660 ) ) ;
#3604 = DIRECTION ( 'NONE',  ( 0.000000000000000000, 0.9979641717745812990, 0.06377704802100914172 ) ) ;
#3605 = STYLED_ITEM ( 'NONE', ( #5950 ), #2949 ) ;
#3606 = ORIENTED_EDGE ( 'NONE', *, *, #1029, .F. ) ;
#3607 = CARTESIAN_POINT ( 'NONE',  ( -1.519999999999999574, -1.374999999999998890, -4.250000000000000888 ) ) ;
#3608 = ORIENTED_EDGE ( 'NONE', *, *, #3760, .F. ) ;
#3609 = UNCERTAINTY_MEASURE_WITH_UNIT (LENGTH_MEASURE( 1.000000000000000082E-05 ), #10012, 'distance_accuracy_value', 'NONE');
#3610 = CARTESIAN_POINT ( 'NONE',  ( 6.100000000000001421, 0.06318885240105015511, -3.947195844781839824 ) ) ;
#3611 = VECTOR ( 'NONE', #8984, 1000.000000000000000 ) ;
#3612 = ADVANCED_FACE ( 'NONE', ( #2107 ), #5484, .F. ) ;
#3613 = EDGE_CURVE ( 'NONE', #8962, #7690, #1482, .T. ) ;
#3614 = ORIENTED_EDGE ( 'NONE', *, *, #9455, .F. ) ;
#3615 = ORIENTED_EDGE ( 'NONE', *, *, #5733, .F. ) ;
#3616 = DIRECTION ( 'NONE',  ( 0.000000000000000000, -0.9979641717745810769, -0.06377704802100964132 ) ) ;
#3617 = PRODUCT_CONTEXT ( 'NONE', #4436, 'mechanical' ) ;
#3618 = DIRECTION ( 'NONE',  ( 0.000000000000000000, -0.06377704802100926662, -0.9979641717745812990 ) ) ;
#3619 = AXIS2_PLACEMENT_3D ( 'NONE', #1689, #9046, #1727 ) ;
#3620 = EDGE_CURVE ( 'NONE', #5173, #2224, #6674, .T. ) ;
#3621 = DIRECTION ( 'NONE',  ( -1.000000000000000000, 0.000000000000000000, 0.000000000000000000 ) ) ;
#3622 = CARTESIAN_POINT ( 'NONE',  ( -0.6700000000000004841, -0.1599999999999999756, 3.695747996505077904 ) ) ;
#3623 = VERTEX_POINT ( 'NONE', #10354 ) ;
#3624 =( NAMED_UNIT ( * ) SI_UNIT ( $, .STERADIAN. ) SOLID_ANGLE_UNIT ( ) );
#3625 = CARTESIAN_POINT ( 'NONE',  ( 8.290000000000000924, -0.1100000000000000006, -3.550000000000000266 ) ) ;
#3626 = CARTESIAN_POINT ( 'NONE',  ( 9.999999999999998224, -0.1100000000000000006, -3.549999999999999378 ) ) ;
#3627 = DIRECTION ( 'NONE',  ( -1.000000000000000000, -0.000000000000000000, -0.000000000000000000 ) ) ;
#3628 = LINE ( 'NONE', #4017, #2380 ) ;
#3629 = ORIENTED_EDGE ( 'NONE', *, *, #4822, .T. ) ;
#3630 = EDGE_LOOP ( 'NONE', ( #3111, #2443, #3351, #352 ) ) ;
#3631 = EDGE_CURVE ( 'NONE', #310, #8324, #8048, .T. ) ;
#3632 = CARTESIAN_POINT ( 'NONE',  ( -1.870000000000000107, -0.1568111475989498460, 3.745646205093807080 ) ) ;
#3633 = SURFACE_SIDE_STYLE ('',( #2860 ) ) ;
#3634 = VECTOR ( 'NONE', #4893, 1000.000000000000000 ) ;
#3635 = EDGE_CURVE ( 'NONE', #10240, #5025, #6548, .T. ) ;
#3636 = DIRECTION ( 'NONE',  ( 0.000000000000000000, -1.000000000000000000, 0.000000000000000000 ) ) ;
#3637 =( NAMED_UNIT ( * ) PLANE_ANGLE_UNIT ( ) SI_UNIT ( $, .RADIAN. ) );
#3638 = EDGE_CURVE ( 'NONE', #8615, #9220, #4004, .T. ) ;
#3639 = FILL_AREA_STYLE_COLOUR ( '', #4292 ) ;
#3640 =( NAMED_UNIT ( * ) SI_UNIT ( $, .STERADIAN. ) SOLID_ANGLE_UNIT ( ) );
#3641 = LINE ( 'NONE', #1592, #1751 ) ;
#3642 = ORIENTED_EDGE ( 'NONE', *, *, #3567, .F. ) ;
#3643 = ORIENTED_EDGE ( 'NONE', *, *, #3356, .F. ) ;
#3644 = ORIENTED_EDGE ( 'NONE', *, *, #3414, .T. ) ;
#3645 = ORIENTED_EDGE ( 'NONE', *, *, #8375, .F. ) ;
#3646 =( LENGTH_UNIT ( ) NAMED_UNIT ( * ) SI_UNIT ( .MILLI., .METRE. ) );
#3647 = EDGE_CURVE ( 'NONE', #1419, #9819, #2498, .T. ) ;
#3648 = VECTOR ( 'NONE', #2708, 1000.000000000000227 ) ;
#3649 = EDGE_LOOP ( 'NONE', ( #5979, #6222, #8314, #5857 ) ) ;
#3650 = DIRECTION ( 'NONE',  ( 0.2193360129683985527, -0.9736631258226969843, -0.06222403738348480234 ) ) ;
#3651 = LINE ( 'NONE', #4832, #1256 ) ;
#3652 = CIRCLE ( 'NONE', #8065, 0.04999999999999969746 ) ;
#3653 = ORIENTED_EDGE ( 'NONE', *, *, #7636, .T. ) ;
#3654 = VERTEX_POINT ( 'NONE', #743 ) ;
#3655 = ORIENTED_EDGE ( 'NONE', *, *, #5151, .T. ) ;
#3656 = SURFACE_STYLE_USAGE ( .BOTH. , #7678 ) ;
#3657 = SURFACE_SIDE_STYLE ('',( #891 ) ) ;
#3658 =( LENGTH_UNIT ( ) NAMED_UNIT ( * ) SI_UNIT ( .MILLI., .METRE. ) );
#3659 = PRESENTATION_STYLE_ASSIGNMENT (( #6499 ) ) ;
#3660 = STYLED_ITEM ( 'NONE', ( #10329 ), #9145 ) ;
#3661 = VECTOR ( 'NONE', #4354, 1000.000000000000227 ) ;
#3662 = CARTESIAN_POINT ( 'NONE',  ( -2.052187738285314200, -0.2469085707813086228, 3.967013287941472122 ) ) ;
#3663 =( GEOMETRIC_REPRESENTATION_CONTEXT ( 3 ) GLOBAL_UNCERTAINTY_ASSIGNED_CONTEXT ( ( #1365 ) ) GLOBAL_UNIT_ASSIGNED_CONTEXT ( ( #5787, #1073, #8211 ) ) REPRESENTATION_CONTEXT ( 'NONE', 'WORKASPACE' ) );
#3664 = ORIENTED_EDGE ( 'NONE', *, *, #7554, .T. ) ;
#3665 = COLOUR_RGB ( '',0.7529411764705882248, 0.7529411764705882248, 0.7529411764705882248 ) ;
#3666 = ORIENTED_EDGE ( 'NONE', *, *, #9477, .F. ) ;
#3667 =( NAMED_UNIT ( * ) SI_UNIT ( $, .STERADIAN. ) SOLID_ANGLE_UNIT ( ) );
#3668 = DIRECTION ( 'NONE',  ( -1.000000000000000000, -0.000000000000000000, -0.000000000000000000 ) ) ;
#3669 = ADVANCED_FACE ( 'NONE', ( #6163 ), #8088, .F. ) ;
#3670 = VECTOR ( 'NONE', #8037, 1000.000000000000000 ) ;
#3671 = FILL_AREA_STYLE_COLOUR ( '', #6995 ) ;
#3672 = UNCERTAINTY_MEASURE_WITH_UNIT (LENGTH_MEASURE( 1.000000000000000082E-05 ), #9310, 'distance_accuracy_value', 'NONE');
#3673 = STYLED_ITEM ( 'NONE', ( #8506 ), #10400 ) ;
#3674 =( LENGTH_UNIT ( ) NAMED_UNIT ( * ) SI_UNIT ( .MILLI., .METRE. ) );
#3675 = DIRECTION ( 'NONE',  ( 0.000000000000000000, 0.000000000000000000, 1.000000000000000000 ) ) ;
#3676 = CARTESIAN_POINT ( 'NONE',  ( -9.882742557828871455, 0.7750000000000000222, -0.5241992011858083167 ) ) ;
#3677 = PLANE ( 'NONE',  #3436 ) ;
#3678 = ORIENTED_EDGE ( 'NONE', *, *, #7843, .F. ) ;
#3679 = LINE ( 'NONE', #8666, #4969 ) ;
#3680 = LINE ( 'NONE', #2960, #1789 ) ;
#3681 = COLOUR_RGB ( '',0.7921568627450980005, 0.8196078431372548767, 0.9333333333333333481 ) ;
#3682 = DIRECTION ( 'NONE',  ( -0.000000000000000000, 0.9979641717745812990, -0.06377704802100912784 ) ) ;
#3683 = CARTESIAN_POINT ( 'NONE',  ( 3.074987211741449844, -0.4563247477326364265, 3.764787266265075427 ) ) ;
#3684 = ORIENTED_EDGE ( 'NONE', *, *, #3620, .T. ) ;
#3685 = CARTESIAN_POINT ( 'NONE',  ( -0.6700000000000004841, 0.06000000000000001166, 3.897297636193110648 ) ) ;
#3686 = EDGE_LOOP ( 'NONE', ( #3644, #8303, #9972, #8384 ) ) ;
#3687 = PRESENTATION_LAYER_ASSIGNMENT (  '', '', ( #470 ) ) ;
#3688 = EDGE_CURVE ( 'NONE', #7963, #8113, #2238, .T. ) ;
#3689 = LINE ( 'NONE', #2751, #5343 ) ;
#3690 = VECTOR ( 'NONE', #6655, 1000.000000000000227 ) ;
#3691 = FACE_OUTER_BOUND ( 'NONE', #10360, .T. ) ;
#3692 = CARTESIAN_POINT ( 'NONE',  ( 5.750000000000000000, -0.1568111475989498460, -3.745646205093807080 ) ) ;
#3693 = ORIENTED_EDGE ( 'NONE', *, *, #4887, .T. ) ;
#3694 = EDGE_CURVE ( 'NONE', #8273, #2072, #9814, .T. ) ;
#3695 = CARTESIAN_POINT ( 'NONE',  ( -6.878063832607380412, -1.374999999999998890, 3.823497185254835173 ) ) ;
#3696 = ORIENTED_EDGE ( 'NONE', *, *, #1024, .F. ) ;
#3697 = CARTESIAN_POINT ( 'NONE',  ( -5.750000000000000000, 0.06000000000000001166, 3.897297636193110648 ) ) ;
#3698 = EDGE_CURVE ( 'NONE', #1860, #3404, #872, .T. ) ;
#3699 = VECTOR ( 'NONE', #7355, 1000.000000000000000 ) ;
#3700 = AXIS2_PLACEMENT_3D ( 'NONE', #3331, #4998, #5811 ) ;
#3701 = CARTESIAN_POINT ( 'NONE',  ( 1.020000000000000018, -1.374999999999998890, -4.250000000000000888 ) ) ;
#3702 = CARTESIAN_POINT ( 'NONE',  ( -3.210000000000000853, -0.1599999999999999756, -3.695747996505077904 ) ) ;
#3703 = VECTOR ( 'NONE', #9148, 1000.000000000000000 ) ;
#3704 = ORIENTED_EDGE ( 'NONE', *, *, #6142, .T. ) ;
#3705 = MECHANICAL_DESIGN_GEOMETRIC_PRESENTATION_REPRESENTATION (  '', ( #6088 ), #5344 ) ;
#3706 =( NAMED_UNIT ( * ) PLANE_ANGLE_UNIT ( ) SI_UNIT ( $, .RADIAN. ) );
#3707 =( NAMED_UNIT ( * ) PLANE_ANGLE_UNIT ( ) SI_UNIT ( $, .RADIAN. ) );
#3708 = EDGE_CURVE ( 'NONE', #7204, #8507, #5263, .T. ) ;
#3709 = VECTOR ( 'NONE', #3116, 1000.000000000000114 ) ;
#3710 = SURFACE_SIDE_STYLE ('',( #5060 ) ) ;
#3711 = FILL_AREA_STYLE_COLOUR ( '', #4963 ) ;
#3712 = VECTOR ( 'NONE', #740, 1000.000000000000000 ) ;
#3713 = EDGE_CURVE ( 'NONE', #3844, #8562, #9944, .T. ) ;
#3714 = ORIENTED_EDGE ( 'NONE', *, *, #9067, .F. ) ;
#3715 = DIRECTION ( 'NONE',  ( 0.000000000000000000, 1.000000000000000000, 0.000000000000000000 ) ) ;
#3716 = AXIS2_PLACEMENT_3D ( 'NONE', #8327, #9081, #3379 ) ;
#3717 = DIRECTION ( 'NONE',  ( 1.000000000000000000, 0.000000000000000000, 0.000000000000000000 ) ) ;
#3718 = CARTESIAN_POINT ( 'NONE',  ( 4.410000000000000142, -0.1100000000000000006, 3.550000000000000266 ) ) ;
#3719 = SURFACE_STYLE_FILL_AREA ( #4231 ) ;
#3720 =( GEOMETRIC_REPRESENTATION_CONTEXT ( 3 ) GLOBAL_UNCERTAINTY_ASSIGNED_CONTEXT ( ( #2323 ) ) GLOBAL_UNIT_ASSIGNED_CONTEXT ( ( #3259, #1661, #6483 ) ) REPRESENTATION_CONTEXT ( 'NONE', 'WORKASPACE' ) );
#3721 = ADVANCED_FACE ( 'NONE', ( #9184 ), #6445, .F. ) ;
#3722 = VERTEX_POINT ( 'NONE', #8945 ) ;
#3723 = ORIENTED_EDGE ( 'NONE', *, *, #9614, .F. ) ;
#3724 =( GEOMETRIC_REPRESENTATION_CONTEXT ( 3 ) GLOBAL_UNCERTAINTY_ASSIGNED_CONTEXT ( ( #2135 ) ) GLOBAL_UNIT_ASSIGNED_CONTEXT ( ( #8129, #9661, #3298 ) ) REPRESENTATION_CONTEXT ( 'NONE', 'WORKASPACE' ) );
#3725 = VERTEX_POINT ( 'NONE', #9581 ) ;
#3726 = LINE ( 'NONE', #9495, #2356 ) ;
#3727 =( NAMED_UNIT ( * ) PLANE_ANGLE_UNIT ( ) SI_UNIT ( $, .RADIAN. ) );
#3728 = DIRECTION ( 'NONE',  ( 1.000000000000000000, 0.000000000000000000, 0.000000000000000000 ) ) ;
#3729 = LINE ( 'NONE', #9599, #603 ) ;
#3730 = CARTESIAN_POINT ( 'NONE',  ( -5.750000000000000000, 0.06318885240105015511, -3.947195844781839824 ) ) ;
#3731 = CARTESIAN_POINT ( 'NONE',  ( 4.410000000000000142, 0.06318885240105015511, 3.947195844781839824 ) ) ;
#3732 = SURFACE_STYLE_FILL_AREA ( #8572 ) ;
#3733 = DIRECTION ( 'NONE',  ( 0.000000000000000000, 0.000000000000000000, 1.000000000000000000 ) ) ;
#3734 = VERTEX_POINT ( 'NONE', #3324 ) ;
#3735 = LINE ( 'NONE', #9998, #7912 ) ;
#3736 = ORIENTED_EDGE ( 'NONE', *, *, #4529, .T. ) ;
#3737 = ADVANCED_FACE ( 'NONE', ( #5648 ), #7221, .F. ) ;
#3738 = SURFACE_STYLE_USAGE ( .BOTH. , #2119 ) ;
#3739 = PRESENTATION_LAYER_ASSIGNMENT (  '', '', ( #9912 ) ) ;
#3740 = DIRECTION ( 'NONE',  ( 0.000000000000000000, 0.000000000000000000, -1.000000000000000000 ) ) ;
#3741 = PLANE ( 'NONE',  #1917 ) ;
#3742 = LINE ( 'NONE', #4241, #4372 ) ;
#3743 =( NAMED_UNIT ( * ) PLANE_ANGLE_UNIT ( ) SI_UNIT ( $, .RADIAN. ) );
#3744 = DIRECTION ( 'NONE',  ( -1.000000000000000000, -0.000000000000000000, -0.000000000000000000 ) ) ;
#3745 = ORIENTED_EDGE ( 'NONE', *, *, #972, .T. ) ;
#3746 = CARTESIAN_POINT ( 'NONE',  ( -8.665000000000000924, -4.674999999999999822, -4.250000000000000888 ) ) ;
#3747 = SURFACE_STYLE_FILL_AREA ( #733 ) ;
#3748 = DIRECTION ( 'NONE',  ( 0.000000000000000000, -0.9979641717745812990, 0.06377704802100914172 ) ) ;
#3749 = DIRECTION ( 'NONE',  ( -0.000000000000000000, -0.000000000000000000, -1.000000000000000000 ) ) ;
#3750 = UNCERTAINTY_MEASURE_WITH_UNIT (LENGTH_MEASURE( 1.000000000000000082E-05 ), #4635, 'distance_accuracy_value', 'NONE');
#3751 = ORIENTED_EDGE ( 'NONE', *, *, #775, .F. ) ;
#3752 = STYLED_ITEM ( 'NONE', ( #6719 ), #2891 ) ;
#3753 =( LENGTH_UNIT ( ) NAMED_UNIT ( * ) SI_UNIT ( .MILLI., .METRE. ) );
#3754 = DIRECTION ( 'NONE',  ( -0.2193360129683985527, 0.9736631258226969843, -0.06222403738348480234 ) ) ;
#3755 = SURFACE_SIDE_STYLE ('',( #9007 ) ) ;
#3756 = CARTESIAN_POINT ( 'NONE',  ( -1.019999999999999130, -1.374999999999998890, 4.039106398383938590 ) ) ;
#3757 = ORIENTED_EDGE ( 'NONE', *, *, #7711, .T. ) ;
#3758 = EDGE_LOOP ( 'NONE', ( #7084, #1609, #7316, #8074, #9170, #10090, #4320, #6404 ) ) ;
#3759 = LINE ( 'NONE', #1306, #10324 ) ;
#3760 = EDGE_CURVE ( 'NONE', #1947, #8424, #2868, .T. ) ;
#3761 = SURFACE_STYLE_FILL_AREA ( #5064 ) ;
#3762 = LINE ( 'NONE', #9217, #3265 ) ;
#3763 = FACE_OUTER_BOUND ( 'NONE', #4761, .T. ) ;
#3764 =( NAMED_UNIT ( * ) SI_UNIT ( $, .STERADIAN. ) SOLID_ANGLE_UNIT ( ) );
#3765 = DIRECTION ( 'NONE',  ( 0.000000000000000000, -1.000000000000000000, 0.000000000000000000 ) ) ;
#3766 =( NAMED_UNIT ( * ) PLANE_ANGLE_UNIT ( ) SI_UNIT ( $, .RADIAN. ) );
#3767 = ORIENTED_EDGE ( 'NONE', *, *, #6164, .F. ) ;
#3768 = MECHANICAL_DESIGN_GEOMETRIC_PRESENTATION_REPRESENTATION (  '', ( #2495 ), #4314 ) ;
#3769 = CARTESIAN_POINT ( 'NONE',  ( -6.099999999999999645, -1.374999999999998890, -4.039106398383939478 ) ) ;
#3770 = CARTESIAN_POINT ( 'NONE',  ( -0.7419361673926183620, -1.374999999999998890, 3.823497185254836062 ) ) ;
#3771 = VERTEX_POINT ( 'NONE', #142 ) ;
#3772 = CARTESIAN_POINT ( 'NONE',  ( 4.060000000000001386, -1.374999999999998890, 4.039106398383938590 ) ) ;
#3773 = AXIS2_PLACEMENT_3D ( 'NONE', #1953, #8517, #9349 ) ;
#3774 = PRESENTATION_STYLE_ASSIGNMENT (( #708 ) ) ;
#3775 = EDGE_CURVE ( 'NONE', #4630, #8962, #8416, .T. ) ;
#3776 = VECTOR ( 'NONE', #1296, 1000.000000000000000 ) ;
#3778 = ORIENTED_EDGE ( 'NONE', *, *, #292, .T. ) ;
#3777 = DIRECTION ( 'NONE',  ( -0.000000000000000000, 0.000000000000000000, 1.000000000000000000 ) ) ;
#3779 = SURFACE_STYLE_USAGE ( .BOTH. , #4712 ) ;
#3780 = ORIENTED_EDGE ( 'NONE', *, *, #917, .T. ) ;
#3781 = ADVANCED_FACE ( 'NONE', ( #5022 ), #1833, .T. ) ;
#3782 = DIRECTION ( 'NONE',  ( 0.000000000000000000, 0.000000000000000000, 1.000000000000000000 ) ) ;
#3783 = EDGE_CURVE ( 'NONE', #8031, #4160, #9439, .T. ) ;
#3784 = FILL_AREA_STYLE_COLOUR ( '', #9156 ) ;
#3785 = DIRECTION ( 'NONE',  ( -0.000000000000000000, -0.000000000000000000, 1.000000000000000000 ) ) ;
#3786 = AXIS2_PLACEMENT_3D ( 'NONE', #3486, #9155, #4246 ) ;
#3787 = EDGE_CURVE ( 'NONE', #4350, #6228, #8159, .T. ) ;
#3788 = CARTESIAN_POINT ( 'NONE',  ( -1.019999999999999130, 0.06318885240105015511, 3.947195844781839824 ) ) ;
#3789 = VECTOR ( 'NONE', #4915, 1000.000000000000227 ) ;
#3790 =( LENGTH_UNIT ( ) NAMED_UNIT ( * ) SI_UNIT ( .MILLI., .METRE. ) );
#3791 = CARTESIAN_POINT ( 'NONE',  ( -3.210000000000000853, 0.1100000000000000006, 3.550000000000000266 ) ) ;
#3792 = AXIS2_PLACEMENT_3D ( 'NONE', #400, #436, #7785 ) ;
#3793 = EDGE_LOOP ( 'NONE', ( #3474, #2174, #7475, #679 ) ) ;
#3794 = EDGE_LOOP ( 'NONE', ( #1919, #10061, #10198, #1491 ) ) ;
#3795 = ORIENTED_EDGE ( 'NONE', *, *, #7359, .T. ) ;
#3796 = CARTESIAN_POINT ( 'NONE',  ( -5.750000000000000000, 0.1100000000000000006, -3.550000000000000266 ) ) ;
#3797 =( NAMED_UNIT ( * ) PLANE_ANGLE_UNIT ( ) SI_UNIT ( $, .RADIAN. ) );
#3798 = ADVANCED_FACE ( 'NONE', ( #10054 ), #1795, .F. ) ;
#3799 = LINE ( 'NONE', #1700, #4830 ) ;
#3800 = VECTOR ( 'NONE', #6251, 1000.000000000000000 ) ;
#3801 = ORIENTED_EDGE ( 'NONE', *, *, #8512, .F. ) ;
#3802 = LINE ( 'NONE', #9066, #925 ) ;
#3803 = EDGE_LOOP ( 'NONE', ( #9095, #7951, #7860, #1209 ) ) ;
#3804 = AXIS2_PLACEMENT_3D ( 'NONE', #1019, #4166, #9824 ) ;
#3805 = DIRECTION ( 'NONE',  ( 0.000000000000000000, -0.000000000000000000, 1.000000000000000000 ) ) ;
#3806 = DIRECTION ( 'NONE',  ( -0.000000000000000000, -0.000000000000000000, 1.000000000000000000 ) ) ;
#3807 = PRESENTATION_STYLE_ASSIGNMENT (( #4944 ) ) ;
#3808 = ORIENTED_EDGE ( 'NONE', *, *, #4104, .T. ) ;
#3809 = CARTESIAN_POINT ( 'NONE',  ( -5.750000000000000000, 0.06000000000000001166, -3.897297636193110648 ) ) ;
#3810 = DIRECTION ( 'NONE',  ( 1.000000000000000000, 0.000000000000000000, 0.000000000000000000 ) ) ;
#3811 = VECTOR ( 'NONE', #3277, 1000.000000000000000 ) ;
#3812 = DIRECTION ( 'NONE',  ( -1.000000000000000000, -0.000000000000000000, -0.000000000000000000 ) ) ;
#3813 = VECTOR ( 'NONE', #3627, 1000.000000000000000 ) ;
#3814 = UNCERTAINTY_MEASURE_WITH_UNIT (LENGTH_MEASURE( 1.000000000000000082E-05 ), #8467, 'distance_accuracy_value', 'NONE');
#3815 = VERTEX_POINT ( 'NONE', #1047 ) ;
#3816 = DIRECTION ( 'NONE',  ( -1.000000000000000000, 0.000000000000000000, 0.000000000000000000 ) ) ;
#3817 =( NAMED_UNIT ( * ) SI_UNIT ( $, .STERADIAN. ) SOLID_ANGLE_UNIT ( ) );
#3818 = DIRECTION ( 'NONE',  ( -0.000000000000000000, -0.000000000000000000, 1.000000000000000000 ) ) ;
#3819 = VECTOR ( 'NONE', #8522, 1000.000000000000000 ) ;
#3820 = LINE ( 'NONE', #7492, #8250 ) ;
#3821 = AXIS2_PLACEMENT_3D ( 'NONE', #6911, #4485, #9437 ) ;
#3822 =( NAMED_UNIT ( * ) SI_UNIT ( $, .STERADIAN. ) SOLID_ANGLE_UNIT ( ) );
#3823 = FILL_AREA_STYLE ('',( #2124 ) ) ;
#3824 = DIRECTION ( 'NONE',  ( -1.000000000000000000, 0.000000000000000000, -0.000000000000000000 ) ) ;
#3825 = DIRECTION ( 'NONE',  ( -1.000000000000000000, -0.000000000000000000, -0.000000000000000000 ) ) ;
#3826 = ORIENTED_EDGE ( 'NONE', *, *, #10409, .T. ) ;
#3827 =( NAMED_UNIT ( * ) SI_UNIT ( $, .STERADIAN. ) SOLID_ANGLE_UNIT ( ) );
#3828 = DIRECTION ( 'NONE',  ( 1.000000000000000000, 0.000000000000000000, 0.000000000000000000 ) ) ;
#3829 = CARTESIAN_POINT ( 'NONE',  ( -5.750000000000000000, 0.06318885240105015511, -3.947195844781839824 ) ) ;
#3830 = PRESENTATION_LAYER_ASSIGNMENT (  '', '', ( #281 ) ) ;
#3831 = EDGE_CURVE ( 'NONE', #1140, #4449, #2748, .T. ) ;
#3832 = VERTEX_POINT ( 'NONE', #5725 ) ;
#3833 = DIRECTION ( 'NONE',  ( 0.000000000000000000, 1.000000000000000000, 0.000000000000000000 ) ) ;
#3834 = DIRECTION ( 'NONE',  ( -0.000000000000000000, -0.000000000000000000, 1.000000000000000000 ) ) ;
#3835 = VECTOR ( 'NONE', #4828, 1000.000000000000000 ) ;
#3836 = CARTESIAN_POINT ( 'NONE',  ( 9.490000000000000213, 0.1100000000000000006, -3.550000000000000266 ) ) ;
#3837 = DIRECTION ( 'NONE',  ( 0.000000000000000000, 0.000000000000000000, 1.000000000000000000 ) ) ;
#3838 = CARTESIAN_POINT ( 'NONE',  ( 9.115000000000000213, -0.1568111475989498460, 3.745646205093807080 ) ) ;
#3839 = EDGE_CURVE ( 'NONE', #8651, #5025, #3742, .T. ) ;
#3840 =( LENGTH_UNIT ( ) NAMED_UNIT ( * ) SI_UNIT ( .MILLI., .METRE. ) );
#3841 = DIRECTION ( 'NONE',  ( -0.000000000000000000, -0.000000000000000000, 1.000000000000000000 ) ) ;
#3842 = FILL_AREA_STYLE_COLOUR ( '', #1288 ) ;
#3843 = DIRECTION ( 'NONE',  ( -0.000000000000000000, 0.000000000000000000, 1.000000000000000000 ) ) ;
#3844 = VERTEX_POINT ( 'NONE', #5762 ) ;
#3845 = LINE ( 'NONE', #2422, #10154 ) ;
#3846 = ADVANCED_FACE ( 'NONE', ( #7906 ), #5517, .T. ) ;
#3847 = MECHANICAL_DESIGN_GEOMETRIC_PRESENTATION_REPRESENTATION (  '', ( #10200 ), #93 ) ;
#3848 = VECTOR ( 'NONE', #10031, 1000.000000000000114 ) ;
#3849 = EDGE_CURVE ( 'NONE', #6485, #297, #6279, .T. ) ;
#3850 = PLANE ( 'NONE',  #9736 ) ;
#3851 = SURFACE_SIDE_STYLE ('',( #2257 ) ) ;
#3852 = EDGE_LOOP ( 'NONE', ( #280, #274, #7567, #1135 ) ) ;
#3853 = FILL_AREA_STYLE ('',( #4957 ) ) ;
#3854 = VERTEX_POINT ( 'NONE', #7387 ) ;
#3855 = CARTESIAN_POINT ( 'NONE',  ( -8.665000000000000924, -4.674999999999999822, -4.250000000000000888 ) ) ;
#3856 = EDGE_CURVE ( 'NONE', #3322, #4113, #1969, .T. ) ;
#3857 = CARTESIAN_POINT ( 'NONE',  ( 8.665000000000000924, -1.374999999999999556, -4.250000000000000888 ) ) ;
#3858 = LINE ( 'NONE', #2360, #5118 ) ;
#3859 = CARTESIAN_POINT ( 'NONE',  ( 1.870000000000000107, 0.06000000000000001166, 3.897297636193110648 ) ) ;
#3860 = ORIENTED_EDGE ( 'NONE', *, *, #1551, .F. ) ;
#3861 = ORIENTED_EDGE ( 'NONE', *, *, #5695, .T. ) ;
#3862 =( NAMED_UNIT ( * ) PLANE_ANGLE_UNIT ( ) SI_UNIT ( $, .RADIAN. ) );
#3863 = LINE ( 'NONE', #10064, #988 ) ;
#3864 = ORIENTED_EDGE ( 'NONE', *, *, #294, .F. ) ;
#3865 = AXIS2_PLACEMENT_3D ( 'NONE', #1001, #5046, #2746 ) ;
#3866 = CARTESIAN_POINT ( 'NONE',  ( -0.6700000000000004841, 0.1100000000000000006, 3.550000000000000266 ) ) ;
#3867 = VECTOR ( 'NONE', #9857, 1000.000000000000000 ) ;
#3868 =( GEOMETRIC_REPRESENTATION_CONTEXT ( 3 ) GLOBAL_UNCERTAINTY_ASSIGNED_CONTEXT ( ( #2335 ) ) GLOBAL_UNIT_ASSIGNED_CONTEXT ( ( #7744, #7993, #2239 ) ) REPRESENTATION_CONTEXT ( 'NONE', 'WORKASPACE' ) );
#3869 = SURFACE_STYLE_USAGE ( .BOTH. , #4732 ) ;
#3870 = ORIENTED_EDGE ( 'NONE', *, *, #10287, .T. ) ;
#3871 = VECTOR ( 'NONE', #5852, 1000.000000000000000 ) ;
#3872 = CARTESIAN_POINT ( 'NONE',  ( 4.410000000000000142, -4.674999999999999822, 4.034390786870895695 ) ) ;
#3873 = DIRECTION ( 'NONE',  ( -0.000000000000000000, 1.000000000000000000, -0.000000000000000000 ) ) ;
#3874 = VECTOR ( 'NONE', #950, 1000.000000000000000 ) ;
#3876 = CARTESIAN_POINT ( 'NONE',  ( 9.115000000000000213, 0.000000000000000000, -4.250000000000000888 ) ) ;
#3875 = CARTESIAN_POINT ( 'NONE',  ( -0.6700000000000004841, -0.1100000000000000006, -3.550000000000000266 ) ) ;
#3877 = STYLED_ITEM ( 'NONE', ( #10105 ), #2195 ) ;
#3878 = MECHANICAL_DESIGN_GEOMETRIC_PRESENTATION_REPRESENTATION (  '', ( #2260 ), #666 ) ;
#3879 = VERTEX_POINT ( 'NONE', #8368 ) ;
#3880 = VERTEX_POINT ( 'NONE', #2003 ) ;
#3881 = SURFACE_STYLE_FILL_AREA ( #6258 ) ;
#3882 = CARTESIAN_POINT ( 'NONE',  ( 3.210000000000000853, -1.055665328710549522, -4.250000000000000888 ) ) ;
#3883 = CARTESIAN_POINT ( 'NONE',  ( 4.410000000000000142, -0.1100000000000000006, -3.550000000000000266 ) ) ;
#3884 =( NAMED_UNIT ( * ) SI_UNIT ( $, .STERADIAN. ) SOLID_ANGLE_UNIT ( ) );
#3885 = ORIENTED_EDGE ( 'NONE', *, *, #6715, .T. ) ;
#3886 = ADVANCED_FACE ( 'NONE', ( #1214 ), #1902, .F. ) ;
#3887 = LINE ( 'NONE', #1765, #1368 ) ;
#3888 = SURFACE_STYLE_USAGE ( .BOTH. , #567 ) ;
#3889 = VERTEX_POINT ( 'NONE', #410 ) ;
#3890 = ORIENTED_EDGE ( 'NONE', *, *, #1270, .F. ) ;
#3891 = DIRECTION ( 'NONE',  ( 0.000000000000000000, 1.000000000000000000, 0.000000000000000000 ) ) ;
#3892 = FILL_AREA_STYLE_COLOUR ( '', #2144 ) ;
#3893 = PLANE ( 'NONE',  #4147 ) ;
#3894 = DIRECTION ( 'NONE',  ( -0.9848077530122081313, 0.1736481776669303867, 2.406153702076403668E-16 ) ) ;
#3895 = ADVANCED_FACE ( 'NONE', ( #3483 ), #7616, .F. ) ;
#3896 = LINE ( 'NONE', #3857, #4152 ) ;
#3897 = VERTEX_POINT ( 'NONE', #2764 ) ;
#3898 = EDGE_CURVE ( 'NONE', #8106, #3249, #6789, .T. ) ;
#3899 = EDGE_CURVE ( 'NONE', #9718, #7080, #246, .T. ) ;
#3900 = CARTESIAN_POINT ( 'NONE',  ( -5.510082317812836195, 0.009362694809449371644, 3.950635721216884111 ) ) ;
#3901 = SURFACE_STYLE_USAGE ( .BOTH. , #6285 ) ;
#3902 = LINE ( 'NONE', #9615, #7949 ) ;
#3903 =( LENGTH_UNIT ( ) NAMED_UNIT ( * ) SI_UNIT ( .MILLI., .METRE. ) );
#3904 = DIRECTION ( 'NONE',  ( -1.000000000000000000, -0.000000000000000000, -0.000000000000000000 ) ) ;
#3905 = ORIENTED_EDGE ( 'NONE', *, *, #1091, .F. ) ;
#3906 = PRESENTATION_LAYER_ASSIGNMENT (  '', '', ( #10200 ) ) ;
#3907 = EDGE_CURVE ( 'NONE', #4285, #10068, #1705, .T. ) ;
#3908 = CARTESIAN_POINT ( 'NONE',  ( -3.210000000000000853, 0.1100000000000000006, 3.550000000000000266 ) ) ;
#3910 = SURFACE_SIDE_STYLE ('',( #6738 ) ) ;
#3909 = DIRECTION ( 'NONE',  ( 0.000000000000000000, 0.000000000000000000, 1.000000000000000000 ) ) ;
#3911 = ORIENTED_EDGE ( 'NONE', *, *, #7703, .T. ) ;
#3912 = ORIENTED_EDGE ( 'NONE', *, *, #1098, .F. ) ;
#3913 =( LENGTH_UNIT ( ) NAMED_UNIT ( * ) SI_UNIT ( .MILLI., .METRE. ) );
#3914 = ORIENTED_EDGE ( 'NONE', *, *, #7750, .T. ) ;
#3915 = EDGE_CURVE ( 'NONE', #9677, #7013, #2219, .T. ) ;
#3916 = LINE ( 'NONE', #6365, #4168 ) ;
#3917 = SURFACE_STYLE_FILL_AREA ( #7304 ) ;
#3918 = CARTESIAN_POINT ( 'NONE',  ( 9.115000000000000213, 0.1100000000000000006, -3.897297636193110648 ) ) ;
#3919 = CARTESIAN_POINT ( 'NONE',  ( 4.410000000000000142, -1.374999999999998668, -3.823497185254834729 ) ) ;
#3920 = VECTOR ( 'NONE', #8317, 1000.000000000000000 ) ;
#3921 = ORIENTED_EDGE ( 'NONE', *, *, #4801, .T. ) ;
#3922 = VECTOR ( 'NONE', #7873, 1000.000000000000000 ) ;
#3923 = FILL_AREA_STYLE ('',( #8773 ) ) ;
#3924 = EDGE_CURVE ( 'NONE', #8740, #5137, #5903, .T. ) ;
#3925 = DIRECTION ( 'NONE',  ( 0.000000000000000000, -0.000000000000000000, 1.000000000000000000 ) ) ;
#3926 = MECHANICAL_DESIGN_GEOMETRIC_PRESENTATION_REPRESENTATION (  '', ( #7524 ), #6104 ) ;
#3927 = DIRECTION ( 'NONE',  ( -0.9245508909688874288, -0.3810585913066867891, 0.000000000000000000 ) ) ;
#3928 = STYLED_ITEM ( 'NONE', ( #1048 ), #8347 ) ;
#3929 = VECTOR ( 'NONE', #3246, 1000.000000000000000 ) ;
#3930 = PRESENTATION_STYLE_ASSIGNMENT (( #5788 ) ) ;
#3931 = ORIENTED_EDGE ( 'NONE', *, *, #5427, .F. ) ;
#3932 = SURFACE_SIDE_STYLE ('',( #8204 ) ) ;
#3933 = LINE ( 'NONE', #7544, #4964 ) ;
#3934 = MECHANICAL_DESIGN_GEOMETRIC_PRESENTATION_REPRESENTATION (  '', ( #4281 ), #5703 ) ;
#3935 = FACE_OUTER_BOUND ( 'NONE', #8342, .T. ) ;
#3936 = ORIENTED_EDGE ( 'NONE', *, *, #4519, .T. ) ;
#3937 = CARTESIAN_POINT ( 'NONE',  ( -9.882742557828871455, 0.7750000000000000222, 0.5241992011858075395 ) ) ;
#3938 = DIRECTION ( 'NONE',  ( -1.000000000000000000, 0.000000000000000000, -0.000000000000000000 ) ) ;
#3939 = DIRECTION ( 'NONE',  ( -1.000000000000000000, -0.000000000000000000, -0.000000000000000000 ) ) ;
#3940 = CARTESIAN_POINT ( 'NONE',  ( -4.410000000000001030, 0.06000000000000001166, 3.897297636193110648 ) ) ;
#3941 = VECTOR ( 'NONE', #919, 1000.000000000000000 ) ;
#3942 = EDGE_LOOP ( 'NONE', ( #7940, #997, #7466, #9131 ) ) ;
#3943 = DIRECTION ( 'NONE',  ( 0.000000000000000000, 0.000000000000000000, 1.000000000000000000 ) ) ;
#3944 = DIRECTION ( 'NONE',  ( 0.000000000000000000, 0.000000000000000000, 1.000000000000000000 ) ) ;
#3945 = UNCERTAINTY_MEASURE_WITH_UNIT (LENGTH_MEASURE( 1.000000000000000082E-05 ), #8377, 'distance_accuracy_value', 'NONE');
#3946 = PLANE ( 'NONE',  #9598 ) ;
#3947 = STYLED_ITEM ( 'NONE', ( #5135 ), #9834 ) ;
#3948 = DIRECTION ( 'NONE',  ( 0.9848077530122081313, -0.1736481776669303867, -2.406153702076403668E-16 ) ) ;
#3949 = ORIENTED_EDGE ( 'NONE', *, *, #9264, .T. ) ;
#3950 =( LENGTH_UNIT ( ) NAMED_UNIT ( * ) SI_UNIT ( .MILLI., .METRE. ) );
#3951 = PRESENTATION_LAYER_ASSIGNMENT (  '', '', ( #3205 ) ) ;
#3952 = DIRECTION ( 'NONE',  ( 0.000000000000000000, 0.000000000000000000, -1.000000000000000000 ) ) ;
#3953 = VECTOR ( 'NONE', #3490, 1000.000000000000000 ) ;
#3954 = ADVANCED_FACE ( 'NONE', ( #10042 ), #1376, .F. ) ;
#3955 = ORIENTED_EDGE ( 'NONE', *, *, #3380, .F. ) ;
#3956 = DIRECTION ( 'NONE',  ( 0.000000000000000000, 0.000000000000000000, -1.000000000000000000 ) ) ;
#3957 = VERTEX_POINT ( 'NONE', #1264 ) ;
#3958 =( GEOMETRIC_REPRESENTATION_CONTEXT ( 3 ) GLOBAL_UNCERTAINTY_ASSIGNED_CONTEXT ( ( #8146 ) ) GLOBAL_UNIT_ASSIGNED_CONTEXT ( ( #3465, #1850, #2644 ) ) REPRESENTATION_CONTEXT ( 'NONE', 'WORKASPACE' ) );
#3959 = FILL_AREA_STYLE ('',( #3671 ) ) ;
#3960 = DIRECTION ( 'NONE',  ( 0.000000000000000000, 0.000000000000000000, 1.000000000000000000 ) ) ;
#3961 = COLOUR_RGB ( '',0.7529411764705882248, 0.7529411764705882248, 0.7529411764705882248 ) ;
#3962 = DIRECTION ( 'NONE',  ( 0.000000000000000000, 0.000000000000000000, -1.000000000000000000 ) ) ;
#3963 = VECTOR ( 'NONE', #2343, 1000.000000000000000 ) ;
#3964 = LINE ( 'NONE', #6313, #5105 ) ;
#3965 = COLOUR_RGB ( '',0.7529411764705882248, 0.7529411764705882248, 0.7529411764705882248 ) ;
#3966 =( NAMED_UNIT ( * ) PLANE_ANGLE_UNIT ( ) SI_UNIT ( $, .RADIAN. ) );
#3967 = ORIENTED_EDGE ( 'NONE', *, *, #3177, .F. ) ;
#3968 = EDGE_CURVE ( 'NONE', #3178, #1459, #5383, .T. ) ;
#3969 = DIRECTION ( 'NONE',  ( 0.000000000000000000, 0.000000000000000000, -1.000000000000000000 ) ) ;
#3970 = CARTESIAN_POINT ( 'NONE',  ( -9.999999999999998224, 0.1100000000000000006, 3.550000000000000266 ) ) ;
#3971 = CIRCLE ( 'NONE', #457, 0.04999999999999969746 ) ;
#3972 = CARTESIAN_POINT ( 'NONE',  ( 0.000000000000000000, -0.7750000000000000222, 0.000000000000000000 ) ) ;
#3973 =( NAMED_UNIT ( * ) SI_UNIT ( $, .STERADIAN. ) SOLID_ANGLE_UNIT ( ) );
#3974 = VERTEX_POINT ( 'NONE', #3695 ) ;
#3975 = AXIS2_PLACEMENT_3D ( 'NONE', #1988, #9203, #4355 ) ;
#3976 = SURFACE_STYLE_USAGE ( .BOTH. , #8789 ) ;
#3977 = LINE ( 'NONE', #2067, #7757 ) ;
#3978 = CARTESIAN_POINT ( 'NONE',  ( 6.600000000000001421, -1.374999999999998890, 3.823497185254835173 ) ) ;
#3979 = FILL_AREA_STYLE_COLOUR ( '', #7364 ) ;
#3980 = EDGE_CURVE ( 'NONE', #10067, #7213, #5133, .T. ) ;
#3981 = LINE ( 'NONE', #6089, #10164 ) ;
#3982 = VECTOR ( 'NONE', #1240, 1000.000000000000000 ) ;
#3983 = PLANE ( 'NONE',  #8182 ) ;
#3984 = PLANE ( 'NONE',  #519 ) ;
#3985 = ORIENTED_EDGE ( 'NONE', *, *, #434, .T. ) ;
#3986 = ORIENTED_EDGE ( 'NONE', *, *, #1098, .T. ) ;
#3987 = EDGE_CURVE ( 'NONE', #4160, #1521, #1960, .T. ) ;
#3988 = ORIENTED_EDGE ( 'NONE', *, *, #6982, .T. ) ;
#3989 = AXIS2_PLACEMENT_3D ( 'NONE', #3587, #1200, #6078 ) ;
#3990 = EDGE_CURVE ( 'NONE', #6887, #9716, #7893, .T. ) ;
#3991 = LINE ( 'NONE', #7861, #4492 ) ;
#3992 =( NAMED_UNIT ( * ) SI_UNIT ( $, .STERADIAN. ) SOLID_ANGLE_UNIT ( ) );
#3993 = CARTESIAN_POINT ( 'NONE',  ( 4.410000000000000142, 0.1099999999999998618, -3.897297636193110648 ) ) ;
#3994 = VECTOR ( 'NONE', #3825, 1000.000000000000000 ) ;
#3995 = FACE_OUTER_BOUND ( 'NONE', #2186, .T. ) ;
#3996 = STYLED_ITEM ( 'NONE', ( #4704 ), #7813 ) ;
#3997 = DIRECTION ( 'NONE',  ( 0.000000000000000000, 0.000000000000000000, 1.000000000000000000 ) ) ;
#3998 = FILL_AREA_STYLE_COLOUR ( '', #1077 ) ;
#3999 = ORIENTED_EDGE ( 'NONE', *, *, #9536, .F. ) ;
#4000 =( GEOMETRIC_REPRESENTATION_CONTEXT ( 3 ) GLOBAL_UNCERTAINTY_ASSIGNED_CONTEXT ( ( #5911 ) ) GLOBAL_UNIT_ASSIGNED_CONTEXT ( ( #3840, #8761, #7141 ) ) REPRESENTATION_CONTEXT ( 'NONE', 'WORKASPACE' ) );
#4001 = CARTESIAN_POINT ( 'NONE',  ( -0.6700000000000004841, -4.674999999999999822, -4.034390786870895695 ) ) ;
#4002 = VERTEX_POINT ( 'NONE', #8535 ) ;
#4003 = COLOUR_RGB ( '',0.7529411764705882248, 0.7529411764705882248, 0.7529411764705882248 ) ;
#4004 = LINE ( 'NONE', #8056, #10187 ) ;
#4005 = CARTESIAN_POINT ( 'NONE',  ( 6.949999999999999289, -4.674999999999999822, 4.034390786870895695 ) ) ;
#4006 = UNCERTAINTY_MEASURE_WITH_UNIT (LENGTH_MEASURE( 1.000000000000000082E-05 ), #5937, 'distance_accuracy_value', 'NONE');
#4007 = ADVANCED_FACE ( 'NONE', ( #7775 ), #8289, .F. ) ;
#4008 = ORIENTED_EDGE ( 'NONE', *, *, #1597, .F. ) ;
#4009 = ORIENTED_EDGE ( 'NONE', *, *, #107, .F. ) ;
#4010 = ORIENTED_EDGE ( 'NONE', *, *, #2210, .F. ) ;
#4011 = FACE_OUTER_BOUND ( 'NONE', #664, .T. ) ;
#4012 = PRESENTATION_LAYER_ASSIGNMENT (  '', '', ( #8681 ) ) ;
#4013 = CARTESIAN_POINT ( 'NONE',  ( 0.6700000000000004841, -0.1100000000000000006, 3.550000000000000266 ) ) ;
#4014 = VERTEX_POINT ( 'NONE', #9365 ) ;
#4015 = CARTESIAN_POINT ( 'NONE',  ( 5.750000000000000000, -0.1568111475989498460, -3.745646205093807080 ) ) ;
#4016 = MECHANICAL_DESIGN_GEOMETRIC_PRESENTATION_REPRESENTATION (  '', ( #6737 ), #7652 ) ;
#4017 = CARTESIAN_POINT ( 'NONE',  ( 9.490000000000000213, 0.1099999999999998618, 3.897297636193110648 ) ) ;
#4018 = CARTESIAN_POINT ( 'NONE',  ( 8.290000000000000924, -0.1100000000000000006, 3.550000000000000266 ) ) ;
#4019 =( LENGTH_UNIT ( ) NAMED_UNIT ( * ) SI_UNIT ( .MILLI., .METRE. ) );
#4020 = VERTEX_POINT ( 'NONE', #3770 ) ;
#4021 = VERTEX_POINT ( 'NONE', #2477 ) ;
#4022 = CARTESIAN_POINT ( 'NONE',  ( -5.750000000000000000, -0.1568111475989498460, 3.745646205093807080 ) ) ;
#4023 = VECTOR ( 'NONE', #4479, 1000.000000000000000 ) ;
#4024 = UNCERTAINTY_MEASURE_WITH_UNIT (LENGTH_MEASURE( 1.000000000000000082E-05 ), #3157, 'distance_accuracy_value', 'NONE');
#4025 = CARTESIAN_POINT ( 'NONE',  ( 8.665000000000000924, -1.374999999999999556, -4.039106398383939478 ) ) ;
#4026 = CARTESIAN_POINT ( 'NONE',  ( -9.207097143600909916, 0.5749999999999999556, -4.336808689942017736E-16 ) ) ;
#4027 = AXIS2_PLACEMENT_3D ( 'NONE', #7953, #2240, #3128 ) ;
#4028 = AXIS2_PLACEMENT_3D ( 'NONE', #1017, #8147, #3386 ) ;
#4029 = VECTOR ( 'NONE', #6545, 1000.000000000000000 ) ;
#4030 = SURFACE_STYLE_FILL_AREA ( #4995 ) ;
#4032 = VERTEX_POINT ( 'NONE', #9428 ) ;
#4031 = DIRECTION ( 'NONE',  ( -0.000000000000000000, -0.000000000000000000, 1.000000000000000000 ) ) ;
#4033 = FILL_AREA_STYLE ('',( #7283 ) ) ;
#4034 = DIRECTION ( 'NONE',  ( -0.000000000000000000, -0.000000000000000000, 1.000000000000000000 ) ) ;
#4035 = ORIENTED_EDGE ( 'NONE', *, *, #9754, .F. ) ;
#4036 = EDGE_CURVE ( 'NONE', #4460, #2090, #2476, .T. ) ;
#4037 =( LENGTH_UNIT ( ) NAMED_UNIT ( * ) SI_UNIT ( .MILLI., .METRE. ) );
#4038 = COLOUR_RGB ( '',0.7529411764705882248, 0.7529411764705882248, 0.7529411764705882248 ) ;
#4039 = CARTESIAN_POINT ( 'NONE',  ( 1.870000000000000107, -4.674999999999998934, -4.250000000000000888 ) ) ;
#4040 = EDGE_CURVE ( 'NONE', #7415, #4740, #6150, .T. ) ;
#4041 = CARTESIAN_POINT ( 'NONE',  ( -9.999999999999998224, 0.1100000000000000006, 3.550000000000000266 ) ) ;
#4042 = ORIENTED_EDGE ( 'NONE', *, *, #10423, .F. ) ;
#4043 = EDGE_LOOP ( 'NONE', ( #4042, #6656, #388, #6846 ) ) ;
#4044 = DIRECTION ( 'NONE',  ( 0.000000000000000000, -1.000000000000000000, 0.000000000000000000 ) ) ;
#4045 = FILL_AREA_STYLE ('',( #4808 ) ) ;
#4046 = AXIS2_PLACEMENT_3D ( 'NONE', #2712, #2606, #2753 ) ;
#4047 = PLANE ( 'NONE',  #9080 ) ;
#4048 = VECTOR ( 'NONE', #8362, 1000.000000000000000 ) ;
#4049 =( NAMED_UNIT ( * ) PLANE_ANGLE_UNIT ( ) SI_UNIT ( $, .RADIAN. ) );
#4050 =( GEOMETRIC_REPRESENTATION_CONTEXT ( 3 ) GLOBAL_UNCERTAINTY_ASSIGNED_CONTEXT ( ( #7561 ) ) GLOBAL_UNIT_ASSIGNED_CONTEXT ( ( #4242, #9989, #210 ) ) REPRESENTATION_CONTEXT ( 'NONE', 'WORKASPACE' ) );
#4051 = ORIENTED_EDGE ( 'NONE', *, *, #1818, .F. ) ;
#4052 = FACE_OUTER_BOUND ( 'NONE', #8040, .T. ) ;
#4053 = ADVANCED_FACE ( 'NONE', ( #3995 ), #2628, .F. ) ;
#4054 = EDGE_CURVE ( 'NONE', #10347, #1201, #4616, .T. ) ;
#4055 = ORIENTED_EDGE ( 'NONE', *, *, #6921, .T. ) ;
#4056 = PLANE ( 'NONE',  #5324 ) ;
#4057 = CARTESIAN_POINT ( 'NONE',  ( -3.210000000000000853, -0.1100000000000000006, 3.550000000000000266 ) ) ;
#4058 = CARTESIAN_POINT ( 'NONE',  ( 1.520000000000000462, -1.374999999999998890, -4.250000000000000888 ) ) ;
#4059 = SURFACE_STYLE_USAGE ( .BOTH. , #8119 ) ;
#4060 = SURFACE_STYLE_FILL_AREA ( #4720 ) ;
#4061 = EDGE_CURVE ( 'NONE', #4437, #8098, #4755, .T. ) ;
#4062 = DIRECTION ( 'NONE',  ( -1.000000000000000000, -0.000000000000000000, -0.000000000000000000 ) ) ;
#4063 = FACE_OUTER_BOUND ( 'NONE', #4302, .T. ) ;
#4064 = VERTEX_POINT ( 'NONE', #1769 ) ;
#4065 = CARTESIAN_POINT ( 'NONE',  ( 6.878063832607382189, -1.374999999999998668, -3.823497185254835173 ) ) ;
#4066 = CARTESIAN_POINT ( 'NONE',  ( -4.410000000000001030, -1.055665328710542195, 4.018698629005418965 ) ) ;
#4067 = VERTEX_POINT ( 'NONE', #218 ) ;
#4068 = SURFACE_SIDE_STYLE ('',( #5182 ) ) ;
#4069 = STYLED_ITEM ( 'NONE', ( #9917 ), #906 ) ;
#4070 = DIRECTION ( 'NONE',  ( -0.000000000000000000, -1.000000000000000000, -0.000000000000000000 ) ) ;
#4071 = VECTOR ( 'NONE', #2869, 1000.000000000000000 ) ;
#4072 = CARTESIAN_POINT ( 'NONE',  ( -8.290000000000000924, 0.1099999999999998618, 3.897297636193110648 ) ) ;
#4073 = DIRECTION ( 'NONE',  ( -0.000000000000000000, 0.000000000000000000, 1.000000000000000000 ) ) ;
#4074 = FACE_OUTER_BOUND ( 'NONE', #942, .T. ) ;
#4075 = UNCERTAINTY_MEASURE_WITH_UNIT (LENGTH_MEASURE( 1.000000000000000082E-05 ), #2163, 'distance_accuracy_value', 'NONE');
#4076 = SURFACE_SIDE_STYLE ('',( #2800 ) ) ;
#4077 = ORIENTED_EDGE ( 'NONE', *, *, #6169, .T. ) ;
#4078 = DIRECTION ( 'NONE',  ( 0.000000000000000000, 1.000000000000000000, 0.000000000000000000 ) ) ;
#4079 = SURFACE_STYLE_USAGE ( .BOTH. , #8921 ) ;
#4080 = FILL_AREA_STYLE_COLOUR ( '', #4038 ) ;
#4081 = VECTOR ( 'NONE', #7322, 1000.000000000000000 ) ;
#4082 = LINE ( 'NONE', #5236, #2984 ) ;
#4083 = AXIS2_PLACEMENT_3D ( 'NONE', #3702, #6125, #8405 ) ;
#4084 = PLANE ( 'NONE',  #9417 ) ;
#4085 = DIRECTION ( 'NONE',  ( -1.000000000000000000, -0.000000000000000000, -0.000000000000000000 ) ) ;
#4086 = DIRECTION ( 'NONE',  ( -0.000000000000000000, 0.000000000000000000, 1.000000000000000000 ) ) ;
#4087 = ORIENTED_EDGE ( 'NONE', *, *, #6431, .F. ) ;
#4088 = FACE_OUTER_BOUND ( 'NONE', #528, .T. ) ;
#4089 = CARTESIAN_POINT ( 'NONE',  ( -8.290000000000000924, 0.06000000000000001166, 3.897297636193110648 ) ) ;
#4090 = DIRECTION ( 'NONE',  ( -1.000000000000000000, -0.000000000000000000, 0.000000000000000000 ) ) ;
#4091 = CARTESIAN_POINT ( 'NONE',  ( -1.019999999999999130, -1.374999999999998890, -4.250000000000000888 ) ) ;
#4092 = AXIS2_PLACEMENT_3D ( 'NONE', #3883, #4672, #5479 ) ;
#4093 = DIRECTION ( 'NONE',  ( -1.000000000000000000, -0.000000000000000000, -0.000000000000000000 ) ) ;
#4094 = ORIENTED_EDGE ( 'NONE', *, *, #7885, .T. ) ;
#4095 = DIRECTION ( 'NONE',  ( -1.000000000000000000, -0.000000000000000000, -0.000000000000000000 ) ) ;
#4096 = SURFACE_STYLE_FILL_AREA ( #5041 ) ;
#4097 = CARTESIAN_POINT ( 'NONE',  ( -3.559999999999999165, -1.374999999999998890, -4.250000000000000888 ) ) ;
#4098 = LINE ( 'NONE', #3532, #4353 ) ;
#4099 = PRESENTATION_STYLE_ASSIGNMENT (( #8544 ) ) ;
#4100 = EDGE_CURVE ( 'NONE', #3889, #2381, #8796, .T. ) ;
#4101 = CARTESIAN_POINT ( 'NONE',  ( -0.6700000000000004841, -0.1568111475989498460, 3.745646205093807080 ) ) ;
#4102 = CARTESIAN_POINT ( 'NONE',  ( -7.973139281051459193, -0.2868757863665514773, -3.753958265733986277 ) ) ;
#4103 = ORIENTED_EDGE ( 'NONE', *, *, #2582, .F. ) ;
#4104 = EDGE_CURVE ( 'NONE', #473, #7844, #8525, .T. ) ;
#4105 =( LENGTH_UNIT ( ) NAMED_UNIT ( * ) SI_UNIT ( .MILLI., .METRE. ) );
#4106 = ORIENTED_EDGE ( 'NONE', *, *, #2551, .T. ) ;
#4107 = ADVANCED_FACE ( 'NONE', ( #1830 ), #8307, .F. ) ;
#4108 = CARTESIAN_POINT ( 'NONE',  ( -0.6700000000000004841, 0.06318885240105015511, -3.947195844781839824 ) ) ;
#4109 = VECTOR ( 'NONE', #5405, 1000.000000000000000 ) ;
#4110 = DIRECTION ( 'NONE',  ( -0.2193360129683985249, 0.9736631258226969843, 0.06222403738348531582 ) ) ;
#4111 = CARTESIAN_POINT ( 'NONE',  ( 6.949999999999999289, 0.1100000000000000006, -3.550000000000000266 ) ) ;
#4112 = MECHANICAL_DESIGN_GEOMETRIC_PRESENTATION_REPRESENTATION (  '', ( #2086 ), #2499 ) ;
#4113 = VERTEX_POINT ( 'NONE', #4252 ) ;
#4114 = ORIENTED_EDGE ( 'NONE', *, *, #9125, .F. ) ;
#4115 = CARTESIAN_POINT ( 'NONE',  ( -3.281936167392618398, -1.374999999999998890, -4.250000000000000888 ) ) ;
#4116 = EDGE_LOOP ( 'NONE', ( #3284, #10171, #6701, #4671 ) ) ;
#4117 = EDGE_CURVE ( 'NONE', #9094, #1038, #2598, .T. ) ;
#4118 = DIRECTION ( 'NONE',  ( 0.000000000000000000, 0.000000000000000000, -1.000000000000000000 ) ) ;
#4119 = DIRECTION ( 'NONE',  ( -0.000000000000000000, 0.000000000000000000, 1.000000000000000000 ) ) ;
#4120 = FILL_AREA_STYLE ('',( #944 ) ) ;
#4121 = VECTOR ( 'NONE', #8703, 1000.000000000000000 ) ;
#4122 = CARTESIAN_POINT ( 'NONE',  ( 6.949999999999999289, 0.1100000000000000006, -3.550000000000000266 ) ) ;
#4123 = PRESENTATION_STYLE_ASSIGNMENT (( #284 ) ) ;
#4124 = EDGE_CURVE ( 'NONE', #6770, #737, #3220, .T. ) ;
#4125 = ORIENTED_EDGE ( 'NONE', *, *, #495, .T. ) ;
#4126 = VECTOR ( 'NONE', #3600, 1000.000000000000000 ) ;
#4127 = DIRECTION ( 'NONE',  ( 0.000000000000000000, -0.9979641717745812990, 0.06377704802100926662 ) ) ;
#4128 = COLOUR_RGB ( '',0.7529411764705882248, 0.7529411764705882248, 0.7529411764705882248 ) ;
#4129 = AXIS2_PLACEMENT_3D ( 'NONE', #53, #6213, #1362 ) ;
#4130 = LINE ( 'NONE', #7268, #9331 ) ;
#4131 = PLANE ( 'NONE',  #5745 ) ;
#4132 = AXIS2_PLACEMENT_3D ( 'NONE', #9856, #881, #1762 ) ;
#4133 = DIRECTION ( 'NONE',  ( 0.000000000000000000, 1.000000000000000000, 0.000000000000000000 ) ) ;
#4134 = DIRECTION ( 'NONE',  ( 0.000000000000000000, 0.000000000000000000, 1.000000000000000000 ) ) ;
#4135 = UNCERTAINTY_MEASURE_WITH_UNIT (LENGTH_MEASURE( 1.000000000000000082E-05 ), #5834, 'distance_accuracy_value', 'NONE');
#4136 = ORIENTED_EDGE ( 'NONE', *, *, #4505, .T. ) ;
#4137 = EDGE_LOOP ( 'NONE', ( #1302, #7765, #9551, #3558 ) ) ;
#4138 = LINE ( 'NONE', #1377, #4652 ) ;
#4139 = ORIENTED_EDGE ( 'NONE', *, *, #10210, .F. ) ;
#4140 =( NAMED_UNIT ( * ) PLANE_ANGLE_UNIT ( ) SI_UNIT ( $, .RADIAN. ) );
#4141 = FACE_OUTER_BOUND ( 'NONE', #2389, .T. ) ;
#4142 = LINE ( 'NONE', #7137, #10331 ) ;
#4143 = VECTOR ( 'NONE', #7340, 1000.000000000000000 ) ;
#4144 = MECHANICAL_DESIGN_GEOMETRIC_PRESENTATION_REPRESENTATION (  '', ( #9966 ), #2183 ) ;
#4145 = EDGE_LOOP ( 'NONE', ( #9611, #1364, #7796, #140 ) ) ;
#4146 = ORIENTED_EDGE ( 'NONE', *, *, #5193, .F. ) ;
#4147 = AXIS2_PLACEMENT_3D ( 'NONE', #8069, #5667, #853 ) ;
#4148 = SURFACE_STYLE_USAGE ( .BOTH. , #6606 ) ;
#4149 = VECTOR ( 'NONE', #8649, 1000.000000000000000 ) ;
#4150 = LINE ( 'NONE', #7498, #6053 ) ;
#4151 =( NAMED_UNIT ( * ) SI_UNIT ( $, .STERADIAN. ) SOLID_ANGLE_UNIT ( ) );
#4152 = VECTOR ( 'NONE', #6307, 1000.000000000000000 ) ;
#4153 = ORIENTED_EDGE ( 'NONE', *, *, #7314, .T. ) ;
#4154 = DIRECTION ( 'NONE',  ( -0.000000000000000000, 1.000000000000000000, -0.000000000000000000 ) ) ;
#4155 = STYLED_ITEM ( 'NONE', ( #3135 ), #2738 ) ;
#4156 = ADVANCED_FACE ( 'NONE', ( #7023 ), #3591, .F. ) ;
#4157 = CARTESIAN_POINT ( 'NONE',  ( -5.750000000000000000, -1.374999999999998890, -4.039106398383939478 ) ) ;
#4158 = LINE ( 'NONE', #1274, #7689 ) ;
#4159 = LINE ( 'NONE', #6273, #6844 ) ;
#4160 = VERTEX_POINT ( 'NONE', #490 ) ;
#4161 = VERTEX_POINT ( 'NONE', #3632 ) ;
#4162 = PLANE ( 'NONE',  #9019 ) ;
#4163 = DIRECTION ( 'NONE',  ( -1.000000000000000000, 0.000000000000000000, -0.000000000000000000 ) ) ;
#4164 = ORIENTED_EDGE ( 'NONE', *, *, #6853, .F. ) ;
#4165 = EDGE_CURVE ( 'NONE', #5505, #9523, #731, .T. ) ;
#4166 = DIRECTION ( 'NONE',  ( -1.000000000000000000, -0.000000000000000000, -0.000000000000000000 ) ) ;
#4167 =( LENGTH_UNIT ( ) NAMED_UNIT ( * ) SI_UNIT ( .MILLI., .METRE. ) );
#4168 = VECTOR ( 'NONE', #4847, 1000.000000000000000 ) ;
#4169 = VECTOR ( 'NONE', #970, 1000.000000000000000 ) ;
#4170 = CIRCLE ( 'NONE', #717, 0.05000000000000012768 ) ;
#4171 = MECHANICAL_DESIGN_GEOMETRIC_PRESENTATION_REPRESENTATION (  '', ( #281 ), #9794 ) ;
#4172 = EDGE_CURVE ( 'NONE', #2733, #9136, #5373, .T. ) ;
#4173 = CARTESIAN_POINT ( 'NONE',  ( -1.870000000000000107, 0.1100000000000000006, -3.550000000000000266 ) ) ;
#4174 = PLANE ( 'NONE',  #3700 ) ;
#4175 = ORIENTED_EDGE ( 'NONE', *, *, #2510, .T. ) ;
#4176 =( LENGTH_UNIT ( ) NAMED_UNIT ( * ) SI_UNIT ( .MILLI., .METRE. ) );
#4177 = EDGE_CURVE ( 'NONE', #5561, #6688, #1329, .T. ) ;
#4178 = LINE ( 'NONE', #9102, #300 ) ;
#4179 = LINE ( 'NONE', #5578, #8224 ) ;
#4180 =( NAMED_UNIT ( * ) PLANE_ANGLE_UNIT ( ) SI_UNIT ( $, .RADIAN. ) );
#4181 = LINE ( 'NONE', #7714, #1529 ) ;
#4182 = CARTESIAN_POINT ( 'NONE',  ( -4.410000000000001030, 0.06318885240105015511, 3.947195844781839824 ) ) ;
#4183 = VERTEX_POINT ( 'NONE', #5165 ) ;
#4184 =( NAMED_UNIT ( * ) SI_UNIT ( $, .STERADIAN. ) SOLID_ANGLE_UNIT ( ) );
#4185 = DIRECTION ( 'NONE',  ( 1.000000000000000000, 0.000000000000000000, -0.000000000000000000 ) ) ;
#4186 = EDGE_CURVE ( 'NONE', #893, #473, #6910, .T. ) ;
#4187 = CARTESIAN_POINT ( 'NONE',  ( 4.060000000000001386, 0.06318885240105015511, 3.947195844781839824 ) ) ;
#4188 = MECHANICAL_DESIGN_GEOMETRIC_PRESENTATION_REPRESENTATION (  '', ( #2573 ), #5279 ) ;
#4189 = EDGE_CURVE ( 'NONE', #3880, #9013, #850, .T. ) ;
#4190 = DIRECTION ( 'NONE',  ( 0.000000000000000000, 0.000000000000000000, 1.000000000000000000 ) ) ;
#4191 = ORIENTED_EDGE ( 'NONE', *, *, #9185, .T. ) ;
#4192 = FACE_OUTER_BOUND ( 'NONE', #1671, .T. ) ;
#4193 = AXIS2_PLACEMENT_3D ( 'NONE', #6257, #7001, #2147 ) ;
#4194 = LINE ( 'NONE', #3838, #189 ) ;
#4195 = ORIENTED_EDGE ( 'NONE', *, *, #3839, .F. ) ;
#4196 = UNCERTAINTY_MEASURE_WITH_UNIT (LENGTH_MEASURE( 1.000000000000000082E-05 ), #2825, 'distance_accuracy_value', 'NONE');
#4197 = EDGE_CURVE ( 'NONE', #7982, #6621, #983, .T. ) ;
#4198 = PRESENTATION_STYLE_ASSIGNMENT (( #6551 ) ) ;
#4199 = ORIENTED_EDGE ( 'NONE', *, *, #8585, .T. ) ;
#4200 = ORIENTED_EDGE ( 'NONE', *, *, #6366, .F. ) ;
#4201 =( LENGTH_UNIT ( ) NAMED_UNIT ( * ) SI_UNIT ( .MILLI., .METRE. ) );
#4202 = CARTESIAN_POINT ( 'NONE',  ( 1.870000000000000107, 0.1100000000000000006, -3.550000000000000266 ) ) ;
#4203 = ORIENTED_EDGE ( 'NONE', *, *, #1733, .T. ) ;
#4204 = DIRECTION ( 'NONE',  ( 0.000000000000000000, 1.000000000000000000, 0.000000000000000000 ) ) ;
#4205 = VECTOR ( 'NONE', #322, 1000.000000000000114 ) ;
#4206 = LINE ( 'NONE', #6597, #9020 ) ;
#4207 = DIRECTION ( 'NONE',  ( -1.000000000000000000, -0.000000000000000000, -0.000000000000000000 ) ) ;
#4208 = CARTESIAN_POINT ( 'NONE',  ( -3.210000000000000853, -1.374999999999998668, -3.823497185254834729 ) ) ;
#4209 = EDGE_LOOP ( 'NONE', ( #865, #912, #3801, #2253 ) ) ;
#4210 = UNCERTAINTY_MEASURE_WITH_UNIT (LENGTH_MEASURE( 1.000000000000000082E-05 ), #6486, 'distance_accuracy_value', 'NONE');
#4211 =( GEOMETRIC_REPRESENTATION_CONTEXT ( 3 ) GLOBAL_UNCERTAINTY_ASSIGNED_CONTEXT ( ( #6079 ) ) GLOBAL_UNIT_ASSIGNED_CONTEXT ( ( #2766, #2006, #6906 ) ) REPRESENTATION_CONTEXT ( 'NONE', 'WORKASPACE' ) );
#4212 = ORIENTED_EDGE ( 'NONE', *, *, #10115, .T. ) ;
#4213 = AXIS2_PLACEMENT_3D ( 'NONE', #5428, #2206, #3828 ) ;
#4214 = CARTESIAN_POINT ( 'NONE',  ( 3.560000000000000497, -1.374999999999998890, -4.250000000000000888 ) ) ;
#4215 =( NAMED_UNIT ( * ) PLANE_ANGLE_UNIT ( ) SI_UNIT ( $, .RADIAN. ) );
#4216 = FILL_AREA_STYLE_COLOUR ( '', #2931 ) ;
#4217 = LINE ( 'NONE', #5084, #8259 ) ;
#4218 = ADVANCED_FACE ( 'NONE', ( #1457 ), #6083, .F. ) ;
#4219 = PRESENTATION_STYLE_ASSIGNMENT (( #2945 ) ) ;
#4220 = CARTESIAN_POINT ( 'NONE',  ( 9.490000000000000213, -4.674999999999999822, -4.034390786870895695 ) ) ;
#4221 = CARTESIAN_POINT ( 'NONE',  ( 9.999999999999998224, -0.1100000000000000006, -3.549999999999999378 ) ) ;
#4222 = CARTESIAN_POINT ( 'NONE',  ( 1.870000000000000107, 0.1100000000000000006, -3.550000000000000266 ) ) ;
#4223 = ORIENTED_EDGE ( 'NONE', *, *, #9049, .T. ) ;
#4224 = CARTESIAN_POINT ( 'NONE',  ( -1.798063832607380563, -1.374999999999998890, 3.823497185254835173 ) ) ;
#4225 = STYLED_ITEM ( 'NONE', ( #8330 ), #2470 ) ;
#4226 = COLOUR_RGB ( '',0.7529411764705882248, 0.7529411764705882248, 0.7529411764705882248 ) ;
#4227 = DIRECTION ( 'NONE',  ( -0.000000000000000000, -0.000000000000000000, 1.000000000000000000 ) ) ;
#4228 = FILL_AREA_STYLE ('',( #3309 ) ) ;
#4229 = CARTESIAN_POINT ( 'NONE',  ( 0.6700000000000004841, -1.055665328710549522, -4.250000000000000888 ) ) ;
#4230 = AXIS2_PLACEMENT_3D ( 'NONE', #5154, #3512, #9110 ) ;
#4231 = FILL_AREA_STYLE ('',( #1750 ) ) ;
#4232 = FACE_OUTER_BOUND ( 'NONE', #5027, .T. ) ;
#4233 =( LENGTH_UNIT ( ) NAMED_UNIT ( * ) SI_UNIT ( .MILLI., .METRE. ) );
#4234 = VECTOR ( 'NONE', #5550, 1000.000000000000000 ) ;
#4235 = EDGE_LOOP ( 'NONE', ( #4195, #2012, #8922, #7529, #1190, #1583, #9085, #6791 ) ) ;
#4236 = FACE_OUTER_BOUND ( 'NONE', #3308, .T. ) ;
#4237 = COLOUR_RGB ( '',0.7529411764705882248, 0.7529411764705882248, 0.7529411764705882248 ) ;
#4238 = AXIS2_PLACEMENT_3D ( 'NONE', #5931, #9946, #7569 ) ;
#4239 = EDGE_CURVE ( 'NONE', #2561, #1485, #4484, .T. ) ;
#4240 = CARTESIAN_POINT ( 'NONE',  ( 1.870000000000000107, 0.06318885240105015511, 3.947195844781839824 ) ) ;
#4241 = CARTESIAN_POINT ( 'NONE',  ( 0.6700000000000004841, -0.1568111475989498460, 3.745646205093807080 ) ) ;
#4242 =( LENGTH_UNIT ( ) NAMED_UNIT ( * ) SI_UNIT ( .MILLI., .METRE. ) );
#4243 = EDGE_LOOP ( 'NONE', ( #2885, #9573, #6455, #5235, #6955, #37, #4488, #4375 ) ) ;
#4244 = VECTOR ( 'NONE', #1447, 1000.000000000000000 ) ;
#4245 = CARTESIAN_POINT ( 'NONE',  ( -0.6700000000000004841, -0.1599999999999999756, 3.695747996505077904 ) ) ;
#4246 = DIRECTION ( 'NONE',  ( 1.000000000000000000, 0.000000000000000000, 0.000000000000000000 ) ) ;
#4247 = ORIENTED_EDGE ( 'NONE', *, *, #10007, .T. ) ;
#4248 = VECTOR ( 'NONE', #5404, 1000.000000000000000 ) ;
#4249 = EDGE_CURVE ( 'NONE', #947, #7328, #3104, .T. ) ;
#4250 = DIRECTION ( 'NONE',  ( 1.000000000000000000, 0.000000000000000000, -2.443272501375784959E-16 ) ) ;
#4251 = EDGE_CURVE ( 'NONE', #9999, #7306, #2348, .T. ) ;
#4252 = CARTESIAN_POINT ( 'NONE',  ( -8.665000000000000924, -1.374999999999999556, -3.823497185254835173 ) ) ;
#4253 = CARTESIAN_POINT ( 'NONE',  ( 1.520000000000000462, -1.374999999999998890, -4.250000000000000888 ) ) ;
#4254 = ORIENTED_EDGE ( 'NONE', *, *, #8807, .T. ) ;
#4255 = FACE_OUTER_BOUND ( 'NONE', #7483, .T. ) ;
#4256 = ORIENTED_EDGE ( 'NONE', *, *, #6488, .T. ) ;
#4257 =( GEOMETRIC_REPRESENTATION_CONTEXT ( 3 ) GLOBAL_UNCERTAINTY_ASSIGNED_CONTEXT ( ( #10083 ) ) GLOBAL_UNIT_ASSIGNED_CONTEXT ( ( #5525, #6487, #721 ) ) REPRESENTATION_CONTEXT ( 'NONE', 'WORKASPACE' ) );
#4258 = PRESENTATION_STYLE_ASSIGNMENT (( #3337 ) ) ;
#4259 = CARTESIAN_POINT ( 'NONE',  ( 6.600000000000001421, -1.374999999999998890, -4.250000000000000888 ) ) ;
#4260 = SURFACE_STYLE_FILL_AREA ( #3923 ) ;
#4261 = STYLED_ITEM ( 'NONE', ( #6508 ), #7144 ) ;
#4262 = DIRECTION ( 'NONE',  ( 0.000000000000000000, -0.9979641717745812990, -0.06377704802100912784 ) ) ;
#4263 = ORIENTED_EDGE ( 'NONE', *, *, #3250, .T. ) ;
#4264 = EDGE_CURVE ( 'NONE', #9105, #8740, #5893, .T. ) ;
#4265 = PRESENTATION_STYLE_ASSIGNMENT (( #4777 ) ) ;
#4266 = PLANE ( 'NONE',  #2314 ) ;
#4267 = VERTEX_POINT ( 'NONE', #5200 ) ;
#4268 = SURFACE_STYLE_FILL_AREA ( #10294 ) ;
#4269 = LINE ( 'NONE', #2218, #7671 ) ;
#4270 = EDGE_CURVE ( 'NONE', #1857, #3039, #10418, .T. ) ;
#4271 = ADVANCED_FACE ( 'NONE', ( #2856 ), #6198, .F. ) ;
#4272 = MECHANICAL_DESIGN_GEOMETRIC_PRESENTATION_REPRESENTATION (  '', ( #5906 ), #3381 ) ;
#4273 = UNCERTAINTY_MEASURE_WITH_UNIT (LENGTH_MEASURE( 1.000000000000000082E-05 ), #4176, 'distance_accuracy_value', 'NONE');
#4274 = ORIENTED_EDGE ( 'NONE', *, *, #6505, .T. ) ;
#4275 = ORIENTED_EDGE ( 'NONE', *, *, #102, .F. ) ;
#4276 = CARTESIAN_POINT ( 'NONE',  ( 8.421615491570639378, -1.374999999999999556, -4.039106398383939478 ) ) ;
#4277 = PRESENTATION_STYLE_ASSIGNMENT (( #2221 ) ) ;
#4278 = PRESENTATION_LAYER_ASSIGNMENT (  '', '', ( #7853 ) ) ;
#4279 = SURFACE_SIDE_STYLE ('',( #4637 ) ) ;
#4280 = DIRECTION ( 'NONE',  ( 0.000000000000000000, 1.000000000000000000, 0.000000000000000000 ) ) ;
#4281 = STYLED_ITEM ( 'NONE', ( #7271 ), #610 ) ;
#4282 = CARTESIAN_POINT ( 'NONE',  ( 8.665000000000000924, -0.1568111475989498460, 3.745646205093807080 ) ) ;
#4283 = VECTOR ( 'NONE', #1334, 1000.000000000000000 ) ;
#4284 = DIRECTION ( 'NONE',  ( -0.2193360129683985249, -0.9736631258226969843, -0.06222403738348531582 ) ) ;
#4285 = VERTEX_POINT ( 'NONE', #592 ) ;
#4286 = VERTEX_POINT ( 'NONE', #3013 ) ;
#4287 = CARTESIAN_POINT ( 'NONE',  ( 1.520000000000000462, -4.674999999999999822, 4.249999999999999112 ) ) ;
#4288 = VERTEX_POINT ( 'NONE', #6159 ) ;
#4289 = CARTESIAN_POINT ( 'NONE',  ( -5.750000000000000000, -1.055665328710549522, -3.897297636193110648 ) ) ;
#4290 = AXIS2_PLACEMENT_3D ( 'NONE', #6849, #7624, #6881 ) ;
#4291 = FILL_AREA_STYLE ('',( #9135 ) ) ;
#4292 = COLOUR_RGB ( '',0.7529411764705882248, 0.7529411764705882248, 0.7529411764705882248 ) ;
#4293 = ORIENTED_EDGE ( 'NONE', *, *, #9351, .F. ) ;
#4294 = MECHANICAL_DESIGN_GEOMETRIC_PRESENTATION_REPRESENTATION (  '', ( #9912 ), #1069 ) ;
#4295 = ORIENTED_EDGE ( 'NONE', *, *, #8939, .F. ) ;
#4296 = EDGE_LOOP ( 'NONE', ( #4094, #2167, #2137, #6056, #10026, #9435, #122, #9691, #8938, #175 ) ) ;
#4297 = DIRECTION ( 'NONE',  ( 0.9755535465928818484, 0.2197618659596111135, 0.000000000000000000 ) ) ;
#4298 = COLOUR_RGB ( '',0.7529411764705882248, 0.7529411764705882248, 0.7529411764705882248 ) ;
#4299 = SURFACE_STYLE_FILL_AREA ( #4953 ) ;
#4300 = DIRECTION ( 'NONE',  ( -1.000000000000000000, -0.000000000000000000, -0.000000000000000000 ) ) ;
#4301 =( NAMED_UNIT ( * ) PLANE_ANGLE_UNIT ( ) SI_UNIT ( $, .RADIAN. ) );
#4302 = EDGE_LOOP ( 'NONE', ( #3067, #5929, #10385, #9096, #3022, #8633, #4992, #6943 ) ) ;
#4303 = ORIENTED_EDGE ( 'NONE', *, *, #4186, .T. ) ;
#4304 = MECHANICAL_DESIGN_GEOMETRIC_PRESENTATION_REPRESENTATION (  '', ( #4155 ), #6889 ) ;
#4305 = VECTOR ( 'NONE', #4300, 1000.000000000000000 ) ;
#4306 = VECTOR ( 'NONE', #9169, 1000.000000000000000 ) ;
#4307 = FILL_AREA_STYLE ('',( #5123 ) ) ;
#4308 = SURFACE_SIDE_STYLE ('',( #5224 ) ) ;
#4309 = EDGE_CURVE ( 'NONE', #10225, #8581, #4744, .T. ) ;
#4310 = ORIENTED_EDGE ( 'NONE', *, *, #6631, .T. ) ;
#4311 = VERTEX_POINT ( 'NONE', #5478 ) ;
#4312 = FACE_OUTER_BOUND ( 'NONE', #10322, .T. ) ;
#4313 = ORIENTED_EDGE ( 'NONE', *, *, #10075, .F. ) ;
#4314 =( GEOMETRIC_REPRESENTATION_CONTEXT ( 3 ) GLOBAL_UNCERTAINTY_ASSIGNED_CONTEXT ( ( #358 ) ) GLOBAL_UNIT_ASSIGNED_CONTEXT ( ( #9539, #6410, #4710 ) ) REPRESENTATION_CONTEXT ( 'NONE', 'WORKASPACE' ) );
#4315 = LINE ( 'NONE', #1325, #931 ) ;
#4316 = FILL_AREA_STYLE ('',( #9100 ) ) ;
#4317 = LINE ( 'NONE', #1111, #689 ) ;
#4318 = ADVANCED_FACE ( 'NONE', ( #10290 ), #2156, .F. ) ;
#4319 =( GEOMETRIC_REPRESENTATION_CONTEXT ( 3 ) GLOBAL_UNCERTAINTY_ASSIGNED_CONTEXT ( ( #4797 ) ) GLOBAL_UNIT_ASSIGNED_CONTEXT ( ( #6268, #2270, #600 ) ) REPRESENTATION_CONTEXT ( 'NONE', 'WORKASPACE' ) );
#4320 = ORIENTED_EDGE ( 'NONE', *, *, #2210, .T. ) ;
#4321 = ORIENTED_EDGE ( 'NONE', *, *, #2290, .T. ) ;
#4322 = CARTESIAN_POINT ( 'NONE',  ( 4.060000000000001386, -0.1568111475989498460, -3.745646205093807080 ) ) ;
#4323 = CARTESIAN_POINT ( 'NONE',  ( -3.210000000000000853, 0.06318885240105015511, -3.947195844781839824 ) ) ;
#4324 = EDGE_CURVE ( 'NONE', #3040, #7470, #6004, .T. ) ;
#4325 = ORIENTED_EDGE ( 'NONE', *, *, #1488, .T. ) ;
#4326 = SURFACE_SIDE_STYLE ('',( #153 ) ) ;
#4327 = CIRCLE ( 'NONE', #8380, 0.05000000000000012768 ) ;
#4328 = DIRECTION ( 'NONE',  ( -1.000000000000000000, 0.000000000000000000, 0.000000000000000000 ) ) ;
#4329 = EDGE_CURVE ( 'NONE', #2820, #1640, #6522, .T. ) ;
#4330 = VECTOR ( 'NONE', #8061, 1000.000000000000000 ) ;
#4331 = ADVANCED_FACE ( 'NONE', ( #7631 ), #8514, .F. ) ;
#4332 = EDGE_LOOP ( 'NONE', ( #5683, #6907, #5369, #7523 ) ) ;
#4333 = STYLED_ITEM ( 'NONE', ( #4561 ), #8440 ) ;
#4334 = VECTOR ( 'NONE', #4227, 1000.000000000000000 ) ;
#4335 = PRESENTATION_LAYER_ASSIGNMENT (  '', '', ( #249 ) ) ;
#4336 = VECTOR ( 'NONE', #4062, 1000.000000000000000 ) ;
#4337 = VECTOR ( 'NONE', #433, 1000.000000000000000 ) ;
#4338 = DIRECTION ( 'NONE',  ( 0.000000000000000000, -0.9979641717745812990, 0.06377704802100926662 ) ) ;
#4339 = SURFACE_SIDE_STYLE ('',( #2943 ) ) ;
#4340 = DIRECTION ( 'NONE',  ( -1.000000000000000000, -0.000000000000000000, -0.000000000000000000 ) ) ;
#4341 = ORIENTED_EDGE ( 'NONE', *, *, #825, .F. ) ;
#4342 = SURFACE_SIDE_STYLE ('',( #4921 ) ) ;
#4343 = DIRECTION ( 'NONE',  ( -0.9755535465928818484, 0.2197618659596111135, 0.000000000000000000 ) ) ;
#4344 = ORIENTED_EDGE ( 'NONE', *, *, #1494, .T. ) ;
#4345 = COLOUR_RGB ( '',0.7529411764705882248, 0.7529411764705882248, 0.7529411764705882248 ) ;
#4346 = AXIS2_PLACEMENT_3D ( 'NONE', #9962, #6763, #5978 ) ;
#4347 =( GEOMETRIC_REPRESENTATION_CONTEXT ( 3 ) GLOBAL_UNCERTAINTY_ASSIGNED_CONTEXT ( ( #6095 ) ) GLOBAL_UNIT_ASSIGNED_CONTEXT ( ( #8848, #5640, #4184 ) ) REPRESENTATION_CONTEXT ( 'NONE', 'WORKASPACE' ) );
#4348 = CARTESIAN_POINT ( 'NONE',  ( -9.882742557828871455, 0.7750000000000000222, -3.549999999999999378 ) ) ;
#4349 = DIRECTION ( 'NONE',  ( 0.000000000000000000, -0.06377704802100926662, -0.9979641717745812990 ) ) ;
#4350 = VERTEX_POINT ( 'NONE', #2939 ) ;
#4351 = CARTESIAN_POINT ( 'NONE',  ( -4.410000000000001030, -0.1568111475989498460, -3.745646205093807080 ) ) ;
#4352 = DIRECTION ( 'NONE',  ( -1.000000000000000000, -0.000000000000000000, 0.000000000000000000 ) ) ;
#4353 = VECTOR ( 'NONE', #9269, 1000.000000000000000 ) ;
#4354 = DIRECTION ( 'NONE',  ( 0.2193360129683985527, -0.9736631258226969843, 0.06222403738348494112 ) ) ;
#4355 = DIRECTION ( 'NONE',  ( 0.000000000000000000, -0.000000000000000000, 1.000000000000000000 ) ) ;
#4356 = ORIENTED_EDGE ( 'NONE', *, *, #5398, .F. ) ;
#4357 = CARTESIAN_POINT ( 'NONE',  ( -3.210000000000000853, 0.06000000000000001166, 3.897297636193110648 ) ) ;
#4358 = PRESENTATION_LAYER_ASSIGNMENT (  '', '', ( #7742 ) ) ;
#4359 = ORIENTED_EDGE ( 'NONE', *, *, #5827, .F. ) ;
#4360 = FACE_OUTER_BOUND ( 'NONE', #8049, .T. ) ;
#4361 = DIRECTION ( 'NONE',  ( -0.3810585913066867891, -0.9245508909688874288, 0.000000000000000000 ) ) ;
#4362 = VECTOR ( 'NONE', #8756, 1000.000000000000000 ) ;
#4363 = ADVANCED_FACE ( 'NONE', ( #9537 ), #3850, .F. ) ;
#4364 = EDGE_LOOP ( 'NONE', ( #2128, #3530, #4303, #3808, #1259, #1434, #6649, #3443, #4836, #5848 ) ) ;
#4365 = VERTEX_POINT ( 'NONE', #4600 ) ;
#4366 = PRESENTATION_STYLE_ASSIGNMENT (( #7660 ) ) ;
#4367 = ORIENTED_EDGE ( 'NONE', *, *, #9666, .T. ) ;
#4368 = VERTEX_POINT ( 'NONE', #9371 ) ;
#4369 = DIRECTION ( 'NONE',  ( -1.000000000000000000, -0.000000000000000000, -0.000000000000000000 ) ) ;
#4370 = LINE ( 'NONE', #2165, #8288 ) ;
#4371 = EDGE_CURVE ( 'NONE', #6141, #5940, #6130, .T. ) ;
#4372 = VECTOR ( 'NONE', #5062, 1000.000000000000000 ) ;
#4373 = DIRECTION ( 'NONE',  ( -1.000000000000000000, -0.000000000000000000, 0.000000000000000000 ) ) ;
#4374 =( LENGTH_UNIT ( ) NAMED_UNIT ( * ) SI_UNIT ( .MILLI., .METRE. ) );
#4375 = ORIENTED_EDGE ( 'NONE', *, *, #29, .F. ) ;
#4376 = ADVANCED_FACE ( 'NONE', ( #4232 ), #4557, .T. ) ;
#4377 = EDGE_CURVE ( 'NONE', #1760, #8837, #9285, .T. ) ;
#4378 = LINE ( 'NONE', #1080, #6290 ) ;
#4379 = DIRECTION ( 'NONE',  ( -1.000000000000000000, -0.000000000000000000, 0.000000000000000000 ) ) ;
#4380 = SURFACE_STYLE_USAGE ( .BOTH. , #9905 ) ;
#4381 =( NAMED_UNIT ( * ) PLANE_ANGLE_UNIT ( ) SI_UNIT ( $, .RADIAN. ) );
#4382 = CARTESIAN_POINT ( 'NONE',  ( 1.520000000000000462, -4.674999999999999822, -4.250000000000000888 ) ) ;
#4383 = ORIENTED_EDGE ( 'NONE', *, *, #2902, .F. ) ;
#4384 = ORIENTED_EDGE ( 'NONE', *, *, #9681, .F. ) ;
#4385 = PRESENTATION_LAYER_ASSIGNMENT (  '', '', ( #4448 ) ) ;
#4386 = EDGE_CURVE ( 'NONE', #8701, #8787, #3342, .T. ) ;
#4387 = LINE ( 'NONE', #7003, #10202 ) ;
#4388 = DIRECTION ( 'NONE',  ( 1.000000000000000000, 0.000000000000000000, 0.000000000000000000 ) ) ;
#4389 = CARTESIAN_POINT ( 'NONE',  ( -8.290000000000000924, -4.674999999999999822, 4.249999999999999112 ) ) ;
#4390 = CARTESIAN_POINT ( 'NONE',  ( -0.6700000000000004841, -0.1100000000000000006, -3.695747996505077460 ) ) ;
#4391 = MECHANICAL_DESIGN_GEOMETRIC_PRESENTATION_REPRESENTATION (  '', ( #247 ), #9473 ) ;
#4392 = CIRCLE ( 'NONE', #52, 0.05000000000000012768 ) ;
#4393 = EDGE_CURVE ( 'NONE', #6037, #1353, #1193, .T. ) ;
#4394 = UNCERTAINTY_MEASURE_WITH_UNIT (LENGTH_MEASURE( 1.000000000000000082E-05 ), #5068, 'distance_accuracy_value', 'NONE');
#4395 = CARTESIAN_POINT ( 'NONE',  ( 6.949999999999999289, 0.06318885240105015511, -3.947195844781839824 ) ) ;
#4396 = ORIENTED_EDGE ( 'NONE', *, *, #3688, .F. ) ;
#4397 = ORIENTED_EDGE ( 'NONE', *, *, #5215, .F. ) ;
#4398 = CARTESIAN_POINT ( 'NONE',  ( -1.798063832607380563, -1.374999999999998890, -3.823497185254834729 ) ) ;
#4399 = CARTESIAN_POINT ( 'NONE',  ( 3.209999999999999964, 0.06000000000000001166, -3.897297636193110648 ) ) ;
#4400 = SURFACE_STYLE_USAGE ( .BOTH. , #9324 ) ;
#4401 = LINE ( 'NONE', #1, #10085 ) ;
#4402 = PRESENTATION_LAYER_ASSIGNMENT (  '', '', ( #2105 ) ) ;
#4403 = VERTEX_POINT ( 'NONE', #3918 ) ;
#4404 = DIRECTION ( 'NONE',  ( 0.000000000000000000, -0.9979641717745812990, -0.06377704802100912784 ) ) ;
#4405 = VERTEX_POINT ( 'NONE', #9576 ) ;
#4406 = DIRECTION ( 'NONE',  ( 1.000000000000000000, 0.000000000000000000, 0.000000000000000000 ) ) ;
#4407 = ORIENTED_EDGE ( 'NONE', *, *, #9817, .T. ) ;
#4408 = PRESENTATION_LAYER_ASSIGNMENT (  '', '', ( #3332 ) ) ;
#4409 = LINE ( 'NONE', #5048, #6450 ) ;
#4410 = VERTEX_POINT ( 'NONE', #4745 ) ;
#4411 = FACE_OUTER_BOUND ( 'NONE', #1722, .T. ) ;
#4412 = ORIENTED_EDGE ( 'NONE', *, *, #561, .F. ) ;
#4414 = ORIENTED_EDGE ( 'NONE', *, *, #7767, .T. ) ;
#4413 = CARTESIAN_POINT ( 'NONE',  ( -0.6700000000000004841, 0.1099999999999998618, -3.897297636193110648 ) ) ;
#4415 = CARTESIAN_POINT ( 'NONE',  ( 8.290000000000000924, -0.1100000000000000006, -3.550000000000000266 ) ) ;
#4416 = ADVANCED_FACE ( 'NONE', ( #348 ), #7902, .F. ) ;
#4417 =( GEOMETRIC_REPRESENTATION_CONTEXT ( 3 ) GLOBAL_UNCERTAINTY_ASSIGNED_CONTEXT ( ( #5501 ) ) GLOBAL_UNIT_ASSIGNED_CONTEXT ( ( #10363, #6209, #4647 ) ) REPRESENTATION_CONTEXT ( 'NONE', 'WORKASPACE' ) );
#4418 = DIRECTION ( 'NONE',  ( 0.000000000000000000, 0.000000000000000000, -1.000000000000000000 ) ) ;
#4419 = PRODUCT_DEFINITION ( 'UNKNOWN', '', #4984, #3584 ) ;
#4420 = FILL_AREA_STYLE_COLOUR ( '', #1694 ) ;
#4421 = DIRECTION ( 'NONE',  ( 0.000000000000000000, 0.000000000000000000, 1.000000000000000000 ) ) ;
#4422 = PLANE ( 'NONE',  #4831 ) ;
#4423 = CARTESIAN_POINT ( 'NONE',  ( 1.020000000000000018, 0.06318885240105015511, 3.947195844781839824 ) ) ;
#4424 = LINE ( 'NONE', #5114, #2282 ) ;
#4425 = VECTOR ( 'NONE', #9449, 1000.000000000000227 ) ;
#4426 = PLANE ( 'NONE',  #5410 ) ;
#4427 = ORIENTED_EDGE ( 'NONE', *, *, #2952, .F. ) ;
#4428 = EDGE_LOOP ( 'NONE', ( #9769, #5152, #7670, #7082 ) ) ;
#4429 = FILL_AREA_STYLE_COLOUR ( '', #7743 ) ;
#4430 = CARTESIAN_POINT ( 'NONE',  ( -4.059999999999999609, -1.374999999999998890, -4.250000000000000888 ) ) ;
#4431 = CARTESIAN_POINT ( 'NONE',  ( -3.210000000000000853, 0.06318885240105015511, 3.947195844781839824 ) ) ;
#4432 = DIRECTION ( 'NONE',  ( 0.000000000000000000, 0.000000000000000000, 1.000000000000000000 ) ) ;
#4433 = MECHANICAL_DESIGN_GEOMETRIC_PRESENTATION_REPRESENTATION (  '', ( #7876 ), #7159 ) ;
#4434 = LINE ( 'NONE', #1506, #6609 ) ;
#4435 = FILL_AREA_STYLE_COLOUR ( '', #6441 ) ;
#4436 = APPLICATION_CONTEXT ( 'automotive_design' ) ;
#4437 = VERTEX_POINT ( 'NONE', #10236 ) ;
#4438 = CARTESIAN_POINT ( 'NONE',  ( -5.750000000000000000, -0.1568111475989498460, -3.745646205093807080 ) ) ;
#4439 = EDGE_CURVE ( 'NONE', #5938, #4002, #1950, .T. ) ;
#4440 = CARTESIAN_POINT ( 'NONE',  ( -1.798063832607380563, -1.374999999999998890, -4.250000000000000888 ) ) ;
#4441 = EDGE_CURVE ( 'NONE', #2650, #3623, #5880, .T. ) ;
#4442 = PRESENTATION_STYLE_ASSIGNMENT (( #64 ) ) ;
#4443 = FILL_AREA_STYLE_COLOUR ( '', #6300 ) ;
#4444 = ORIENTED_EDGE ( 'NONE', *, *, #9664, .T. ) ;
#4445 = DIRECTION ( 'NONE',  ( 1.000000000000000000, 0.000000000000000000, 0.000000000000000000 ) ) ;
#4446 = COLOUR_RGB ( '',0.7529411764705882248, 0.7529411764705882248, 0.7529411764705882248 ) ;
#4447 = ORIENTED_EDGE ( 'NONE', *, *, #1338, .T. ) ;
#4448 = STYLED_ITEM ( 'NONE', ( #10389 ), #5167 ) ;
#4449 = VERTEX_POINT ( 'NONE', #10453 ) ;
#4450 =( NAMED_UNIT ( * ) PLANE_ANGLE_UNIT ( ) SI_UNIT ( $, .RADIAN. ) );
#4451 = CARTESIAN_POINT ( 'NONE',  ( -0.6700000000000004841, 0.06318885240105015511, -3.947195844781839824 ) ) ;
#4452 =( NAMED_UNIT ( * ) SI_UNIT ( $, .STERADIAN. ) SOLID_ANGLE_UNIT ( ) );
#4453 = VECTOR ( 'NONE', #2097, 1000.000000000000000 ) ;
#4454 = STYLED_ITEM ( 'NONE', ( #1092 ), #6991 ) ;
#4455 = VECTOR ( 'NONE', #1868, 1000.000000000000000 ) ;
#4456 = UNCERTAINTY_MEASURE_WITH_UNIT (LENGTH_MEASURE( 1.000000000000000082E-05 ), #631, 'distance_accuracy_value', 'NONE');
#4457 = EDGE_CURVE ( 'NONE', #8704, #251, #3090, .T. ) ;
#4458 =( NAMED_UNIT ( * ) PLANE_ANGLE_UNIT ( ) SI_UNIT ( $, .RADIAN. ) );
#4459 = FILL_AREA_STYLE ('',( #1921 ) ) ;
#4460 = VERTEX_POINT ( 'NONE', #4784 ) ;
#4461 = LINE ( 'NONE', #9001, #6636 ) ;
#4462 = CARTESIAN_POINT ( 'NONE',  ( -6.099999999999999645, -1.374999999999998890, 3.823497185254835173 ) ) ;
#4463 = EDGE_CURVE ( 'NONE', #4288, #3188, #7882, .T. ) ;
#4464 = AXIS2_PLACEMENT_3D ( 'NONE', #4222, #6779, #7441 ) ;
#4465 = FACE_OUTER_BOUND ( 'NONE', #2613, .T. ) ;
#4466 = CARTESIAN_POINT ( 'NONE',  ( -3.210000000000000853, -0.1568111475989498460, 3.745646205093807080 ) ) ;
#4467 = LINE ( 'NONE', #3504, #2326 ) ;
#4468 = CARTESIAN_POINT ( 'NONE',  ( -0.7419361673926183620, -1.374999999999999112, -4.039106398383939478 ) ) ;
#4469 = UNCERTAINTY_MEASURE_WITH_UNIT (LENGTH_MEASURE( 1.000000000000000082E-05 ), #10120, 'distance_accuracy_value', 'NONE');
#4470 = MECHANICAL_DESIGN_GEOMETRIC_PRESENTATION_REPRESENTATION (  '', ( #3928 ), #9356 ) ;
#4471 = ORIENTED_EDGE ( 'NONE', *, *, #1354, .T. ) ;
#4472 = ADVANCED_FACE ( 'NONE', ( #8395 ), #8052, .F. ) ;
#4473 = STYLED_ITEM ( 'NONE', ( #2587 ), #805 ) ;
#4474 = FACE_OUTER_BOUND ( 'NONE', #51, .T. ) ;
#4475 = DIRECTION ( 'NONE',  ( 0.000000000000000000, 0.000000000000000000, -1.000000000000000000 ) ) ;
#4476 = CARTESIAN_POINT ( 'NONE',  ( 9.115000000000000213, -0.1100000000000000006, 3.550000000000000266 ) ) ;
#4477 = CARTESIAN_POINT ( 'NONE',  ( 1.870000000000000107, -0.1599999999999999756, -3.695747996505077904 ) ) ;
#4478 = LINE ( 'NONE', #779, #9921 ) ;
#4479 = DIRECTION ( 'NONE',  ( 0.000000000000000000, 0.000000000000000000, -1.000000000000000000 ) ) ;
#4480 = ORIENTED_EDGE ( 'NONE', *, *, #7362, .F. ) ;
#4481 = ADVANCED_FACE ( 'NONE', ( #9409 ), #2957, .T. ) ;
#4482 =( GEOMETRIC_REPRESENTATION_CONTEXT ( 3 ) GLOBAL_UNCERTAINTY_ASSIGNED_CONTEXT ( ( #1217 ) ) GLOBAL_UNIT_ASSIGNED_CONTEXT ( ( #8546, #4381, #2055 ) ) REPRESENTATION_CONTEXT ( 'NONE', 'WORKASPACE' ) );
#4483 = CYLINDRICAL_SURFACE ( 'NONE', #963, 0.5241992011858079836 ) ;
#4484 = LINE ( 'NONE', #8404, #5007 ) ;
#4485 = DIRECTION ( 'NONE',  ( -1.000000000000000000, 0.000000000000000000, -0.000000000000000000 ) ) ;
#4486 = STYLED_ITEM ( 'NONE', ( #8350 ), #1683 ) ;
#4487 = EDGE_LOOP ( 'NONE', ( #4035, #2861, #8825, #2802, #5945, #10390, #2759 ) ) ;
#4488 = ORIENTED_EDGE ( 'NONE', *, *, #5271, .F. ) ;
#4489 = LINE ( 'NONE', #8737, #8032 ) ;
#4490 = VERTEX_POINT ( 'NONE', #6509 ) ;
#4491 =( NAMED_UNIT ( * ) SI_UNIT ( $, .STERADIAN. ) SOLID_ANGLE_UNIT ( ) );
#4492 = VECTOR ( 'NONE', #6501, 1000.000000000000000 ) ;
#4493 = DIRECTION ( 'NONE',  ( 0.000000000000000000, -0.9979641717745810769, -0.06377704802100964132 ) ) ;
#4494 = CARTESIAN_POINT ( 'NONE',  ( 9.490000000000000213, -0.1568111475989498460, -3.745646205093807080 ) ) ;
#4495 = MECHANICAL_DESIGN_GEOMETRIC_PRESENTATION_REPRESENTATION (  '', ( #7742 ), #2684 ) ;
#4496 = FILL_AREA_STYLE_COLOUR ( '', #3563 ) ;
#4497 = ORIENTED_EDGE ( 'NONE', *, *, #1468, .F. ) ;
#4498 = DIRECTION ( 'NONE',  ( 0.000000000000000000, 0.9979641717745812990, -0.06377704802100914172 ) ) ;
#4499 = FILL_AREA_STYLE_COLOUR ( '', #4713 ) ;
#4500 = LINE ( 'NONE', #4253, #7656 ) ;
#4501 = ORIENTED_EDGE ( 'NONE', *, *, #3319, .T. ) ;
#4502 = DIRECTION ( 'NONE',  ( 0.000000000000000000, 0.9848077530122080203, 0.1736481776669303589 ) ) ;
#4503 = VECTOR ( 'NONE', #5842, 1000.000000000000000 ) ;
#4504 = COLOUR_RGB ( '',0.7529411764705882248, 0.7529411764705882248, 0.7529411764705882248 ) ;
#4505 = EDGE_CURVE ( 'NONE', #6166, #3654, #3570, .T. ) ;
#4506 = VERTEX_POINT ( 'NONE', #8942 ) ;
#4507 = PLANE ( 'NONE',  #7487 ) ;
#4508 =( NAMED_UNIT ( * ) SI_UNIT ( $, .STERADIAN. ) SOLID_ANGLE_UNIT ( ) );
#4509 = PRESENTATION_LAYER_ASSIGNMENT (  '', '', ( #3557 ) ) ;
#4510 = DIRECTION ( 'NONE',  ( 0.000000000000000000, 0.000000000000000000, -1.000000000000000000 ) ) ;
#4511 = CARTESIAN_POINT ( 'NONE',  ( 9.115000000000000213, -0.1100000000000000006, -3.550000000000000266 ) ) ;
#4512 = ORIENTED_EDGE ( 'NONE', *, *, #1736, .T. ) ;
#4513 = DIRECTION ( 'NONE',  ( 0.000000000000000000, 0.000000000000000000, -1.000000000000000000 ) ) ;
#4514 =( NAMED_UNIT ( * ) SI_UNIT ( $, .STERADIAN. ) SOLID_ANGLE_UNIT ( ) );
#4515 = UNCERTAINTY_MEASURE_WITH_UNIT (LENGTH_MEASURE( 1.000000000000000082E-05 ), #8180, 'distance_accuracy_value', 'NONE');
#4516 = FACE_OUTER_BOUND ( 'NONE', #7602, .T. ) ;
#4517 = ORIENTED_EDGE ( 'NONE', *, *, #7292, .T. ) ;
#4518 = ORIENTED_EDGE ( 'NONE', *, *, #314, .T. ) ;
#4519 = EDGE_CURVE ( 'NONE', #7323, #3957, #3211, .T. ) ;
#4520 = DIRECTION ( 'NONE',  ( 1.000000000000000000, 0.000000000000000000, 0.000000000000000000 ) ) ;
#4521 = CARTESIAN_POINT ( 'NONE',  ( 6.949999999999999289, -0.1100000000000000006, 3.695747996505077460 ) ) ;
#4522 = ADVANCED_FACE ( 'NONE', ( #9662 ), #3263, .F. ) ;
#4523 = ORIENTED_EDGE ( 'NONE', *, *, #5325, .F. ) ;
#4524 = EDGE_CURVE ( 'NONE', #3654, #794, #6637, .T. ) ;
#4525 = PLANE ( 'NONE',  #703 ) ;
#4526 = SURFACE_STYLE_USAGE ( .BOTH. , #6241 ) ;
#4527 = PLANE ( 'NONE',  #10128 ) ;
#4528 = MECHANICAL_DESIGN_GEOMETRIC_PRESENTATION_REPRESENTATION (  '', ( #7446 ), #10343 ) ;
#4529 = EDGE_CURVE ( 'NONE', #8174, #8407, #8903, .T. ) ;
#4530 =( NAMED_UNIT ( * ) SI_UNIT ( $, .STERADIAN. ) SOLID_ANGLE_UNIT ( ) );
#4531 = UNCERTAINTY_MEASURE_WITH_UNIT (LENGTH_MEASURE( 1.000000000000000082E-05 ), #6888, 'distance_accuracy_value', 'NONE');
#4532 = ORIENTED_EDGE ( 'NONE', *, *, #6973, .F. ) ;
#4533 = ORIENTED_EDGE ( 'NONE', *, *, #7102, .T. ) ;
#4534 = ORIENTED_EDGE ( 'NONE', *, *, #5747, .T. ) ;
#4535 = ORIENTED_EDGE ( 'NONE', *, *, #7168, .T. ) ;
#4536 = AXIS2_PLACEMENT_3D ( 'NONE', #2932, #1303, #4702 ) ;
#4537 = SURFACE_SIDE_STYLE ('',( #3408 ) ) ;
#4538 = VECTOR ( 'NONE', #2084, 1000.000000000000000 ) ;
#4539 = EDGE_LOOP ( 'NONE', ( #9588, #8520, #5080, #7269 ) ) ;
#4540 = DIRECTION ( 'NONE',  ( -1.000000000000000000, -0.000000000000000000, 0.000000000000000000 ) ) ;
#4541 = LINE ( 'NONE', #8198, #1999 ) ;
#4542 = VECTOR ( 'NONE', #5381, 1000.000000000000000 ) ;
#4543 = VERTEX_POINT ( 'NONE', #4905 ) ;
#4544 = CARTESIAN_POINT ( 'NONE',  ( -0.6700000000000004841, 0.1099999999999998618, -3.897297636193110648 ) ) ;
#4545 = CARTESIAN_POINT ( 'NONE',  ( 5.750000000000000000, -0.1100000000000000006, -3.695747996505077460 ) ) ;
#4546 = STYLED_ITEM ( 'NONE', ( #2248 ), #9246 ) ;
#4547 = CYLINDRICAL_SURFACE ( 'NONE', #6608, 0.05000000000000012768 ) ;
#4548 =( LENGTH_UNIT ( ) NAMED_UNIT ( * ) SI_UNIT ( .MILLI., .METRE. ) );
#4549 = LINE ( 'NONE', #5171, #9867 ) ;
#4550 = DIRECTION ( 'NONE',  ( 0.000000000000000000, -0.000000000000000000, 1.000000000000000000 ) ) ;
#4551 = AXIS2_PLACEMENT_3D ( 'NONE', #1815, #5014, #8171 ) ;
#4552 = EDGE_LOOP ( 'NONE', ( #5282, #1342, #4535, #5497 ) ) ;
#4553 = ORIENTED_EDGE ( 'NONE', *, *, #1896, .F. ) ;
#4554 = CARTESIAN_POINT ( 'NONE',  ( -3.210000000000000853, -4.674999999999999822, 4.249999999999999112 ) ) ;
#4555 = LINE ( 'NONE', #7471, #10381 ) ;
#4556 = DIRECTION ( 'NONE',  ( 0.2193360129683985527, 0.9736631258226969843, 0.06222403738348480234 ) ) ;
#4557 = PLANE ( 'NONE',  #2143 ) ;
#4558 = DIRECTION ( 'NONE',  ( -0.000000000000000000, -0.000000000000000000, 1.000000000000000000 ) ) ;
#4559 =( LENGTH_UNIT ( ) NAMED_UNIT ( * ) SI_UNIT ( .MILLI., .METRE. ) );
#4560 = LINE ( 'NONE', #3468, #10114 ) ;
#4561 = PRESENTATION_STYLE_ASSIGNMENT (( #8205 ) ) ;
#4562 = MECHANICAL_DESIGN_GEOMETRIC_PRESENTATION_REPRESENTATION (  '', ( #10028 ), #2256 ) ;
#4563 = VECTOR ( 'NONE', #7539, 1000.000000000000000 ) ;
#4564 = SURFACE_SIDE_STYLE ('',( #4260 ) ) ;
#4565 =( GEOMETRIC_REPRESENTATION_CONTEXT ( 3 ) GLOBAL_UNCERTAINTY_ASSIGNED_CONTEXT ( ( #9510 ) ) GLOBAL_UNIT_ASSIGNED_CONTEXT ( ( #2794, #277, #1078 ) ) REPRESENTATION_CONTEXT ( 'NONE', 'WORKASPACE' ) );
#4566 = SURFACE_STYLE_USAGE ( .BOTH. , #2908 ) ;
#4567 = CARTESIAN_POINT ( 'NONE',  ( 4.410000000000000142, 0.06318885240105015511, -3.947195844781839824 ) ) ;
#4568 = ORIENTED_EDGE ( 'NONE', *, *, #6303, .T. ) ;
#4569 = SURFACE_SIDE_STYLE ('',( #10450 ) ) ;
#4570 = FACE_OUTER_BOUND ( 'NONE', #6425, .T. ) ;
#4571 = VECTOR ( 'NONE', #5034, 1000.000000000000000 ) ;
#4572 = ORIENTED_EDGE ( 'NONE', *, *, #2013, .T. ) ;
#4573 = CARTESIAN_POINT ( 'NONE',  ( 4.410000000000000142, 0.06318885240105015511, -3.947195844781839824 ) ) ;
#4574 = CARTESIAN_POINT ( 'NONE',  ( -8.290000000000000924, -4.674999999999999822, -4.034390786870895695 ) ) ;
#4575 = CARTESIAN_POINT ( 'NONE',  ( 1.870000000000000107, 0.1100000000000000006, 3.550000000000000266 ) ) ;
#4576 = VECTOR ( 'NONE', #383, 1000.000000000000114 ) ;
#4577 = DIRECTION ( 'NONE',  ( -1.000000000000000000, -0.000000000000000000, -0.000000000000000000 ) ) ;
#4578 = ORIENTED_EDGE ( 'NONE', *, *, #147, .T. ) ;
#4579 = FILL_AREA_STYLE_COLOUR ( '', #9864 ) ;
#4580 = ORIENTED_EDGE ( 'NONE', *, *, #8571, .T. ) ;
#4581 = EDGE_CURVE ( 'NONE', #7846, #2224, #4606, .T. ) ;
#4582 = PRESENTATION_STYLE_ASSIGNMENT (( #7971 ) ) ;
#4583 = ADVANCED_FACE ( 'NONE', ( #5487 ), #2489, .F. ) ;
#4584 = FACE_OUTER_BOUND ( 'NONE', #8291, .T. ) ;
#4585 = FACE_OUTER_BOUND ( 'NONE', #2790, .T. ) ;
#4586 = DIRECTION ( 'NONE',  ( 0.000000000000000000, 0.000000000000000000, -1.000000000000000000 ) ) ;
#4587 = ORIENTED_EDGE ( 'NONE', *, *, #2446, .T. ) ;
#4588 = EDGE_CURVE ( 'NONE', #8526, #5095, #2458, .T. ) ;
#4589 = PLANE ( 'NONE',  #7780 ) ;
#4590 = ORIENTED_EDGE ( 'NONE', *, *, #7630, .T. ) ;
#4591 = FILL_AREA_STYLE_COLOUR ( '', #6227 ) ;
#4592 = LINE ( 'NONE', #7107, #6753 ) ;
#4593 = SURFACE_STYLE_USAGE ( .BOTH. , #7865 ) ;
#4594 = FACE_OUTER_BOUND ( 'NONE', #9281, .T. ) ;
#4595 = LINE ( 'NONE', #5387, #5991 ) ;
#4596 = UNCERTAINTY_MEASURE_WITH_UNIT (LENGTH_MEASURE( 1.000000000000000082E-05 ), #4645, 'distance_accuracy_value', 'NONE');
#4597 = ADVANCED_FACE ( 'NONE', ( #3334 ), #959, .F. ) ;
#4598 = AXIS2_PLACEMENT_3D ( 'NONE', #2487, #8127, #9025 ) ;
#4599 = EDGE_CURVE ( 'NONE', #8019, #10214, #7138, .T. ) ;
#4600 = CARTESIAN_POINT ( 'NONE',  ( -1.798063832607380563, -1.374999999999998890, 4.039106398383938590 ) ) ;
#4601 = CARTESIAN_POINT ( 'NONE',  ( 9.490000000000000213, -0.1100000000000000006, 3.550000000000000266 ) ) ;
#4602 = ORIENTED_EDGE ( 'NONE', *, *, #8254, .T. ) ;
#4603 =( NAMED_UNIT ( * ) PLANE_ANGLE_UNIT ( ) SI_UNIT ( $, .RADIAN. ) );
#4604 = FILL_AREA_STYLE_COLOUR ( '', #1841 ) ;
#4605 = EDGE_CURVE ( 'NONE', #624, #7748, #715, .T. ) ;
#4606 = LINE ( 'NONE', #8882, #2199 ) ;
#4607 = CARTESIAN_POINT ( 'NONE',  ( -4.410000000000001030, 0.06000000000000001166, -3.897297636193110648 ) ) ;
#4608 = CARTESIAN_POINT ( 'NONE',  ( -4.410000000000001030, -0.1100000000000000006, 3.550000000000000266 ) ) ;
#4609 = CARTESIAN_POINT ( 'NONE',  ( 6.600000000000001421, -4.674999999999999822, -4.250000000000000888 ) ) ;
#4610 = VECTOR ( 'NONE', #10420, 1000.000000000000000 ) ;
#4611 = DIRECTION ( 'NONE',  ( 0.000000000000000000, 0.000000000000000000, 1.000000000000000000 ) ) ;
#4612 = EDGE_CURVE ( 'NONE', #2533, #1012, #6893, .T. ) ;
#4613 = ORIENTED_EDGE ( 'NONE', *, *, #4999, .F. ) ;
#4614 = DIRECTION ( 'NONE',  ( 0.000000000000000000, -0.000000000000000000, -1.000000000000000000 ) ) ;
#4615 = VECTOR ( 'NONE', #9971, 1000.000000000000000 ) ;
#4616 = LINE ( 'NONE', #3397, #10428 ) ;
#4617 = PRESENTATION_LAYER_ASSIGNMENT (  '', '', ( #3516 ) ) ;
#4618 = CARTESIAN_POINT ( 'NONE',  ( -4.410000000000001030, -0.1568111475989498460, 3.745646205093807080 ) ) ;
#4619 = VERTEX_POINT ( 'NONE', #9843 ) ;
#4620 = PRESENTATION_LAYER_ASSIGNMENT (  '', '', ( #4069 ) ) ;
#4621 = ORIENTED_EDGE ( 'NONE', *, *, #3311, .F. ) ;
#4622 = CARTESIAN_POINT ( 'NONE',  ( -5.750000000000000000, -4.674999999999998934, -4.250000000000000888 ) ) ;
#4623 = CARTESIAN_POINT ( 'NONE',  ( -1.870000000000000107, 0.1099999999999998618, 3.897297636193110648 ) ) ;
#4624 =( LENGTH_UNIT ( ) NAMED_UNIT ( * ) SI_UNIT ( .MILLI., .METRE. ) );
#4625 = FILL_AREA_STYLE ('',( #10301 ) ) ;
#4626 = VECTOR ( 'NONE', #9289, 1000.000000000000000 ) ;
#4627 = CARTESIAN_POINT ( 'NONE',  ( -1.519999999999999574, -4.674999999999999822, -4.250000000000000888 ) ) ;
#4628 = DIRECTION ( 'NONE',  ( 0.000000000000000000, 1.000000000000000000, 0.000000000000000000 ) ) ;
#4629 = SURFACE_STYLE_USAGE ( .BOTH. , #8642 ) ;
#4630 = VERTEX_POINT ( 'NONE', #834 ) ;
#4631 = VERTEX_POINT ( 'NONE', #5962 ) ;
#4632 = LINE ( 'NONE', #5342, #5510 ) ;
#4633 = ORIENTED_EDGE ( 'NONE', *, *, #2225, .F. ) ;
#4634 = ORIENTED_EDGE ( 'NONE', *, *, #7759, .F. ) ;
#4635 =( LENGTH_UNIT ( ) NAMED_UNIT ( * ) SI_UNIT ( .MILLI., .METRE. ) );
#4636 = DIRECTION ( 'NONE',  ( 0.000000000000000000, 0.000000000000000000, -1.000000000000000000 ) ) ;
#4637 = SURFACE_STYLE_FILL_AREA ( #4307 ) ;
#4638 = DIRECTION ( 'NONE',  ( 0.000000000000000000, 0.000000000000000000, 1.000000000000000000 ) ) ;
#4639 = CARTESIAN_POINT ( 'NONE',  ( 9.490000000000000213, 0.06000000000000001166, 3.897297636193110648 ) ) ;
#4640 = ORIENTED_EDGE ( 'NONE', *, *, #5595, .F. ) ;
#4641 = VECTOR ( 'NONE', #9906, 1000.000000000000114 ) ;
#4642 = FILL_AREA_STYLE_COLOUR ( '', #4799 ) ;
#4643 = CARTESIAN_POINT ( 'NONE',  ( -0.6700000000000004841, 0.1100000000000000006, -3.550000000000000266 ) ) ;
#4644 = LINE ( 'NONE', #2517, #3611 ) ;
#4645 =( LENGTH_UNIT ( ) NAMED_UNIT ( * ) SI_UNIT ( .MILLI., .METRE. ) );
#4646 = PRESENTATION_STYLE_ASSIGNMENT (( #5676 ) ) ;
#4647 =( NAMED_UNIT ( * ) SI_UNIT ( $, .STERADIAN. ) SOLID_ANGLE_UNIT ( ) );
#4648 = CARTESIAN_POINT ( 'NONE',  ( 1.020000000000000018, -4.674999999999999822, 4.034390786870896584 ) ) ;
#4649 = ADVANCED_FACE ( 'NONE', ( #8775 ), #5145, .F. ) ;
#4650 = ORIENTED_EDGE ( 'NONE', *, *, #7027, .T. ) ;
#4651 = ORIENTED_EDGE ( 'NONE', *, *, #9795, .F. ) ;
#4652 = VECTOR ( 'NONE', #517, 1000.000000000000000 ) ;
#4653 =( NAMED_UNIT ( * ) SI_UNIT ( $, .STERADIAN. ) SOLID_ANGLE_UNIT ( ) );
#4654 = EDGE_CURVE ( 'NONE', #5898, #7204, #4467, .T. ) ;
#4655 = EDGE_CURVE ( 'NONE', #3722, #1521, #10407, .T. ) ;
#4656 = VECTOR ( 'NONE', #7856, 1000.000000000000000 ) ;
#4657 = CARTESIAN_POINT ( 'NONE',  ( -8.665000000000000924, -4.675000000000000711, -4.034390786870895695 ) ) ;
#4658 = CARTESIAN_POINT ( 'NONE',  ( -1.870000000000000107, -0.1568111475989498460, -3.745646205093807080 ) ) ;
#4659 = ORIENTED_EDGE ( 'NONE', *, *, #9681, .T. ) ;
#4660 = VERTEX_POINT ( 'NONE', #7445 ) ;
#4661 = AXIS2_PLACEMENT_3D ( 'NONE', #6233, #4520, #10270 ) ;
#4662 = CARTESIAN_POINT ( 'NONE',  ( -3.210000000000000853, -1.374999999999998890, 4.039106398383938590 ) ) ;
#4663 = FILL_AREA_STYLE_COLOUR ( '', #9009 ) ;
#4664 = ORIENTED_EDGE ( 'NONE', *, *, #4946, .T. ) ;
#4665 =( NAMED_UNIT ( * ) SI_UNIT ( $, .STERADIAN. ) SOLID_ANGLE_UNIT ( ) );
#4666 = EDGE_LOOP ( 'NONE', ( #2553, #9953, #7788, #579, #7887, #73, #2758, #1963 ) ) ;
#4667 = EDGE_CURVE ( 'NONE', #767, #2974, #7256, .T. ) ;
#4668 = FACE_OUTER_BOUND ( 'NONE', #5563, .T. ) ;
#4669 = UNCERTAINTY_MEASURE_WITH_UNIT (LENGTH_MEASURE( 1.000000000000000082E-05 ), #7615, 'distance_accuracy_value', 'NONE');
#4671 = ORIENTED_EDGE ( 'NONE', *, *, #820, .T. ) ;
#4670 = CARTESIAN_POINT ( 'NONE',  ( 6.600000000000001421, -1.374999999999998890, -4.250000000000000888 ) ) ;
#4672 = DIRECTION ( 'NONE',  ( -0.000000000000000000, 1.000000000000000000, 0.000000000000000000 ) ) ;
#4673 = DIRECTION ( 'NONE',  ( 0.000000000000000000, 1.000000000000000000, 0.000000000000000000 ) ) ;
#4674 = ORIENTED_EDGE ( 'NONE', *, *, #9612, .T. ) ;
#4675 = EDGE_CURVE ( 'NONE', #2528, #1353, #8378, .T. ) ;
#4676 = CARTESIAN_POINT ( 'NONE',  ( -8.290000000000000924, 0.06318885240105015511, 3.947195844781839824 ) ) ;
#4677 = CARTESIAN_POINT ( 'NONE',  ( -2.005012788258550671, -0.4563247477326364265, 3.764787266265075427 ) ) ;
#4678 = AXIS2_PLACEMENT_3D ( 'NONE', #2704, #6852, #5106 ) ;
#4679 = CARTESIAN_POINT ( 'NONE',  ( 4.060000000000001386, -1.374999999999998890, -4.250000000000000888 ) ) ;
#4680 = COLOUR_RGB ( '',0.7529411764705882248, 0.7529411764705882248, 0.7529411764705882248 ) ;
#4681 = FILL_AREA_STYLE ('',( #1286 ) ) ;
#4682 = PRESENTATION_STYLE_ASSIGNMENT (( #5244 ) ) ;
#4683 = ORIENTED_EDGE ( 'NONE', *, *, #3435, .F. ) ;
#4684 = EDGE_LOOP ( 'NONE', ( #7768, #8487, #7548, #8570 ) ) ;
#4685 =( NAMED_UNIT ( * ) SI_UNIT ( $, .STERADIAN. ) SOLID_ANGLE_UNIT ( ) );
#4686 = PRESENTATION_LAYER_ASSIGNMENT (  '', '', ( #6931 ) ) ;
#4687 = CARTESIAN_POINT ( 'NONE',  ( -0.6700000000000004841, 0.06318885240105015511, -3.947195844781839824 ) ) ;
#4688 = COLOUR_RGB ( '',0.7529411764705882248, 0.7529411764705882248, 0.7529411764705882248 ) ;
#4689 = CARTESIAN_POINT ( 'NONE',  ( -3.281936167392618842, -1.374999999999999112, -4.039106398383939478 ) ) ;
#4690 = LINE ( 'NONE', #2787, #2157 ) ;
#4691 = LINE ( 'NONE', #8168, #6072 ) ;
#4692 = EDGE_LOOP ( 'NONE', ( #5974, #2537, #5270, #2198 ) ) ;
#4693 = LINE ( 'NONE', #10208, #9108 ) ;
#4694 = CARTESIAN_POINT ( 'NONE',  ( -10.00000000000000000, -0.1100000000000000006, -3.549999999999999378 ) ) ;
#4695 = SURFACE_SIDE_STYLE ('',( #4268 ) ) ;
#4696 = CARTESIAN_POINT ( 'NONE',  ( 3.209999999999999964, -0.1568111475989498460, -3.745646205093807080 ) ) ;
#4697 = CARTESIAN_POINT ( 'NONE',  ( 1.870000000000000107, -4.674999999999999822, -4.034390786870895695 ) ) ;
#4698 = MECHANICAL_DESIGN_GEOMETRIC_PRESENTATION_REPRESENTATION (  '', ( #1840 ), #4909 ) ;
#4699 = CARTESIAN_POINT ( 'NONE',  ( 9.115000000000000213, -0.1568111475989498460, -3.745646205093807080 ) ) ;
#4700 = CARTESIAN_POINT ( 'NONE',  ( 10.00000000000000000, -0.1100000000000000006, 3.550000000000000266 ) ) ;
#4701 = SURFACE_STYLE_FILL_AREA ( #50 ) ;
#4702 = DIRECTION ( 'NONE',  ( 0.000000000000000000, 0.000000000000000000, -1.000000000000000000 ) ) ;
#4703 = STYLED_ITEM ( 'NONE', ( #7214 ), #1775 ) ;
#4704 = PRESENTATION_STYLE_ASSIGNMENT (( #2329 ) ) ;
#4705 = COLOUR_RGB ( '',0.7529411764705882248, 0.7529411764705882248, 0.7529411764705882248 ) ;
#4706 =( LENGTH_UNIT ( ) NAMED_UNIT ( * ) SI_UNIT ( .MILLI., .METRE. ) );
#4707 = PRESENTATION_STYLE_ASSIGNMENT (( #3030 ) ) ;
#4708 = ADVANCED_FACE ( 'NONE', ( #832 ), #2030, .F. ) ;
#4709 = ORIENTED_EDGE ( 'NONE', *, *, #4249, .F. ) ;
#4710 =( NAMED_UNIT ( * ) SI_UNIT ( $, .STERADIAN. ) SOLID_ANGLE_UNIT ( ) );
#4711 = FILL_AREA_STYLE ('',( #1446 ) ) ;
#4712 = SURFACE_SIDE_STYLE ('',( #6010 ) ) ;
#4713 = COLOUR_RGB ( '',0.7529411764705882248, 0.7529411764705882248, 0.7529411764705882248 ) ;
#4714 = PRESENTATION_STYLE_ASSIGNMENT (( #8611 ) ) ;
#4715 = MECHANICAL_DESIGN_GEOMETRIC_PRESENTATION_REPRESENTATION (  '', ( #3605 ), #3958 ) ;
#4716 = DIRECTION ( 'NONE',  ( -1.000000000000000000, -0.000000000000000000, 0.000000000000000000 ) ) ;
#4717 = CARTESIAN_POINT ( 'NONE',  ( 8.290000000000000924, -0.1599999999999999756, 3.695747996505077904 ) ) ;
#4718 = ORIENTED_EDGE ( 'NONE', *, *, #899, .T. ) ;
#4719 = PLANE ( 'NONE',  #4968 ) ;
#4720 = FILL_AREA_STYLE ('',( #9345 ) ) ;
#4721 = ORIENTED_EDGE ( 'NONE', *, *, #479, .F. ) ;
#4722 = LINE ( 'NONE', #9168, #2567 ) ;
#4723 = CARTESIAN_POINT ( 'NONE',  ( -5.821936167392618877, -1.374999999999998668, -3.823497185254834729 ) ) ;
#4724 = EDGE_CURVE ( 'NONE', #9302, #624, #2190, .T. ) ;
#4725 = CARTESIAN_POINT ( 'NONE',  ( 1.870000000000000107, -0.1568111475989498460, -3.745646205093807080 ) ) ;
#4726 = VECTOR ( 'NONE', #7551, 999.9999999999998863 ) ;
#4727 = DIRECTION ( 'NONE',  ( 0.000000000000000000, -1.000000000000000000, 0.000000000000000000 ) ) ;
#4728 = AXIS2_PLACEMENT_3D ( 'NONE', #8741, #6239, #4638 ) ;
#4729 = EDGE_CURVE ( 'NONE', #4619, #6504, #6121, .T. ) ;
#4730 = EDGE_LOOP ( 'NONE', ( #2213, #4501, #341, #4792 ) ) ;
#4731 =( LENGTH_UNIT ( ) NAMED_UNIT ( * ) SI_UNIT ( .MILLI., .METRE. ) );
#4732 = SURFACE_SIDE_STYLE ('',( #1456 ) ) ;
#4733 = VECTOR ( 'NONE', #5112, 1000.000000000000000 ) ;
#4734 = DIRECTION ( 'NONE',  ( 0.000000000000000000, -0.000000000000000000, 1.000000000000000000 ) ) ;
#4735 = DIRECTION ( 'NONE',  ( -1.000000000000000000, -0.000000000000000000, -0.000000000000000000 ) ) ;
#4736 = EDGE_CURVE ( 'NONE', #7925, #9220, #6755, .T. ) ;
#4737 =( LENGTH_UNIT ( ) NAMED_UNIT ( * ) SI_UNIT ( .MILLI., .METRE. ) );
#4738 =( NAMED_UNIT ( * ) SI_UNIT ( $, .STERADIAN. ) SOLID_ANGLE_UNIT ( ) );
#4739 = SURFACE_STYLE_FILL_AREA ( #6832 ) ;
#4740 = VERTEX_POINT ( 'NONE', #8594 ) ;
#4741 = EDGE_CURVE ( 'NONE', #9035, #5526, #2069, .T. ) ;
#4742 = PRESENTATION_LAYER_ASSIGNMENT (  '', '', ( #2573 ) ) ;
#4743 = EDGE_CURVE ( 'NONE', #10225, #7149, #8006, .T. ) ;
#4744 = LINE ( 'NONE', #8648, #5751 ) ;
#4745 = CARTESIAN_POINT ( 'NONE',  ( 3.560000000000000497, -4.674999999999999822, 4.249999999999999112 ) ) ;
#4746 = CARTESIAN_POINT ( 'NONE',  ( 1.520000000000000462, -1.374999999999998890, -4.039106398383939478 ) ) ;
#4747 = STYLED_ITEM ( 'NONE', ( #6490 ), #7547 ) ;
#4748 = DIRECTION ( 'NONE',  ( 0.000000000000000000, -0.000000000000000000, -1.000000000000000000 ) ) ;
#4749 = LINE ( 'NONE', #6620, #1320 ) ;
#4750 = ORIENTED_EDGE ( 'NONE', *, *, #6897, .T. ) ;
#4751 = CARTESIAN_POINT ( 'NONE',  ( -3.559999999999999165, -0.1568111475989498460, -3.745646205093807080 ) ) ;
#4752 = EDGE_CURVE ( 'NONE', #5256, #9797, #3964, .T. ) ;
#4753 = CARTESIAN_POINT ( 'NONE',  ( 1.020000000000000018, -4.674999999999999822, 4.249999999999999112 ) ) ;
#4754 = LINE ( 'NONE', #7004, #8277 ) ;
#4755 = LINE ( 'NONE', #4289, #6400 ) ;
#4756 =( LENGTH_UNIT ( ) NAMED_UNIT ( * ) SI_UNIT ( .MILLI., .METRE. ) );
#4757 = ORIENTED_EDGE ( 'NONE', *, *, #8911, .F. ) ;
#4758 = ORIENTED_EDGE ( 'NONE', *, *, #5817, .T. ) ;
#4759 = DIRECTION ( 'NONE',  ( 0.000000000000000000, -1.000000000000000000, 0.000000000000000000 ) ) ;
#4760 = FACE_OUTER_BOUND ( 'NONE', #5661, .T. ) ;
#4761 = EDGE_LOOP ( 'NONE', ( #5255, #5752, #1770, #3655 ) ) ;
#4762 = ADVANCED_FACE ( 'NONE', ( #1678 ), #537, .F. ) ;
#4763 = PRESENTATION_LAYER_ASSIGNMENT (  '', '', ( #9966 ) ) ;
#4764 = CARTESIAN_POINT ( 'NONE',  ( -7.973139281051459193, -0.2868757863665514773, 3.753958265733986277 ) ) ;
#4765 = VECTOR ( 'NONE', #2947, 999.9999999999998863 ) ;
#4766 = DIRECTION ( 'NONE',  ( -9.794241735966333711E-17, 0.000000000000000000, -1.000000000000000000 ) ) ;
#4767 = VECTOR ( 'NONE', #9222, 1000.000000000000114 ) ;
#4768 = AXIS2_PLACEMENT_3D ( 'NONE', #1679, #6535, #3203 ) ;
#4769 = ORIENTED_EDGE ( 'NONE', *, *, #1672, .T. ) ;
#4770 = VERTEX_POINT ( 'NONE', #2278 ) ;
#4771 = LINE ( 'NONE', #7008, #3871 ) ;
#4772 = DIRECTION ( 'NONE',  ( 1.000000000000000000, 0.000000000000000000, 0.000000000000000000 ) ) ;
#4773 = DIRECTION ( 'NONE',  ( 0.000000000000000000, 0.000000000000000000, -1.000000000000000000 ) ) ;
#4774 = VERTEX_POINT ( 'NONE', #7917 ) ;
#4775 = CARTESIAN_POINT ( 'NONE',  ( 4.410000000000001030, -1.055665328710549522, -4.250000000000000888 ) ) ;
#4776 = FILL_AREA_STYLE_COLOUR ( '', #5924 ) ;
#4777 = SURFACE_STYLE_USAGE ( .BOTH. , #2255 ) ;
#4778 = MECHANICAL_DESIGN_GEOMETRIC_PRESENTATION_REPRESENTATION (  '', ( #4225 ), #8548 ) ;
#4779 = STYLED_ITEM ( 'NONE', ( #4991 ), #10415 ) ;
#4780 = ORIENTED_EDGE ( 'NONE', *, *, #1468, .T. ) ;
#4781 = ORIENTED_EDGE ( 'NONE', *, *, #3293, .F. ) ;
#4782 = SURFACE_STYLE_FILL_AREA ( #9500 ) ;
#4783 = DIRECTION ( 'NONE',  ( -0.000000000000000000, 0.000000000000000000, 1.000000000000000000 ) ) ;
#4784 = CARTESIAN_POINT ( 'NONE',  ( 4.410000000000000142, 0.1100000000000000006, 3.550000000000000266 ) ) ;
#4785 = DIRECTION ( 'NONE',  ( -1.000000000000000000, -0.000000000000000000, -0.000000000000000000 ) ) ;
#4786 = ORIENTED_EDGE ( 'NONE', *, *, #7443, .F. ) ;
#4787 = COLOUR_RGB ( '',0.7529411764705882248, 0.7529411764705882248, 0.7529411764705882248 ) ;
#4788 =( NAMED_UNIT ( * ) SI_UNIT ( $, .STERADIAN. ) SOLID_ANGLE_UNIT ( ) );
#4789 = FACE_OUTER_BOUND ( 'NONE', #6100, .T. ) ;
#4790 = SURFACE_SIDE_STYLE ('',( #4060 ) ) ;
#4791 = VERTEX_POINT ( 'NONE', #2205 ) ;
#4792 = ORIENTED_EDGE ( 'NONE', *, *, #5207, .T. ) ;
#4793 = MECHANICAL_DESIGN_GEOMETRIC_PRESENTATION_REPRESENTATION (  '', ( #1388 ), #9175 ) ;
#4794 = EDGE_CURVE ( 'NONE', #4064, #9035, #10268, .T. ) ;
#4795 = FACE_OUTER_BOUND ( 'NONE', #8907, .T. ) ;
#4796 = CARTESIAN_POINT ( 'NONE',  ( 6.600000000000001421, -1.374999999999998890, 4.039106398383938590 ) ) ;
#4797 = UNCERTAINTY_MEASURE_WITH_UNIT (LENGTH_MEASURE( 1.000000000000000082E-05 ), #6268, 'distance_accuracy_value', 'NONE');
#4798 = LINE ( 'NONE', #8755, #7806 ) ;
#4799 = COLOUR_RGB ( '',0.7529411764705882248, 0.7529411764705882248, 0.7529411764705882248 ) ;
#4800 = VERTEX_POINT ( 'NONE', #7130 ) ;
#4801 = EDGE_CURVE ( 'NONE', #1507, #8033, #4595, .T. ) ;
#4802 = EDGE_LOOP ( 'NONE', ( #2586, #6205, #5185, #6743 ) ) ;
#4803 = DIRECTION ( 'NONE',  ( -1.000000000000000000, 0.000000000000000000, -0.000000000000000000 ) ) ;
#4804 = EDGE_CURVE ( 'NONE', #8424, #516, #1566, .T. ) ;
#4805 = DIRECTION ( 'NONE',  ( -0.000000000000000000, -0.000000000000000000, -1.000000000000000000 ) ) ;
#4806 =( NAMED_UNIT ( * ) SI_UNIT ( $, .STERADIAN. ) SOLID_ANGLE_UNIT ( ) );
#4807 = COLOUR_RGB ( '',0.7529411764705882248, 0.7529411764705882248, 0.7529411764705882248 ) ;
#4808 = FILL_AREA_STYLE_COLOUR ( '', #4298 ) ;
#4809 = ORIENTED_EDGE ( 'NONE', *, *, #5532, .F. ) ;
#4810 = MECHANICAL_DESIGN_GEOMETRIC_PRESENTATION_REPRESENTATION (  '', ( #8243 ), #5890 ) ;
#4811 = VECTOR ( 'NONE', #7659, 1000.000000000000000 ) ;
#4812 = DIRECTION ( 'NONE',  ( 1.000000000000000000, 0.000000000000000000, 0.000000000000000000 ) ) ;
#4813 = MANIFOLD_SOLID_BREP ( 'Cut-Extrude2[10]', #5423 ) ;
#4814 = FACE_OUTER_BOUND ( 'NONE', #885, .T. ) ;
#4815 = ORIENTED_EDGE ( 'NONE', *, *, #3899, .F. ) ;
#4816 = ORIENTED_EDGE ( 'NONE', *, *, #6442, .F. ) ;
#4817 = CARTESIAN_POINT ( 'NONE',  ( -9.999999999999998224, 0.1100000000000000006, 3.550000000000000266 ) ) ;
#4818 = EDGE_LOOP ( 'NONE', ( #4367, #5134, #5132, #1549, #1861, #6178, #110, #3914, #2793, #2754 ) ) ;
#4819 = AXIS2_PLACEMENT_3D ( 'NONE', #10312, #2269, #3925 ) ;
#4820 = VERTEX_POINT ( 'NONE', #7954 ) ;
#4821 = ADVANCED_FACE ( 'NONE', ( #10150 ), #752, .T. ) ;
#4822 = EDGE_CURVE ( 'NONE', #3178, #8257, #323, .T. ) ;
#4823 = LINE ( 'NONE', #1951, #8853 ) ;
#4824 = ORIENTED_EDGE ( 'NONE', *, *, #2692, .F. ) ;
#4825 = PRESENTATION_STYLE_ASSIGNMENT (( #4526 ) ) ;
#4826 = CARTESIAN_POINT ( 'NONE',  ( 6.949999999999999289, -0.1568111475989498460, -3.745646205093807080 ) ) ;
#4827 = EDGE_CURVE ( 'NONE', #7013, #6827, #4327, .T. ) ;
#4828 = DIRECTION ( 'NONE',  ( -0.000000000000000000, -0.000000000000000000, 1.000000000000000000 ) ) ;
#4829 = PRESENTATION_LAYER_ASSIGNMENT (  '', '', ( #7524 ) ) ;
#4830 = VECTOR ( 'NONE', #1774, 1000.000000000000000 ) ;
#4831 = AXIS2_PLACEMENT_3D ( 'NONE', #9410, #6983, #5313 ) ;
#4832 = CARTESIAN_POINT ( 'NONE',  ( 6.949999999999999289, 0.1099999999999998618, 3.897297636193110648 ) ) ;
#4833 =( NAMED_UNIT ( * ) PLANE_ANGLE_UNIT ( ) SI_UNIT ( $, .RADIAN. ) );
#4834 = LINE ( 'NONE', #4015, #3800 ) ;
#4835 =( GEOMETRIC_REPRESENTATION_CONTEXT ( 3 ) GLOBAL_UNCERTAINTY_ASSIGNED_CONTEXT ( ( #302 ) ) GLOBAL_UNIT_ASSIGNED_CONTEXT ( ( #7432, #4215, #4972 ) ) REPRESENTATION_CONTEXT ( 'NONE', 'WORKASPACE' ) );
#4836 = ORIENTED_EDGE ( 'NONE', *, *, #1797, .F. ) ;
#4837 = VECTOR ( 'NONE', #9836, 1000.000000000000227 ) ;
#4838 = CARTESIAN_POINT ( 'NONE',  ( 1.870000000000000107, -0.1100000000000000006, 3.695747996505077460 ) ) ;
#4839 = ORIENTED_EDGE ( 'NONE', *, *, #8512, .T. ) ;
#4840 = COLOUR_RGB ( '',0.7529411764705882248, 0.7529411764705882248, 0.7529411764705882248 ) ;
#4841 = FACE_OUTER_BOUND ( 'NONE', #5789, .T. ) ;
#4842 = CARTESIAN_POINT ( 'NONE',  ( -6.878063832607380412, -1.374999999999998890, 4.039106398383938590 ) ) ;
#4843 = CARTESIAN_POINT ( 'NONE',  ( 8.290000000000000924, 0.06318885240105015511, -3.947195844781839824 ) ) ;
#4844 =( LENGTH_UNIT ( ) NAMED_UNIT ( * ) SI_UNIT ( .MILLI., .METRE. ) );
#4845 = CIRCLE ( 'NONE', #1219, 0.04999999999999969746 ) ;
#4846 = ORIENTED_EDGE ( 'NONE', *, *, #6628, .T. ) ;
#4847 = DIRECTION ( 'NONE',  ( 0.000000000000000000, -1.000000000000000000, 0.000000000000000000 ) ) ;
#4848 = DIRECTION ( 'NONE',  ( -0.000000000000000000, -0.000000000000000000, 1.000000000000000000 ) ) ;
#4849 = ORIENTED_EDGE ( 'NONE', *, *, #2290, .F. ) ;
#4850 = MECHANICAL_DESIGN_GEOMETRIC_PRESENTATION_REPRESENTATION (  '', ( #6531 ), #1778 ) ;
#4851 = DIRECTION ( 'NONE',  ( -0.000000000000000000, -0.000000000000000000, -1.000000000000000000 ) ) ;
#4852 = LINE ( 'NONE', #7829, #6616 ) ;
#4853 = ORIENTED_EDGE ( 'NONE', *, *, #1891, .T. ) ;
#4854 = DIRECTION ( 'NONE',  ( 1.000000000000000000, 0.000000000000000000, 0.000000000000000000 ) ) ;
#4855 = CARTESIAN_POINT ( 'NONE',  ( 4.060000000000001386, -1.374999999999998890, -4.250000000000000888 ) ) ;
#4856 = ORIENTED_EDGE ( 'NONE', *, *, #6631, .F. ) ;
#4857 = MECHANICAL_DESIGN_GEOMETRIC_PRESENTATION_REPRESENTATION (  '', ( #470 ), #6479 ) ;
#4858 =( NAMED_UNIT ( * ) PLANE_ANGLE_UNIT ( ) SI_UNIT ( $, .RADIAN. ) );
#4859 = CIRCLE ( 'NONE', #4768, 0.05000000000000012768 ) ;
#4860 = CARTESIAN_POINT ( 'NONE',  ( 4.410000000000000142, -4.674999999999999822, -4.034390786870895695 ) ) ;
#4861 = VECTOR ( 'NONE', #7284, 999.9999999999998863 ) ;
#4862 = VECTOR ( 'NONE', #9382, 1000.000000000000000 ) ;
#4863 = PLANE ( 'NONE',  #9828 ) ;
#4864 = CARTESIAN_POINT ( 'NONE',  ( -8.421615491570639378, -1.374999999999999556, -4.250000000000000888 ) ) ;
#4865 = PLANE ( 'NONE',  #5554 ) ;
#4866 = DIRECTION ( 'NONE',  ( -0.000000000000000000, -0.000000000000000000, 1.000000000000000000 ) ) ;
#4867 = VERTEX_POINT ( 'NONE', #8881 ) ;
#4868 = EDGE_CURVE ( 'NONE', #759, #7162, #2570, .T. ) ;
#4869 = DIRECTION ( 'NONE',  ( -1.000000000000000000, 0.000000000000000000, 0.000000000000000000 ) ) ;
#4870 = VECTOR ( 'NONE', #9494, 1000.000000000000227 ) ;
#4871 = ADVANCED_FACE ( 'NONE', ( #8884 ), #5850, .F. ) ;
#4872 = UNCERTAINTY_MEASURE_WITH_UNIT (LENGTH_MEASURE( 1.000000000000000082E-05 ), #7650, 'distance_accuracy_value', 'NONE');
#4873 = AXIS2_PLACEMENT_3D ( 'NONE', #1528, #2336, #1586 ) ;
#4874 = FACE_OUTER_BOUND ( 'NONE', #5844, .T. ) ;
#4875 = FILL_AREA_STYLE ('',( #5785 ) ) ;
#4876 = ORIENTED_EDGE ( 'NONE', *, *, #1611, .T. ) ;
#4877 =( GEOMETRIC_REPRESENTATION_CONTEXT ( 3 ) GLOBAL_UNCERTAINTY_ASSIGNED_CONTEXT ( ( #1484 ) ) GLOBAL_UNIT_ASSIGNED_CONTEXT ( ( #7687, #2870, #8500 ) ) REPRESENTATION_CONTEXT ( 'NONE', 'WORKASPACE' ) );
#4878 = FACE_OUTER_BOUND ( 'NONE', #4730, .T. ) ;
#4879 = CARTESIAN_POINT ( 'NONE',  ( -3.209999999999999964, -1.055665328710549522, 4.018698629005420742 ) ) ;
#4880 = EDGE_CURVE ( 'NONE', #6274, #9574, #9139, .T. ) ;
#4881 = LINE ( 'NONE', #9031, #2464 ) ;
#4882 = DIRECTION ( 'NONE',  ( 0.000000000000000000, -0.9979641717745812990, 0.06377704802100926662 ) ) ;
#4883 = VECTOR ( 'NONE', #2808, 1000.000000000000114 ) ;
#4884 = CARTESIAN_POINT ( 'NONE',  ( -5.750000000000000000, -1.374999999999998668, 3.823497185254834729 ) ) ;
#4885 = ORIENTED_EDGE ( 'NONE', *, *, #4654, .T. ) ;
#4886 = LINE ( 'NONE', #7799, #100 ) ;
#4887 = EDGE_CURVE ( 'NONE', #6259, #8886, #704, .T. ) ;
#4888 = ORIENTED_EDGE ( 'NONE', *, *, #1026, .T. ) ;
#4889 = PRESENTATION_LAYER_ASSIGNMENT (  '', '', ( #6507 ) ) ;
#4890 = COLOUR_RGB ( '',0.7529411764705882248, 0.7529411764705882248, 0.7529411764705882248 ) ;
#4891 = DIRECTION ( 'NONE',  ( -1.000000000000000000, -0.000000000000000000, -0.000000000000000000 ) ) ;
#4892 = DIRECTION ( 'NONE',  ( 0.000000000000000000, 0.000000000000000000, 1.000000000000000000 ) ) ;
#4893 = DIRECTION ( 'NONE',  ( 1.000000000000000000, 0.000000000000000000, 0.000000000000000000 ) ) ;
#4894 = DIRECTION ( 'NONE',  ( 0.000000000000000000, 0.9979641717745812990, -0.06377704802100926662 ) ) ;
#4895 = COLOUR_RGB ( '',0.7529411764705882248, 0.7529411764705882248, 0.7529411764705882248 ) ;
#4896 = CARTESIAN_POINT ( 'NONE',  ( -5.750000000000000000, -1.374999999999998890, -4.039106398383939478 ) ) ;
#4897 = VERTEX_POINT ( 'NONE', #8268 ) ;
#4898 = ORIENTED_EDGE ( 'NONE', *, *, #8918, .T. ) ;
#4899 = PRESENTATION_LAYER_ASSIGNMENT (  '', '', ( #2172 ) ) ;
#4900 = FACE_OUTER_BOUND ( 'NONE', #1172, .T. ) ;
#4901 = FILL_AREA_STYLE_COLOUR ( '', #4446 ) ;
#4902 = ORIENTED_EDGE ( 'NONE', *, *, #404, .F. ) ;
#4903 = VERTEX_POINT ( 'NONE', #7361 ) ;
#4904 = PRESENTATION_STYLE_ASSIGNMENT (( #2145 ) ) ;
#4905 = CARTESIAN_POINT ( 'NONE',  ( 9.115000000000000213, -4.675000000000000711, -4.034390786870895695 ) ) ;
#4906 = CARTESIAN_POINT ( 'NONE',  ( 0.6700000000000004841, -1.055665328710549522, -4.250000000000000888 ) ) ;
#4907 =( NAMED_UNIT ( * ) SI_UNIT ( $, .STERADIAN. ) SOLID_ANGLE_UNIT ( ) );
#4908 = VERTEX_POINT ( 'NONE', #3295 ) ;
#4909 =( GEOMETRIC_REPRESENTATION_CONTEXT ( 3 ) GLOBAL_UNCERTAINTY_ASSIGNED_CONTEXT ( ( #9833 ) ) GLOBAL_UNIT_ASSIGNED_CONTEXT ( ( #7728, #9465, #4514 ) ) REPRESENTATION_CONTEXT ( 'NONE', 'WORKASPACE' ) );
#4910 = SURFACE_STYLE_FILL_AREA ( #9087 ) ;
#4911 = SURFACE_SIDE_STYLE ('',( #937 ) ) ;
#4912 = AXIS2_PLACEMENT_3D ( 'NONE', #4687, #2279, #10220 ) ;
#4913 = CARTESIAN_POINT ( 'NONE',  ( -9.115000000000000213, 0.06000000000000001166, 3.897297636193110648 ) ) ;
#4914 = SURFACE_STYLE_FILL_AREA ( #4033 ) ;
#4915 = DIRECTION ( 'NONE',  ( 0.1710878697460355424, -0.9702875252478138091, 0.1710878697460355147 ) ) ;
#4916 = ORIENTED_EDGE ( 'NONE', *, *, #6982, .F. ) ;
#4917 = DIRECTION ( 'NONE',  ( -0.000000000000000000, 0.9979641717745811880, 0.06377704802100964132 ) ) ;
#4918 = CARTESIAN_POINT ( 'NONE',  ( -0.6700000000000004841, 0.06318885240105015511, -3.947195844781839824 ) ) ;
#4919 = CARTESIAN_POINT ( 'NONE',  ( -1.870000000000000107, 0.06318885240105015511, -3.947195844781839824 ) ) ;
#4920 = AXIS2_PLACEMENT_3D ( 'NONE', #6569, #4078, #8998 ) ;
#4921 = SURFACE_STYLE_FILL_AREA ( #2803 ) ;
#4922 = ADVANCED_FACE ( 'NONE', ( #6373 ), #4174, .T. ) ;
#4923 = ORIENTED_EDGE ( 'NONE', *, *, #840, .F. ) ;
#4924 = ORIENTED_EDGE ( 'NONE', *, *, #8429, .T. ) ;
#4925 = DIRECTION ( 'NONE',  ( 1.000000000000000000, 0.000000000000000000, 0.000000000000000000 ) ) ;
#4926 = DIRECTION ( 'NONE',  ( -0.2197618659596110857, -0.9755535465928817374, 0.000000000000000000 ) ) ;
#4927 = ORIENTED_EDGE ( 'NONE', *, *, #9124, .T. ) ;
#4928 = CARTESIAN_POINT ( 'NONE',  ( -3.559999999999999165, -1.374999999999998890, 4.039106398383938590 ) ) ;
#4929 = DIRECTION ( 'NONE',  ( 1.000000000000000000, 0.000000000000000000, 0.000000000000000000 ) ) ;
#4930 = CARTESIAN_POINT ( 'NONE',  ( -1.870000000000000107, 0.1099999999999998618, -3.897297636193110648 ) ) ;
#4931 = DIRECTION ( 'NONE',  ( -1.000000000000000000, -0.000000000000000000, -0.000000000000000000 ) ) ;
#4932 = CIRCLE ( 'NONE', #8983, 0.05000000000000012768 ) ;
#4933 = DIRECTION ( 'NONE',  ( -1.000000000000000000, 0.000000000000000000, -0.000000000000000000 ) ) ;
#4934 = UNCERTAINTY_MEASURE_WITH_UNIT (LENGTH_MEASURE( 1.000000000000000082E-05 ), #3674, 'distance_accuracy_value', 'NONE');
#4935 = LINE ( 'NONE', #9866, #9468 ) ;
#4936 = PRESENTATION_STYLE_ASSIGNMENT (( #6520 ) ) ;
#4937 = VERTEX_POINT ( 'NONE', #8161 ) ;
#4938 = AXIS2_PLACEMENT_3D ( 'NONE', #7186, #8872, #3960 ) ;
#4939 = EDGE_CURVE ( 'NONE', #1247, #5815, #9387, .T. ) ;
#4940 = ORIENTED_EDGE ( 'NONE', *, *, #8865, .T. ) ;
#4941 = PLANE ( 'NONE',  #3466 ) ;
#4942 = DIRECTION ( 'NONE',  ( -1.000000000000000000, -0.000000000000000000, -0.000000000000000000 ) ) ;
#4943 = CARTESIAN_POINT ( 'NONE',  ( -8.290000000000000924, -4.674999999999999822, 4.034390786870895695 ) ) ;
#4944 = SURFACE_STYLE_USAGE ( .BOTH. , #1807 ) ;
#4945 = LINE ( 'NONE', #525, #655 ) ;
#4946 = EDGE_CURVE ( 'NONE', #1600, #9094, #4206, .T. ) ;
#4947 = LINE ( 'NONE', #8844, #3526 ) ;
#4948 = PLANE ( 'NONE',  #9757 ) ;
#4949 = ORIENTED_EDGE ( 'NONE', *, *, #3488, .F. ) ;
#4950 = ORIENTED_EDGE ( 'NONE', *, *, #5023, .F. ) ;
#4951 = CARTESIAN_POINT ( 'NONE',  ( -4.059999999999999609, -4.674999999999999822, 4.034390786870896584 ) ) ;
#4952 = DIRECTION ( 'NONE',  ( -2.443272501375784959E-16, -0.000000000000000000, -1.000000000000000000 ) ) ;
#4953 = FILL_AREA_STYLE ('',( #5013 ) ) ;
#4954 = PLANE ( 'NONE',  #195 ) ;
#4955 = AXIS2_PLACEMENT_3D ( 'NONE', #7753, #3728, #9459 ) ;
#4956 = EDGE_CURVE ( 'NONE', #3126, #8033, #5225, .T. ) ;
#4957 = FILL_AREA_STYLE_COLOUR ( '', #4504 ) ;
#4958 = PRESENTATION_STYLE_ASSIGNMENT (( #8287 ) ) ;
#4959 = VECTOR ( 'NONE', #10074, 1000.000000000000000 ) ;
#4960 = MECHANICAL_DESIGN_GEOMETRIC_PRESENTATION_REPRESENTATION (  '', ( #3316 ), #98 ) ;
#4961 = ORIENTED_EDGE ( 'NONE', *, *, #2417, .T. ) ;
#4962 = EDGE_CURVE ( 'NONE', #1508, #6166, #439, .T. ) ;
#4963 = COLOUR_RGB ( '',0.7529411764705882248, 0.7529411764705882248, 0.7529411764705882248 ) ;
#4964 = VECTOR ( 'NONE', #6992, 1000.000000000000227 ) ;
#4965 = CARTESIAN_POINT ( 'NONE',  ( -8.290000000000000924, 0.1100000000000000006, 3.550000000000000266 ) ) ;
#4966 = VERTEX_POINT ( 'NONE', #1057 ) ;
#4967 = ORIENTED_EDGE ( 'NONE', *, *, #2920, .F. ) ;
#4968 = AXIS2_PLACEMENT_3D ( 'NONE', #8744, #3927, #7157 ) ;
#4969 = VECTOR ( 'NONE', #7782, 1000.000000000000000 ) ;
#4970 = DIRECTION ( 'NONE',  ( -2.443272501375784959E-16, 0.000000000000000000, -1.000000000000000000 ) ) ;
#4971 = STYLED_ITEM ( 'NONE', ( #4582 ), #1254 ) ;
#4972 =( NAMED_UNIT ( * ) SI_UNIT ( $, .STERADIAN. ) SOLID_ANGLE_UNIT ( ) );
#4973 = FILL_AREA_STYLE_COLOUR ( '', #7834 ) ;
#4974 = ADVANCED_FACE ( 'NONE', ( #8251 ), #5912, .F. ) ;
#4975 = LINE ( 'NONE', #7424, #7604 ) ;
#4976 = ORIENTED_EDGE ( 'NONE', *, *, #7124, .T. ) ;
#4977 = ORIENTED_EDGE ( 'NONE', *, *, #5017, .T. ) ;
#4978 =( NAMED_UNIT ( * ) PLANE_ANGLE_UNIT ( ) SI_UNIT ( $, .RADIAN. ) );
#4979 = DIRECTION ( 'NONE',  ( -1.000000000000000000, 0.000000000000000000, 0.000000000000000000 ) ) ;
#4980 = PRESENTATION_STYLE_ASSIGNMENT (( #8908 ) ) ;
#4981 = PRESENTATION_LAYER_ASSIGNMENT (  '', '', ( #8356 ) ) ;
#4982 = FACE_OUTER_BOUND ( 'NONE', #2038, .T. ) ;
#4983 = FILL_AREA_STYLE_COLOUR ( '', #3961 ) ;
#4984 = PRODUCT_DEFINITION_FORMATION_WITH_SPECIFIED_SOURCE ( 'ANY', '', #6140, .NOT_KNOWN. ) ;
#4985 = DIRECTION ( 'NONE',  ( -1.000000000000000000, -0.000000000000000000, -0.000000000000000000 ) ) ;
#4986 = ORIENTED_EDGE ( 'NONE', *, *, #8176, .T. ) ;
#4987 = VECTOR ( 'NONE', #2895, 1000.000000000000000 ) ;
#4988 = VECTOR ( 'NONE', #4284, 1000.000000000000114 ) ;
#4989 = SURFACE_SIDE_STYLE ('',( #3017 ) ) ;
#4990 = DIRECTION ( 'NONE',  ( -0.2197618659596110857, 0.9755535465928817374, 0.000000000000000000 ) ) ;
#4991 = PRESENTATION_STYLE_ASSIGNMENT (( #3072 ) ) ;
#4992 = ORIENTED_EDGE ( 'NONE', *, *, #8785, .F. ) ;
#4993 = PLANE ( 'NONE',  #5895 ) ;
#4994 = LINE ( 'NONE', #1598, #7627 ) ;
#4995 = FILL_AREA_STYLE ('',( #9052 ) ) ;
#4996 = EDGE_CURVE ( 'NONE', #8098, #2161, #6997, .T. ) ;
#4997 = DIRECTION ( 'NONE',  ( 1.000000000000000000, -0.000000000000000000, 0.000000000000000000 ) ) ;
#4998 = DIRECTION ( 'NONE',  ( -1.000000000000000000, 0.000000000000000000, -0.000000000000000000 ) ) ;
#4999 = EDGE_CURVE ( 'NONE', #5293, #7472, #8767, .T. ) ;
#5000 = CARTESIAN_POINT ( 'NONE',  ( 9.115000000000000213, -0.1599999999999999756, 3.695747996505077904 ) ) ;
#5001 = DIRECTION ( 'NONE',  ( 0.000000000000000000, -0.9979641717745812990, 0.06377704802100914172 ) ) ;
#5002 = VECTOR ( 'NONE', #1654, 1000.000000000000000 ) ;
#5003 = ORIENTED_EDGE ( 'NONE', *, *, #2438, .T. ) ;
#5004 = PRESENTATION_STYLE_ASSIGNMENT (( #3341 ) ) ;
#5005 = PLANE ( 'NONE',  #6305 ) ;
#5006 = FACE_OUTER_BOUND ( 'NONE', #1987, .T. ) ;
#5007 = VECTOR ( 'NONE', #6847, 1000.000000000000114 ) ;
#5008 = SURFACE_SIDE_STYLE ('',( #803 ) ) ;
#5009 = DIRECTION ( 'NONE',  ( 1.000000000000000000, 0.000000000000000000, 0.000000000000000000 ) ) ;
#5010 =( GEOMETRIC_REPRESENTATION_CONTEXT ( 3 ) GLOBAL_UNCERTAINTY_ASSIGNED_CONTEXT ( ( #6484 ) ) GLOBAL_UNIT_ASSIGNED_CONTEXT ( ( #7014, #2978, #4491 ) ) REPRESENTATION_CONTEXT ( 'NONE', 'WORKASPACE' ) );
#5011 = ORIENTED_EDGE ( 'NONE', *, *, #3613, .F. ) ;
#5012 = EDGE_LOOP ( 'NONE', ( #1996, #6630, #4613, #5153 ) ) ;
#5013 = FILL_AREA_STYLE_COLOUR ( '', #10227 ) ;
#5014 = DIRECTION ( 'NONE',  ( -1.000000000000000000, -0.000000000000000000, 0.000000000000000000 ) ) ;
#5015 = DIRECTION ( 'NONE',  ( 0.000000000000000000, 0.000000000000000000, -1.000000000000000000 ) ) ;
#5016 = ORIENTED_EDGE ( 'NONE', *, *, #1681, .F. ) ;
#5017 = EDGE_CURVE ( 'NONE', #10313, #2917, #8370, .T. ) ;
#5018 =( LENGTH_UNIT ( ) NAMED_UNIT ( * ) SI_UNIT ( .MILLI., .METRE. ) );
#5019 = FACE_OUTER_BOUND ( 'NONE', #2880, .T. ) ;
#5020 = CARTESIAN_POINT ( 'NONE',  ( -6.949999999999999289, 0.1100000000000000006, 3.550000000000000266 ) ) ;
#5021 = VECTOR ( 'NONE', #9512, 1000.000000000000227 ) ;
#5022 = FACE_OUTER_BOUND ( 'NONE', #5602, .T. ) ;
#5023 = EDGE_CURVE ( 'NONE', #6770, #8264, #9268, .T. ) ;
#5024 = ADVANCED_FACE ( 'NONE', ( #4982 ), #7486, .T. ) ;
#5025 = VERTEX_POINT ( 'NONE', #2616 ) ;
#5026 = VECTOR ( 'NONE', #9813, 1000.000000000000000 ) ;
#5027 = EDGE_LOOP ( 'NONE', ( #6063, #6206, #4888, #3043, #9930, #9358, #3496, #2223 ) ) ;
#5028 = CARTESIAN_POINT ( 'NONE',  ( 1.870000000000000107, -0.1568111475989498460, 3.745646205093807080 ) ) ;
#5029 = FACE_OUTER_BOUND ( 'NONE', #10361, .T. ) ;
#5030 = DIRECTION ( 'NONE',  ( -0.000000000000000000, -0.000000000000000000, 1.000000000000000000 ) ) ;
#5031 = STYLED_ITEM ( 'NONE', ( #4707 ), #8361 ) ;
#5032 = STYLED_ITEM ( 'NONE', ( #5004 ), #589 ) ;
#5033 =( NAMED_UNIT ( * ) PLANE_ANGLE_UNIT ( ) SI_UNIT ( $, .RADIAN. ) );
#5034 = DIRECTION ( 'NONE',  ( 1.000000000000000000, -0.000000000000000000, 0.000000000000000000 ) ) ;
#5035 = ORIENTED_EDGE ( 'NONE', *, *, #2715, .T. ) ;
#5036 = VERTEX_POINT ( 'NONE', #9286 ) ;
#5037 = VERTEX_POINT ( 'NONE', #8396 ) ;
#5038 = CARTESIAN_POINT ( 'NONE',  ( -10.00000000000000000, 0.1100000000000000006, -3.549999999999999378 ) ) ;
#5039 = DIRECTION ( 'NONE',  ( 0.000000000000000000, 0.9979641717745812990, -0.06377704802100926662 ) ) ;
#5040 = FACE_OUTER_BOUND ( 'NONE', #10406, .T. ) ;
#5041 = FILL_AREA_STYLE ('',( #6634 ) ) ;
#5042 = SURFACE_STYLE_FILL_AREA ( #133 ) ;
#5043 = STYLED_ITEM ( 'NONE', ( #4366 ), #9935 ) ;
#5044 = EDGE_LOOP ( 'NONE', ( #6244, #113, #8663, #3606 ) ) ;
#5045 = ORIENTED_EDGE ( 'NONE', *, *, #8323, .F. ) ;
#5046 = DIRECTION ( 'NONE',  ( 0.000000000000000000, -0.06377704802100926662, -0.9979641717745812990 ) ) ;
#5047 = AXIS2_PLACEMENT_3D ( 'NONE', #9565, #5678, #4734 ) ;
#5048 = CARTESIAN_POINT ( 'NONE',  ( -2.005012788258550671, -0.4563247477326364265, -3.764787266265075427 ) ) ;
#5049 = VECTOR ( 'NONE', #3616, 1000.000000000000114 ) ;
#5050 = CARTESIAN_POINT ( 'NONE',  ( -3.210000000000000853, -0.1568111475989498460, 3.745646205093807080 ) ) ;
#5051 =( LENGTH_UNIT ( ) NAMED_UNIT ( * ) SI_UNIT ( .MILLI., .METRE. ) );
#5052 = LINE ( 'NONE', #9538, #272 ) ;
#5053 = SURFACE_SIDE_STYLE ('',( #3719 ) ) ;
#5054 = DIRECTION ( 'NONE',  ( -0.000000000000000000, -0.000000000000000000, 1.000000000000000000 ) ) ;
#5055 = ORIENTED_EDGE ( 'NONE', *, *, #5733, .T. ) ;
#5056 = PRESENTATION_LAYER_ASSIGNMENT (  '', '', ( #535 ) ) ;
#5057 = UNCERTAINTY_MEASURE_WITH_UNIT (LENGTH_MEASURE( 1.000000000000000082E-05 ), #6611, 'distance_accuracy_value', 'NONE');
#5058 = LINE ( 'NONE', #922, #1630 ) ;
#5059 = DIRECTION ( 'NONE',  ( -0.000000000000000000, 1.000000000000000000, 0.000000000000000000 ) ) ;
#5060 = SURFACE_STYLE_FILL_AREA ( #2061 ) ;
#5061 = ORIENTED_EDGE ( 'NONE', *, *, #9200, .T. ) ;
#5062 = DIRECTION ( 'NONE',  ( -0.000000000000000000, 0.9979641717745812990, -0.06377704802100912784 ) ) ;
#5063 = EDGE_CURVE ( 'NONE', #9265, #7040, #5346, .T. ) ;
#5064 = FILL_AREA_STYLE ('',( #6696 ) ) ;
#5065 = PLANE ( 'NONE',  #8730 ) ;
#5066 = AXIS2_PLACEMENT_3D ( 'NONE', #3882, #1559, #2374 ) ;
#5067 = LINE ( 'NONE', #7916, #2798 ) ;
#5068 =( LENGTH_UNIT ( ) NAMED_UNIT ( * ) SI_UNIT ( .MILLI., .METRE. ) );
#5069 = SURFACE_STYLE_FILL_AREA ( #4291 ) ;
#5071 = EDGE_LOOP ( 'NONE', ( #1356, #10153, #4356, #2309 ) ) ;
#5070 = DIRECTION ( 'NONE',  ( -0.000000000000000000, 1.000000000000000000, 0.000000000000000000 ) ) ;
#5072 = CARTESIAN_POINT ( 'NONE',  ( 3.209999999999999964, -0.1100000000000000006, -3.695747996505077460 ) ) ;
#5073 = COLOUR_RGB ( '',0.7529411764705882248, 0.7529411764705882248, 0.7529411764705882248 ) ;
#5074 = DIRECTION ( 'NONE',  ( 0.000000000000000000, -0.9979641717745812990, 0.06377704802100926662 ) ) ;
#5075 = ADVANCED_FACE ( 'NONE', ( #1555 ), #2865, .F. ) ;
#5076 = AXIS2_PLACEMENT_3D ( 'NONE', #1357, #2913, #7847 ) ;
#5077 =( NAMED_UNIT ( * ) SI_UNIT ( $, .STERADIAN. ) SOLID_ANGLE_UNIT ( ) );
#5078 = EDGE_CURVE ( 'NONE', #7381, #6827, #1072, .T. ) ;
#5079 = FACE_OUTER_BOUND ( 'NONE', #2267, .T. ) ;
#5080 = ORIENTED_EDGE ( 'NONE', *, *, #6989, .F. ) ;
#5081 = DIRECTION ( 'NONE',  ( 0.000000000000000000, -1.000000000000000000, 0.000000000000000000 ) ) ;
#5082 = SURFACE_STYLE_FILL_AREA ( #2649 ) ;
#5083 = LINE ( 'NONE', #3829, #7721 ) ;
#5084 = CARTESIAN_POINT ( 'NONE',  ( 4.410000000000000142, -0.1568111475989498460, 3.745646205093807080 ) ) ;
#5085 = EDGE_CURVE ( 'NONE', #8152, #6492, #823, .T. ) ;
#5086 = EDGE_CURVE ( 'NONE', #1227, #6199, #7997, .T. ) ;
#5087 = ORIENTED_EDGE ( 'NONE', *, *, #2284, .T. ) ;
#5088 = FACE_OUTER_BOUND ( 'NONE', #991, .T. ) ;
#5089 = PRESENTATION_LAYER_ASSIGNMENT (  '', '', ( #3119 ) ) ;
#5090 = PRESENTATION_STYLE_ASSIGNMENT (( #5698 ) ) ;
#5091 = EDGE_CURVE ( 'NONE', #3188, #2989, #2694, .T. ) ;
#5092 = SURFACE_STYLE_FILL_AREA ( #2805 ) ;
#5093 = VERTEX_POINT ( 'NONE', #1173 ) ;
#5094 = FILL_AREA_STYLE_COLOUR ( '', #8777 ) ;
#5095 = VERTEX_POINT ( 'NONE', #9985 ) ;
#5096 = VECTOR ( 'NONE', #1250, 1000.000000000000000 ) ;
#5097 = VECTOR ( 'NONE', #8191, 1000.000000000000000 ) ;
#5098 = DIRECTION ( 'NONE',  ( -1.000000000000000000, -0.000000000000000000, -0.000000000000000000 ) ) ;
#5099 = DIRECTION ( 'NONE',  ( -0.000000000000000000, -0.000000000000000000, 1.000000000000000000 ) ) ;
#5100 = ORIENTED_EDGE ( 'NONE', *, *, #9330, .T. ) ;
#5101 = MECHANICAL_DESIGN_GEOMETRIC_PRESENTATION_REPRESENTATION (  '', ( #3452 ), #5436 ) ;
#5102 = ORIENTED_EDGE ( 'NONE', *, *, #2438, .F. ) ;
#5103 =( GEOMETRIC_REPRESENTATION_CONTEXT ( 3 ) GLOBAL_UNCERTAINTY_ASSIGNED_CONTEXT ( ( #8472 ) ) GLOBAL_UNIT_ASSIGNED_CONTEXT ( ( #8247, #5108, #7510 ) ) REPRESENTATION_CONTEXT ( 'NONE', 'WORKASPACE' ) );
#5104 = CARTESIAN_POINT ( 'NONE',  ( -3.210000000000000853, 0.06318885240105015511, 3.947195844781839824 ) ) ;
#5105 = VECTOR ( 'NONE', #10218, 1000.000000000000000 ) ;
#5106 = DIRECTION ( 'NONE',  ( 1.000000000000000000, 0.000000000000000000, -0.000000000000000000 ) ) ;
#5107 = CARTESIAN_POINT ( 'NONE',  ( -9.115000000000000213, 0.1100000000000000006, -3.897297636193110648 ) ) ;
#5108 =( NAMED_UNIT ( * ) PLANE_ANGLE_UNIT ( ) SI_UNIT ( $, .RADIAN. ) );
#5109 = VERTEX_POINT ( 'NONE', #2039 ) ;
#5110 = CIRCLE ( 'NONE', #650, 0.05000000000000012768 ) ;
#5111 = UNCERTAINTY_MEASURE_WITH_UNIT (LENGTH_MEASURE( 1.000000000000000082E-05 ), #9568, 'distance_accuracy_value', 'NONE');
#5112 = DIRECTION ( 'NONE',  ( -0.000000000000000000, -0.000000000000000000, 1.000000000000000000 ) ) ;
#5113 = PRESENTATION_LAYER_ASSIGNMENT (  '', '', ( #3673 ) ) ;
#5114 = CARTESIAN_POINT ( 'NONE',  ( -1.870000000000000107, 0.1100000000000000006, 3.550000000000000266 ) ) ;
#5115 = LINE ( 'NONE', #4091, #979 ) ;
#5116 = ORIENTED_EDGE ( 'NONE', *, *, #4124, .T. ) ;
#5117 = ADVANCED_FACE ( 'NONE', ( #3691 ), #6796, .F. ) ;
#5118 = VECTOR ( 'NONE', #2324, 1000.000000000000227 ) ;
#5119 = UNCERTAINTY_MEASURE_WITH_UNIT (LENGTH_MEASURE( 1.000000000000000082E-05 ), #7378, 'distance_accuracy_value', 'NONE');
#5120 = STYLED_ITEM ( 'NONE', ( #3232 ), #4007 ) ;
#5121 = EDGE_CURVE ( 'NONE', #1965, #7000, #9900, .T. ) ;
#5122 =( NAMED_UNIT ( * ) PLANE_ANGLE_UNIT ( ) SI_UNIT ( $, .RADIAN. ) );
#5123 = FILL_AREA_STYLE_COLOUR ( '', #6926 ) ;
#5124 = ORIENTED_EDGE ( 'NONE', *, *, #8323, .T. ) ;
#5125 = CARTESIAN_POINT ( 'NONE',  ( -6.949999999999999289, -1.055665328710549522, -3.897297636193110648 ) ) ;
#5126 = CARTESIAN_POINT ( 'NONE',  ( -1.870000000000000107, -0.1100000000000000006, -3.550000000000000266 ) ) ;
#5127 = ORIENTED_EDGE ( 'NONE', *, *, #3429, .F. ) ;
#5128 = VECTOR ( 'NONE', #3276, 1000.000000000000000 ) ;
#5129 = ADVANCED_FACE ( 'NONE', ( #4585 ), #6038, .T. ) ;
#5130 = EDGE_CURVE ( 'NONE', #3178, #5920, #4194, .T. ) ;
#5131 = LINE ( 'NONE', #10230, #6788 ) ;
#5132 = ORIENTED_EDGE ( 'NONE', *, *, #10344, .T. ) ;
#5133 = LINE ( 'NONE', #4511, #7036 ) ;
#5134 = ORIENTED_EDGE ( 'NONE', *, *, #3248, .T. ) ;
#5135 = PRESENTATION_STYLE_ASSIGNMENT (( #9340 ) ) ;
#5136 = ORIENTED_EDGE ( 'NONE', *, *, #1476, .F. ) ;
#5137 = VERTEX_POINT ( 'NONE', #7612 ) ;
#5138 = DIRECTION ( 'NONE',  ( 0.000000000000000000, -0.9979641717745812990, -0.06377704802100912784 ) ) ;
#5139 = AXIS2_PLACEMENT_3D ( 'NONE', #8464, #3618, #6869 ) ;
#5140 = VECTOR ( 'NONE', #10124, 1000.000000000000000 ) ;
#5141 = CARTESIAN_POINT ( 'NONE',  ( 4.060000000000001386, -4.675000000000000711, -4.034390786870895695 ) ) ;
#5142 = VECTOR ( 'NONE', #6480, 1000.000000000000000 ) ;
#5143 = STYLED_ITEM ( 'NONE', ( #9489 ), #7961 ) ;
#5144 = CARTESIAN_POINT ( 'NONE',  ( 4.410000000000000142, -0.1100000000000000006, -3.550000000000000266 ) ) ;
#5145 = PLANE ( 'NONE',  #8928 ) ;
#5146 = EDGE_LOOP ( 'NONE', ( #3313, #9968, #10399, #5422 ) ) ;
#5147 = EDGE_CURVE ( 'NONE', #6141, #6640, #7122, .T. ) ;
#5148 = FACE_OUTER_BOUND ( 'NONE', #1097, .T. ) ;
#5149 = LINE ( 'NONE', #6514, #8167 ) ;
#5150 = DIRECTION ( 'NONE',  ( -1.000000000000000000, -0.000000000000000000, -0.000000000000000000 ) ) ;
#5151 = EDGE_CURVE ( 'NONE', #6937, #6933, #1289, .T. ) ;
#5152 = ORIENTED_EDGE ( 'NONE', *, *, #6726, .F. ) ;
#5153 = ORIENTED_EDGE ( 'NONE', *, *, #7978, .T. ) ;
#5154 = CARTESIAN_POINT ( 'NONE',  ( -0.6700000000000004841, 0.1100000000000000006, 3.550000000000000266 ) ) ;
#5155 = SURFACE_STYLE_FILL_AREA ( #5367 ) ;
#5156 =( NAMED_UNIT ( * ) SI_UNIT ( $, .STERADIAN. ) SOLID_ANGLE_UNIT ( ) );
#5157 = CARTESIAN_POINT ( 'NONE',  ( -5.750000000000000000, -0.1100000000000000006, 3.550000000000000266 ) ) ;
#5158 =( GEOMETRIC_REPRESENTATION_CONTEXT ( 3 ) GLOBAL_UNCERTAINTY_ASSIGNED_CONTEXT ( ( #4469 ) ) GLOBAL_UNIT_ASSIGNED_CONTEXT ( ( #10120, #3727, #3764 ) ) REPRESENTATION_CONTEXT ( 'NONE', 'WORKASPACE' ) );
#5159 = CARTESIAN_POINT ( 'NONE',  ( 1.870000000000000107, 0.06318885240105015511, 3.947195844781839824 ) ) ;
#5160 = VECTOR ( 'NONE', #3834, 1000.000000000000000 ) ;
#5161 = VECTOR ( 'NONE', #4556, 1000.000000000000227 ) ;
#5162 = CIRCLE ( 'NONE', #8131, 0.05000000000000012768 ) ;
#5163 = ORIENTED_EDGE ( 'NONE', *, *, #1810, .T. ) ;
#5164 = ORIENTED_EDGE ( 'NONE', *, *, #3505, .T. ) ;
#5165 = CARTESIAN_POINT ( 'NONE',  ( -6.949999999999999289, -1.055665328710549522, -3.803089415876315993 ) ) ;
#5166 = DIRECTION ( 'NONE',  ( 0.000000000000000000, 0.000000000000000000, -1.000000000000000000 ) ) ;
#5167 = ADVANCED_FACE ( 'NONE', ( #6099 ), #10443, .F. ) ;
#5168 = DIRECTION ( 'NONE',  ( 0.000000000000000000, -4.022841720910280989E-15, 1.000000000000000000 ) ) ;
#5169 = LINE ( 'NONE', #2228, #9341 ) ;
#5170 = AXIS2_PLACEMENT_3D ( 'NONE', #8620, #6264, #4636 ) ;
#5171 = CARTESIAN_POINT ( 'NONE',  ( 7.142742732160400898, -0.2000534821418788467, 3.748409699540487416 ) ) ;
#5172 = CARTESIAN_POINT ( 'NONE',  ( 5.750000000000000000, -0.1100000000000000006, 3.695747996505077460 ) ) ;
#5173 = VERTEX_POINT ( 'NONE', #6027 ) ;
#5174 = ORIENTED_EDGE ( 'NONE', *, *, #2031, .T. ) ;
#5175 = SURFACE_SIDE_STYLE ('',( #2665 ) ) ;
#5176 = VERTEX_POINT ( 'NONE', #5172 ) ;
#5177 = CARTESIAN_POINT ( 'NONE',  ( -3.210000000000000853, -1.374999999999998668, 3.823497185254834729 ) ) ;
#5178 = LINE ( 'NONE', #5568, #20 ) ;
#5179 = ORIENTED_EDGE ( 'NONE', *, *, #9141, .T. ) ;
#5180 = UNCERTAINTY_MEASURE_WITH_UNIT (LENGTH_MEASURE( 1.000000000000000082E-05 ), #8134, 'distance_accuracy_value', 'NONE');
#5181 = FILL_AREA_STYLE_COLOUR ( '', #9113 ) ;
#5182 = SURFACE_STYLE_FILL_AREA ( #3156 ) ;
#5183 = SURFACE_STYLE_FILL_AREA ( #5741 ) ;
#5184 = ORIENTED_EDGE ( 'NONE', *, *, #3915, .T. ) ;
#5185 = ORIENTED_EDGE ( 'NONE', *, *, #6278, .F. ) ;
#5186 = DIRECTION ( 'NONE',  ( 0.000000000000000000, -1.000000000000000000, 0.000000000000000000 ) ) ;
#5187 = PLANE ( 'NONE',  #806 ) ;
#5188 =( NAMED_UNIT ( * ) SI_UNIT ( $, .STERADIAN. ) SOLID_ANGLE_UNIT ( ) );
#5189 = EDGE_CURVE ( 'NONE', #9265, #1012, #5718, .T. ) ;
#5190 = VECTOR ( 'NONE', #9381, 1000.000000000000000 ) ;
#5191 = PLANE ( 'NONE',  #6865 ) ;
#5192 = CARTESIAN_POINT ( 'NONE',  ( 3.281936167392619730, -1.374999999999998890, -4.250000000000000888 ) ) ;
#5193 = EDGE_CURVE ( 'NONE', #4908, #1836, #5855, .T. ) ;
#5194 = ORIENTED_EDGE ( 'NONE', *, *, #8652, .F. ) ;
#5195 = LINE ( 'NONE', #4764, #7349 ) ;
#5196 = PLANE ( 'NONE',  #4346 ) ;
#5197 = AXIS2_PLACEMENT_3D ( 'NONE', #2120, #7762, #7732 ) ;
#5198 = VECTOR ( 'NONE', #6249, 1000.000000000000000 ) ;
#5199 = ORIENTED_EDGE ( 'NONE', *, *, #9144, .F. ) ;
#5200 = CARTESIAN_POINT ( 'NONE',  ( -8.421615491570639378, -1.374999999999999556, 4.039106398383938590 ) ) ;
#5201 = CARTESIAN_POINT ( 'NONE',  ( -5.821936167392618877, -1.374999999999998890, -4.250000000000000888 ) ) ;
#5202 = VECTOR ( 'NONE', #1283, 1000.000000000000000 ) ;
#5203 = ORIENTED_EDGE ( 'NONE', *, *, #2092, .T. ) ;
#5204 = AXIS2_PLACEMENT_3D ( 'NONE', #5553, #672, #10355 ) ;
#5205 = PRESENTATION_STYLE_ASSIGNMENT (( #6355 ) ) ;
#5206 = CARTESIAN_POINT ( 'NONE',  ( 6.949999999999999289, -0.1100000000000000006, -3.550000000000000266 ) ) ;
#5207 = EDGE_CURVE ( 'NONE', #10060, #1965, #5337, .T. ) ;
#5208 = CARTESIAN_POINT ( 'NONE',  ( -8.290000000000000924, -1.055665328710549522, -4.018698629005419853 ) ) ;
#5209 = DIRECTION ( 'NONE',  ( 0.000000000000000000, -0.000000000000000000, 1.000000000000000000 ) ) ;
#5210 = ORIENTED_EDGE ( 'NONE', *, *, #1562, .T. ) ;
#5211 = COLOUR_RGB ( '',0.7529411764705882248, 0.7529411764705882248, 0.7529411764705882248 ) ;
#5212 = VECTOR ( 'NONE', #7108, 1000.000000000000000 ) ;
#5213 = CARTESIAN_POINT ( 'NONE',  ( -5.557257267839601056, -0.2000534821418784581, -3.748409699540486972 ) ) ;
#5214 = DIRECTION ( 'NONE',  ( -0.2197618659596110857, -0.9755535465928817374, 0.000000000000000000 ) ) ;
#5215 = EDGE_CURVE ( 'NONE', #6259, #3039, #9010, .T. ) ;
#5216 =( GEOMETRIC_REPRESENTATION_CONTEXT ( 3 ) GLOBAL_UNCERTAINTY_ASSIGNED_CONTEXT ( ( #10414 ) ) GLOBAL_UNIT_ASSIGNED_CONTEXT ( ( #3533, #3637, #9163 ) ) REPRESENTATION_CONTEXT ( 'NONE', 'WORKASPACE' ) );
#5217 = FACE_OUTER_BOUND ( 'NONE', #3155, .T. ) ;
#5218 = PLANE ( 'NONE',  #8066 ) ;
#5219 = ORIENTED_EDGE ( 'NONE', *, *, #7109, .T. ) ;
#5220 = DIRECTION ( 'NONE',  ( 0.000000000000000000, 0.000000000000000000, -1.000000000000000000 ) ) ;
#5221 = VERTEX_POINT ( 'NONE', #9377 ) ;
#5222 =( GEOMETRIC_REPRESENTATION_CONTEXT ( 3 ) GLOBAL_UNCERTAINTY_ASSIGNED_CONTEXT ( ( #1799 ) ) GLOBAL_UNIT_ASSIGNED_CONTEXT ( ( #8597, #6894, #5323 ) ) REPRESENTATION_CONTEXT ( 'NONE', 'WORKASPACE' ) );
#5223 = ADVANCED_FACE ( 'NONE', ( #4074 ), #6819, .F. ) ;
#5224 = SURFACE_STYLE_FILL_AREA ( #9047 ) ;
#5225 = LINE ( 'NONE', #6767, #7245 ) ;
#5226 = CARTESIAN_POINT ( 'NONE',  ( -8.290000000000000924, -0.1100000000000000006, -3.550000000000000266 ) ) ;
#5227 = CARTESIAN_POINT ( 'NONE',  ( -1.870000000000000107, -0.1100000000000000006, 3.550000000000000266 ) ) ;
#5228 = CARTESIAN_POINT ( 'NONE',  ( 6.100000000000001421, -4.674999999999999822, 4.034390786870896584 ) ) ;
#5229 = ORIENTED_EDGE ( 'NONE', *, *, #3114, .T. ) ;
#5230 = CARTESIAN_POINT ( 'NONE',  ( 1.870000000000000107, 0.06318885240105015511, -3.947195844781839824 ) ) ;
#5231 = SURFACE_STYLE_FILL_AREA ( #1230 ) ;
#5232 = DIRECTION ( 'NONE',  ( 0.000000000000000000, -0.06377704802100926662, -0.9979641717745812990 ) ) ;
#5233 = CARTESIAN_POINT ( 'NONE',  ( -8.290000000000000924, -1.055665328710549522, 4.018698629005418965 ) ) ;
#5234 = SURFACE_STYLE_FILL_AREA ( #2306 ) ;
#5235 = ORIENTED_EDGE ( 'NONE', *, *, #4655, .F. ) ;
#5236 = CARTESIAN_POINT ( 'NONE',  ( -0.6700000000000004841, -0.1100000000000000006, -3.550000000000000266 ) ) ;
#5237 = STYLED_ITEM ( 'NONE', ( #2882 ), #9421 ) ;
#5238 = MECHANICAL_DESIGN_GEOMETRIC_PRESENTATION_REPRESENTATION (  '', ( #4703 ), #8828 ) ;
#5239 = CARTESIAN_POINT ( 'NONE',  ( 8.290000000000000924, -0.1568111475989498460, -3.745646205093807080 ) ) ;
#5240 = FILL_AREA_STYLE_COLOUR ( '', #6792 ) ;
#5241 = ORIENTED_EDGE ( 'NONE', *, *, #3831, .T. ) ;
#5242 = UNCERTAINTY_MEASURE_WITH_UNIT (LENGTH_MEASURE( 1.000000000000000082E-05 ), #10051, 'distance_accuracy_value', 'NONE');
#5243 = VECTOR ( 'NONE', #5547, 1000.000000000000000 ) ;
#5244 = SURFACE_STYLE_USAGE ( .BOTH. , #6885 ) ;
#5245 = DIRECTION ( 'NONE',  ( 0.9755535465928818484, 0.2197618659596111135, 0.000000000000000000 ) ) ;
#5246 = VECTOR ( 'NONE', #709, 1000.000000000000114 ) ;
#5247 =( NAMED_UNIT ( * ) SI_UNIT ( $, .STERADIAN. ) SOLID_ANGLE_UNIT ( ) );
#5248 = ORIENTED_EDGE ( 'NONE', *, *, #8111, .T. ) ;
#5249 = CARTESIAN_POINT ( 'NONE',  ( 6.949999999999999289, 0.06318885240105015511, 3.947195844781839824 ) ) ;
#5250 = COLOUR_RGB ( '',0.7921568627450980005, 0.8196078431372548767, 0.9333333333333333481 ) ;
#5251 = VECTOR ( 'NONE', #5988, 1000.000000000000000 ) ;
#5252 = MANIFOLD_SOLID_BREP ( 'Cut-Extrude2[1]', #2211 ) ;
#5253 = VERTEX_POINT ( 'NONE', #2912 ) ;
#5254 = EDGE_CURVE ( 'NONE', #5221, #475, #6240, .T. ) ;
#5255 = ORIENTED_EDGE ( 'NONE', *, *, #7955, .T. ) ;
#5256 = VERTEX_POINT ( 'NONE', #10144 ) ;
#5257 = SURFACE_SIDE_STYLE ('',( #5889 ) ) ;
#5258 = SURFACE_SIDE_STYLE ('',( #5618 ) ) ;
#5259 = PRESENTATION_LAYER_ASSIGNMENT (  '', '', ( #9596 ) ) ;
#5260 = PRESENTATION_STYLE_ASSIGNMENT (( #9375 ) ) ;
#5261 = EDGE_CURVE ( 'NONE', #5036, #1642, #3425, .T. ) ;
#5262 = CARTESIAN_POINT ( 'NONE',  ( 6.949999999999999289, -1.374999999999998890, -4.039106398383939478 ) ) ;
#5263 = LINE ( 'NONE', #39, #1109 ) ;
#5264 = CARTESIAN_POINT ( 'NONE',  ( -8.290000000000000924, -1.374999999999999556, -4.039106398383939478 ) ) ;
#5265 = CARTESIAN_POINT ( 'NONE',  ( 3.281936167392619730, -1.374999999999998890, 4.039106398383938590 ) ) ;
#5266 = CARTESIAN_POINT ( 'NONE',  ( 4.410000000000000142, -0.1568111475989498460, -3.745646205093807080 ) ) ;
#5267 = AXIS2_PLACEMENT_3D ( 'NONE', #2532, #3939, #4418 ) ;
#5268 = EDGE_LOOP ( 'NONE', ( #5584, #3095, #3165, #6253 ) ) ;
#5269 = VECTOR ( 'NONE', #329, 1000.000000000000000 ) ;
#5270 = ORIENTED_EDGE ( 'NONE', *, *, #4197, .F. ) ;
#5271 = EDGE_CURVE ( 'NONE', #1649, #2298, #2303, .T. ) ;
#5272 =( NAMED_UNIT ( * ) SI_UNIT ( $, .STERADIAN. ) SOLID_ANGLE_UNIT ( ) );
#5273 = ADVANCED_FACE ( 'NONE', ( #3554 ), #3677, .F. ) ;
#5274 = EDGE_CURVE ( 'NONE', #435, #9999, #9759, .T. ) ;
#5275 =( NAMED_UNIT ( * ) PLANE_ANGLE_UNIT ( ) SI_UNIT ( $, .RADIAN. ) );
#5276 = CARTESIAN_POINT ( 'NONE',  ( -0.6700000000000004841, 0.06000000000000001166, -3.897297636193110648 ) ) ;
#5277 = ORIENTED_EDGE ( 'NONE', *, *, #9467, .T. ) ;
#5278 = ORIENTED_EDGE ( 'NONE', *, *, #8381, .T. ) ;
#5279 =( GEOMETRIC_REPRESENTATION_CONTEXT ( 3 ) GLOBAL_UNCERTAINTY_ASSIGNED_CONTEXT ( ( #9132 ) ) GLOBAL_UNIT_ASSIGNED_CONTEXT ( ( #4167, #2521, #5805 ) ) REPRESENTATION_CONTEXT ( 'NONE', 'WORKASPACE' ) );
#5280 = EDGE_CURVE ( 'NONE', #4908, #1123, #935, .T. ) ;
#5281 =( NAMED_UNIT ( * ) SI_UNIT ( $, .STERADIAN. ) SOLID_ANGLE_UNIT ( ) );
#5282 = ORIENTED_EDGE ( 'NONE', *, *, #9760, .F. ) ;
#5283 = AXIS2_PLACEMENT_3D ( 'NONE', #9120, #4280, #8228 ) ;
#5284 = DIRECTION ( 'NONE',  ( 0.000000000000000000, 1.000000000000000000, 0.000000000000000000 ) ) ;
#5285 =( NAMED_UNIT ( * ) PLANE_ANGLE_UNIT ( ) SI_UNIT ( $, .RADIAN. ) );
#5286 = EDGE_CURVE ( 'NONE', #4631, #8819, #8614, .T. ) ;
#5287 = LINE ( 'NONE', #8075, #7434 ) ;
#5288 = CARTESIAN_POINT ( 'NONE',  ( -10.00000000000000000, -0.1100000000000000006, -3.549999999999999378 ) ) ;
#5289 = ADVANCED_FACE ( 'NONE', ( #2685 ), #5353, .F. ) ;
#5290 = CARTESIAN_POINT ( 'NONE',  ( -4.338063832607380377, -1.374999999999998890, -4.250000000000000888 ) ) ;
#5291 = ORIENTED_EDGE ( 'NONE', *, *, #4197, .T. ) ;
#5292 = ORIENTED_EDGE ( 'NONE', *, *, #2519, .F. ) ;
#5293 = VERTEX_POINT ( 'NONE', #4643 ) ;
#5294 = DIRECTION ( 'NONE',  ( -0.000000000000000000, -0.000000000000000000, 1.000000000000000000 ) ) ;
#5295 = DIRECTION ( 'NONE',  ( -1.000000000000000000, -0.000000000000000000, -0.000000000000000000 ) ) ;
#5296 = LINE ( 'NONE', #2310, #1021 ) ;
#5297 = PRESENTATION_LAYER_ASSIGNMENT (  '', '', ( #5237 ) ) ;
#5298 = EDGE_LOOP ( 'NONE', ( #8142, #1381, #3517, #1322 ) ) ;
#5299 = DIRECTION ( 'NONE',  ( -1.000000000000000000, 0.000000000000000000, 0.000000000000000000 ) ) ;
#5300 = ORIENTED_EDGE ( 'NONE', *, *, #7572, .F. ) ;
#5301 = CARTESIAN_POINT ( 'NONE',  ( 5.750000000000000000, 0.06000000000000001166, -3.897297636193110648 ) ) ;
#5302 = AXIS2_PLACEMENT_3D ( 'NONE', #236, #1852, #2680 ) ;
#5303 = CARTESIAN_POINT ( 'NONE',  ( 4.060000000000001386, -4.675000000000000711, 4.034390786870893919 ) ) ;
#5304 = ORIENTED_EDGE ( 'NONE', *, *, #7843, .T. ) ;
#5305 = FACE_OUTER_BOUND ( 'NONE', #7989, .T. ) ;
#5306 = FACE_OUTER_BOUND ( 'NONE', #9005, .T. ) ;
#5307 = VERTEX_POINT ( 'NONE', #6269 ) ;
#5308 = ORIENTED_EDGE ( 'NONE', *, *, #10148, .F. ) ;
#5309 = MECHANICAL_DESIGN_GEOMETRIC_PRESENTATION_REPRESENTATION (  '', ( #3877 ), #4417 ) ;
#5310 = PRESENTATION_LAYER_ASSIGNMENT (  '', '', ( #4779 ) ) ;
#5311 = FILL_AREA_STYLE ('',( #7804 ) ) ;
#5312 = PRESENTATION_STYLE_ASSIGNMENT (( #2395 ) ) ;
#5313 = DIRECTION ( 'NONE',  ( 1.000000000000000000, 0.000000000000000000, 0.000000000000000000 ) ) ;
#5314 = SURFACE_STYLE_FILL_AREA ( #861 ) ;
#5315 = FILL_AREA_STYLE_COLOUR ( '', #3681 ) ;
#5316 = UNCERTAINTY_MEASURE_WITH_UNIT (LENGTH_MEASURE( 1.000000000000000082E-05 ), #4844, 'distance_accuracy_value', 'NONE');
#5317 = SURFACE_STYLE_USAGE ( .BOTH. , #462 ) ;
#5318 = ORIENTED_EDGE ( 'NONE', *, *, #1331, .T. ) ;
#5319 = SURFACE_STYLE_USAGE ( .BOTH. , #2065 ) ;
#5320 = CARTESIAN_POINT ( 'NONE',  ( 3.209999999999999964, -0.1100000000000000006, -3.550000000000000266 ) ) ;
#5321 = SURFACE_STYLE_USAGE ( .BOTH. , #398 ) ;
#5322 = SURFACE_STYLE_USAGE ( .BOTH. , #1070 ) ;
#5323 =( NAMED_UNIT ( * ) SI_UNIT ( $, .STERADIAN. ) SOLID_ANGLE_UNIT ( ) );
#5324 = AXIS2_PLACEMENT_3D ( 'NONE', #7317, #1653, #138 ) ;
#5325 = EDGE_CURVE ( 'NONE', #3521, #9700, #5711, .T. ) ;
#5326 = VECTOR ( 'NONE', #4328, 1000.000000000000000 ) ;
#5327 = ADVANCED_FACE ( 'NONE', ( #10247 ), #818, .F. ) ;
#5328 = VECTOR ( 'NONE', #5739, 1000.000000000000000 ) ;
#5329 = CARTESIAN_POINT ( 'NONE',  ( -6.949999999999999289, -0.1568111475989498460, 3.745646205093807080 ) ) ;
#5330 = ORIENTED_EDGE ( 'NONE', *, *, #3708, .F. ) ;
#5331 = EDGE_CURVE ( 'NONE', #8113, #10108, #2170, .T. ) ;
#5332 = DIRECTION ( 'NONE',  ( 0.000000000000000000, -4.022841720910280989E-15, 1.000000000000000000 ) ) ;
#5333 = DIRECTION ( 'NONE',  ( -0.2197618659596110857, 0.9755535465928817374, 0.000000000000000000 ) ) ;
#5334 = DIRECTION ( 'NONE',  ( -1.000000000000000000, -0.000000000000000000, -0.000000000000000000 ) ) ;
#5335 = EDGE_CURVE ( 'NONE', #7080, #6436, #2549, .T. ) ;
#5336 = SURFACE_STYLE_FILL_AREA ( #9499 ) ;
#5337 = LINE ( 'NONE', #1986, #1415 ) ;
#5338 = ORIENTED_EDGE ( 'NONE', *, *, #5189, .T. ) ;
#5339 = MECHANICAL_DESIGN_GEOMETRIC_PRESENTATION_REPRESENTATION (  '', ( #2966 ), #625 ) ;
#5340 = PLANE ( 'NONE',  #10107 ) ;
#5341 = EDGE_LOOP ( 'NONE', ( #1076, #7461, #8555, #10035 ) ) ;
#5342 = CARTESIAN_POINT ( 'NONE',  ( 8.146779866811545645, -0.7081746677861846528, -3.780882277388351032 ) ) ;
#5343 = VECTOR ( 'NONE', #5997, 1000.000000000000000 ) ;
#5344 =( GEOMETRIC_REPRESENTATION_CONTEXT ( 3 ) GLOBAL_UNCERTAINTY_ASSIGNED_CONTEXT ( ( #736 ) ) GLOBAL_UNIT_ASSIGNED_CONTEXT ( ( #8948, #6592, #951 ) ) REPRESENTATION_CONTEXT ( 'NONE', 'WORKASPACE' ) );
#5345 = CIRCLE ( 'NONE', #8739, 0.05000000000000012768 ) ;
#5346 = LINE ( 'NONE', #6693, #4726 ) ;
#5347 = DIRECTION ( 'NONE',  ( 0.000000000000000000, 0.06377704802100914172, -0.9979641717745812990 ) ) ;
#5348 =( LENGTH_UNIT ( ) NAMED_UNIT ( * ) SI_UNIT ( .MILLI., .METRE. ) );
#5349 = CARTESIAN_POINT ( 'NONE',  ( -9.207097143600909916, 0.7750000000000000222, -4.336808689942017736E-16 ) ) ;
#5350 = EDGE_CURVE ( 'NONE', #1561, #6274, #6748, .T. ) ;
#5351 = ORIENTED_EDGE ( 'NONE', *, *, #6366, .T. ) ;
#5352 = SURFACE_STYLE_USAGE ( .BOTH. , #7016 ) ;
#5353 = PLANE ( 'NONE',  #9407 ) ;
#5354 = ORIENTED_EDGE ( 'NONE', *, *, #2216, .T. ) ;
#5355 = CARTESIAN_POINT ( 'NONE',  ( 0.6700000000000004841, 0.06318885240105015511, -3.947195844781839824 ) ) ;
#5356 = EDGE_CURVE ( 'NONE', #1065, #6494, #71, .T. ) ;
#5357 = PLANE ( 'NONE',  #8538 ) ;
#5358 = FILL_AREA_STYLE ('',( #4579 ) ) ;
#5359 = ORIENTED_EDGE ( 'NONE', *, *, #6376, .F. ) ;
#5360 = STYLED_ITEM ( 'NONE', ( #9154 ), #962 ) ;
#5361 = CARTESIAN_POINT ( 'NONE',  ( -8.290000000000000924, 0.1100000000000000006, 3.550000000000000266 ) ) ;
#5362 = SURFACE_SIDE_STYLE ('',( #2734 ) ) ;
#5363 = ORIENTED_EDGE ( 'NONE', *, *, #952, .T. ) ;
#5364 = SURFACE_STYLE_FILL_AREA ( #8067 ) ;
#5365 = CARTESIAN_POINT ( 'NONE',  ( 0.6700000000000004841, 0.1100000000000000006, -3.550000000000000266 ) ) ;
#5366 = LINE ( 'NONE', #8870, #4234 ) ;
#5367 = FILL_AREA_STYLE ('',( #8539 ) ) ;
#5368 = CARTESIAN_POINT ( 'NONE',  ( -10.31407632760869753, 0.5749999999999999556, 0.5241992011858075395 ) ) ;
#5369 = ORIENTED_EDGE ( 'NONE', *, *, #1810, .F. ) ;
#5370 = UNCERTAINTY_MEASURE_WITH_UNIT (LENGTH_MEASURE( 1.000000000000000082E-05 ), #7821, 'distance_accuracy_value', 'NONE');
#5371 = AXIS2_PLACEMENT_3D ( 'NONE', #10204, #7904, #2193 ) ;
#5372 = VECTOR ( 'NONE', #2813, 1000.000000000000000 ) ;
#5373 = LINE ( 'NONE', #4348, #2969 ) ;
#5374 =( NAMED_UNIT ( * ) PLANE_ANGLE_UNIT ( ) SI_UNIT ( $, .RADIAN. ) );
#5375 = AXIS2_PLACEMENT_3D ( 'NONE', #3424, #3457, #7503 ) ;
#5376 =( NAMED_UNIT ( * ) PLANE_ANGLE_UNIT ( ) SI_UNIT ( $, .RADIAN. ) );
#5377 = ORIENTED_EDGE ( 'NONE', *, *, #4605, .F. ) ;
#5378 = ORIENTED_EDGE ( 'NONE', *, *, #176, .F. ) ;
#5379 = ORIENTED_EDGE ( 'NONE', *, *, #1483, .F. ) ;
#5380 = DIRECTION ( 'NONE',  ( 0.000000000000000000, 0.000000000000000000, 1.000000000000000000 ) ) ;
#5381 = DIRECTION ( 'NONE',  ( 0.000000000000000000, -0.9979641717745812990, 0.06377704802100926662 ) ) ;
#5382 = VECTOR ( 'NONE', #10048, 1000.000000000000000 ) ;
#5383 = LINE ( 'NONE', #1232, #4626 ) ;
#5384 = DIRECTION ( 'NONE',  ( -1.000000000000000000, -0.000000000000000000, 0.000000000000000000 ) ) ;
#5385 = AXIS2_PLACEMENT_3D ( 'NONE', #7513, #5823, #3433 ) ;
#5386 = CARTESIAN_POINT ( 'NONE',  ( -6.949999999999999289, -0.1100000000000000006, 3.550000000000000266 ) ) ;
#5387 = CARTESIAN_POINT ( 'NONE',  ( 6.949999999999999289, -1.055665328710557072, 3.897297636193110648 ) ) ;
#5388 = EDGE_LOOP ( 'NONE', ( #4293, #9471, #465, #8717, #1708, #745, #1022, #6985 ) ) ;
#5389 = PLANE ( 'NONE',  #117 ) ;
#5390 = FILL_AREA_STYLE_COLOUR ( '', #5211 ) ;
#5391 = ORIENTED_EDGE ( 'NONE', *, *, #9115, .F. ) ;
#5392 = ORIENTED_EDGE ( 'NONE', *, *, #10269, .T. ) ;
#5393 = ADVANCED_FACE ( 'NONE', ( #5969 ), #7465, .F. ) ;
#5394 = DIRECTION ( 'NONE',  ( -1.000000000000000000, -0.000000000000000000, -0.000000000000000000 ) ) ;
#5395 = LINE ( 'NONE', #514, #5645 ) ;
#5396 = VECTOR ( 'NONE', #8450, 1000.000000000000000 ) ;
#5397 = VECTOR ( 'NONE', #3148, 1000.000000000000000 ) ;
#5398 = EDGE_CURVE ( 'NONE', #10116, #5561, #1925, .T. ) ;
#5399 = SURFACE_STYLE_USAGE ( .BOTH. , #5362 ) ;
#5400 = EDGE_LOOP ( 'NONE', ( #5673, #3489, #7599, #8982, #3615, #5692, #6657, #8062, #8126, #5116 ) ) ;
#5401 = LINE ( 'NONE', #1554, #1010 ) ;
#5402 = ORIENTED_EDGE ( 'NONE', *, *, #5543, .F. ) ;
#5403 = MECHANICAL_DESIGN_GEOMETRIC_PRESENTATION_REPRESENTATION (  '', ( #9932 ), #10261 ) ;
#5404 = DIRECTION ( 'NONE',  ( 0.000000000000000000, 0.000000000000000000, -1.000000000000000000 ) ) ;
#5405 = DIRECTION ( 'NONE',  ( -1.000000000000000000, -0.000000000000000000, -0.000000000000000000 ) ) ;
#5406 = VERTEX_POINT ( 'NONE', #4066 ) ;
#5407 = SURFACE_STYLE_USAGE ( .BOTH. , #6972 ) ;
#5408 = FACE_OUTER_BOUND ( 'NONE', #7241, .T. ) ;
#5409 = DIRECTION ( 'NONE',  ( 0.000000000000000000, 0.000000000000000000, -1.000000000000000000 ) ) ;
#5410 = AXIS2_PLACEMENT_3D ( 'NONE', #604, #5384, #8627 ) ;
#5411 = ORIENTED_EDGE ( 'NONE', *, *, #4061, .T. ) ;
#5412 = VERTEX_POINT ( 'NONE', #8950 ) ;
#5413 = EDGE_CURVE ( 'NONE', #7963, #3459, #1178, .T. ) ;
#5414 = DIRECTION ( 'NONE',  ( 0.000000000000000000, -0.06377704802100965520, 0.9979641717745812990 ) ) ;
#5415 = LINE ( 'NONE', #4282, #5666 ) ;
#5416 = VECTOR ( 'NONE', #4338, 999.9999999999998863 ) ;
#5417 = EDGE_CURVE ( 'NONE', #9563, #3249, #1064, .T. ) ;
#5418 = DIRECTION ( 'NONE',  ( -1.000000000000000000, -0.000000000000000000, -0.000000000000000000 ) ) ;
#5419 =( LENGTH_UNIT ( ) NAMED_UNIT ( * ) SI_UNIT ( .MILLI., .METRE. ) );
#5420 =( GEOMETRIC_REPRESENTATION_CONTEXT ( 3 ) GLOBAL_UNCERTAINTY_ASSIGNED_CONTEXT ( ( #7444 ) ) GLOBAL_UNIT_ASSIGNED_CONTEXT ( ( #7066, #7958, #5461 ) ) REPRESENTATION_CONTEXT ( 'NONE', 'WORKASPACE' ) );
#5421 = LINE ( 'NONE', #9762, #6698 ) ;
#5422 = ORIENTED_EDGE ( 'NONE', *, *, #1866, .F. ) ;
#5423 = CLOSED_SHELL ( 'NONE', ( #8995, #1350, #5983, #9145, #7247, #10400, #2153, #3721, #6293, #2901, #3112, #645, #10188, #3007, #1191, #471 ) ) ;
#5424 = ORIENTED_EDGE ( 'NONE', *, *, #4736, .F. ) ;
#5425 = FILL_AREA_STYLE ('',( #8519 ) ) ;
#5426 = CARTESIAN_POINT ( 'NONE',  ( -5.750000000000000000, -0.1568111475989498460, -3.745646205093807080 ) ) ;
#5427 = EDGE_CURVE ( 'NONE', #3034, #3040, #4975, .T. ) ;
#5428 = CARTESIAN_POINT ( 'NONE',  ( 6.949999999999999289, 0.1100000000000000006, 3.550000000000000266 ) ) ;
#5429 = DIRECTION ( 'NONE',  ( -0.1710878697460355147, -0.9702875252478139201, 0.1710878697460355424 ) ) ;
#5430 = COLOUR_RGB ( '',0.7529411764705882248, 0.7529411764705882248, 0.7529411764705882248 ) ;
#5431 = ORIENTED_EDGE ( 'NONE', *, *, #7978, .F. ) ;
#5432 = DIRECTION ( 'NONE',  ( 0.000000000000000000, 0.000000000000000000, 1.000000000000000000 ) ) ;
#5433 = VECTOR ( 'NONE', #3273, 1000.000000000000000 ) ;
#5434 = SURFACE_STYLE_USAGE ( .BOTH. , #3100 ) ;
#5435 = FILL_AREA_STYLE ('',( #3002 ) ) ;
#5436 =( GEOMETRIC_REPRESENTATION_CONTEXT ( 3 ) GLOBAL_UNCERTAINTY_ASSIGNED_CONTEXT ( ( #6219 ) ) GLOBAL_UNIT_ASSIGNED_CONTEXT ( ( #3041, #10196, #8576 ) ) REPRESENTATION_CONTEXT ( 'NONE', 'WORKASPACE' ) );
#5437 =( NAMED_UNIT ( * ) SI_UNIT ( $, .STERADIAN. ) SOLID_ANGLE_UNIT ( ) );
#5438 = DIRECTION ( 'NONE',  ( -1.000000000000000000, -0.000000000000000000, -0.000000000000000000 ) ) ;
#5439 = LINE ( 'NONE', #394, #1148 ) ;
#5440 = DIRECTION ( 'NONE',  ( 1.000000000000000000, 0.000000000000000000, 0.000000000000000000 ) ) ;
#5441 = ORIENTED_EDGE ( 'NONE', *, *, #4172, .F. ) ;
#5442 = PRESENTATION_LAYER_ASSIGNMENT (  '', '', ( #4703 ) ) ;
#5443 = ORIENTED_EDGE ( 'NONE', *, *, #8731, .T. ) ;
#5444 = FILL_AREA_STYLE_COLOUR ( '', #3499 ) ;
#5445 = ADVANCED_FACE ( 'NONE', ( #7365 ), #8194, .F. ) ;
#5446 = LINE ( 'NONE', #8240, #3411 ) ;
#5447 = SURFACE_SIDE_STYLE ('',( #3585 ) ) ;
#5448 = VECTOR ( 'NONE', #6988, 1000.000000000000000 ) ;
#5449 = ORIENTED_EDGE ( 'NONE', *, *, #2075, .T. ) ;
#5450 = VECTOR ( 'NONE', #9663, 1000.000000000000000 ) ;
#5451 = CARTESIAN_POINT ( 'NONE',  ( 9.882742557828869678, -0.7750000000000000222, -3.432742557828870389 ) ) ;
#5452 = CARTESIAN_POINT ( 'NONE',  ( -4.410000000000001030, -0.1100000000000000006, -3.550000000000000266 ) ) ;
#5453 = CARTESIAN_POINT ( 'NONE',  ( 3.560000000000000497, -1.374999999999999112, 3.823497185254834285 ) ) ;
#5454 = PRESENTATION_STYLE_ASSIGNMENT (( #1011 ) ) ;
#5455 =( LENGTH_UNIT ( ) NAMED_UNIT ( * ) SI_UNIT ( .MILLI., .METRE. ) );
#5456 = DIRECTION ( 'NONE',  ( 1.000000000000000000, 0.000000000000000000, 0.000000000000000000 ) ) ;
#5457 = COLOUR_RGB ( '',0.7529411764705882248, 0.7529411764705882248, 0.7529411764705882248 ) ;
#5458 = SURFACE_SIDE_STYLE ('',( #7392 ) ) ;
#5459 =( NAMED_UNIT ( * ) SI_UNIT ( $, .STERADIAN. ) SOLID_ANGLE_UNIT ( ) );
#5460 = VERTEX_POINT ( 'NONE', #884 ) ;
#5461 =( NAMED_UNIT ( * ) SI_UNIT ( $, .STERADIAN. ) SOLID_ANGLE_UNIT ( ) );
#5462 = AXIS2_PLACEMENT_3D ( 'NONE', #4700, #3948, #10339 ) ;
#5463 = EDGE_CURVE ( 'NONE', #6317, #6328, #10258, .T. ) ;
#5464 = ORIENTED_EDGE ( 'NONE', *, *, #1359, .T. ) ;
#5465 = DIRECTION ( 'NONE',  ( 0.000000000000000000, 0.000000000000000000, -1.000000000000000000 ) ) ;
#5466 = VECTOR ( 'NONE', #7394, 1000.000000000000000 ) ;
#5467 = ORIENTED_EDGE ( 'NONE', *, *, #9947, .F. ) ;
#5468 =( NAMED_UNIT ( * ) SI_UNIT ( $, .STERADIAN. ) SOLID_ANGLE_UNIT ( ) );
#5469 = ORIENTED_EDGE ( 'NONE', *, *, #1026, .F. ) ;
#5470 = SURFACE_SIDE_STYLE ('',( #1062 ) ) ;
#5471 = EDGE_CURVE ( 'NONE', #9050, #4067, #2308, .T. ) ;
#5472 = ORIENTED_EDGE ( 'NONE', *, *, #1494, .F. ) ;
#5473 =( NAMED_UNIT ( * ) SI_UNIT ( $, .STERADIAN. ) SOLID_ANGLE_UNIT ( ) );
#5474 = CARTESIAN_POINT ( 'NONE',  ( -3.210000000000000853, 0.1100000000000000006, -3.550000000000000266 ) ) ;
#5475 = LINE ( 'NONE', #8300, #7374 ) ;
#5476 = MECHANICAL_DESIGN_GEOMETRIC_PRESENTATION_REPRESENTATION (  '', ( #4448 ), #7175 ) ;
#5477 = EDGE_CURVE ( 'NONE', #5879, #1227, #5589, .T. ) ;
#5478 = CARTESIAN_POINT ( 'NONE',  ( -6.949999999999999289, 0.06318885240105015511, 3.947195844781839824 ) ) ;
#5479 = DIRECTION ( 'NONE',  ( 0.000000000000000000, -0.000000000000000000, 1.000000000000000000 ) ) ;
#5480 = CARTESIAN_POINT ( 'NONE',  ( 8.290000000000000924, -0.1568111475989498460, -3.745646205093807080 ) ) ;
#5481 = ORIENTED_EDGE ( 'NONE', *, *, #2692, .T. ) ;
#5482 = ADVANCED_FACE ( 'NONE', ( #5217 ), #5065, .F. ) ;
#5483 = MECHANICAL_DESIGN_GEOMETRIC_PRESENTATION_REPRESENTATION (  '', ( #3996 ), #6029 ) ;
#5484 = PLANE ( 'NONE',  #1663 ) ;
#5485 = EDGE_CURVE ( 'NONE', #7080, #2937, #10129, .T. ) ;
#5486 = COLOUR_RGB ( '',0.7529411764705882248, 0.7529411764705882248, 0.7529411764705882248 ) ;
#5487 = FACE_OUTER_BOUND ( 'NONE', #4539, .T. ) ;
#5488 = SURFACE_STYLE_FILL_AREA ( #2724 ) ;
#5489 = DIRECTION ( 'NONE',  ( 1.000000000000000000, 0.000000000000000000, 0.000000000000000000 ) ) ;
#5490 = ORIENTED_EDGE ( 'NONE', *, *, #4729, .T. ) ;
#5491 = VECTOR ( 'NONE', #3717, 1000.000000000000000 ) ;
#5492 = ADVANCED_FACE ( 'NONE', ( #5856 ), #2696, .F. ) ;
#5493 = LINE ( 'NONE', #7051, #6644 ) ;
#5494 = AXIS2_PLACEMENT_3D ( 'NONE', #1067, #6778, #6026 ) ;
#5495 = PRESENTATION_LAYER_ASSIGNMENT (  '', '', ( #4971 ) ) ;
#5496 = PLANE ( 'NONE',  #8838 ) ;
#5497 = ORIENTED_EDGE ( 'NONE', *, *, #4239, .T. ) ;
#5498 = CARTESIAN_POINT ( 'NONE',  ( 8.290000000000000924, -1.055665328710549522, -3.897297636193110648 ) ) ;
#5499 = LINE ( 'NONE', #1819, #1202 ) ;
#5500 =( NAMED_UNIT ( * ) SI_UNIT ( $, .STERADIAN. ) SOLID_ANGLE_UNIT ( ) );
#5501 = UNCERTAINTY_MEASURE_WITH_UNIT (LENGTH_MEASURE( 1.000000000000000082E-05 ), #10363, 'distance_accuracy_value', 'NONE');
#5502 = FACE_OUTER_BOUND ( 'NONE', #1741, .T. ) ;
#5503 = SURFACE_STYLE_USAGE ( .BOTH. , #660 ) ;
#5504 = VECTOR ( 'NONE', #1945, 1000.000000000000000 ) ;
#5505 = VERTEX_POINT ( 'NONE', #6841 ) ;
#5506 = SURFACE_STYLE_USAGE ( .BOTH. , #7212 ) ;
#5507 = EDGE_LOOP ( 'NONE', ( #3921, #9692, #5590, #1803 ) ) ;
#5508 = ORIENTED_EDGE ( 'NONE', *, *, #10052, .T. ) ;
#5509 = AXIS2_PLACEMENT_3D ( 'NONE', #6031, #5489, #2171 ) ;
#5510 = VECTOR ( 'NONE', #9267, 1000.000000000000114 ) ;
#5511 = CLOSED_SHELL ( 'NONE', ( #224, #8130, #3846, #3669, #8034, #9421, #628, #6936, #1101, #4318, #4218, #10135, #4363 ) ) ;
#5512 = AXIS2_PLACEMENT_3D ( 'NONE', #3117, #5689, #139 ) ;
#5513 = CARTESIAN_POINT ( 'NONE',  ( -5.750000000000000000, -1.374999999999998668, 3.823497185254834729 ) ) ;
#5514 =( NAMED_UNIT ( * ) PLANE_ANGLE_UNIT ( ) SI_UNIT ( $, .RADIAN. ) );
#5515 = FILL_AREA_STYLE ('',( #9616 ) ) ;
#5516 = VECTOR ( 'NONE', #2233, 1000.000000000000227 ) ;
#5517 = CYLINDRICAL_SURFACE ( 'NONE', #8713, 0.04999999999999969746 ) ;
#5518 = CARTESIAN_POINT ( 'NONE',  ( -9.115000000000000213, -0.1100000000000000006, -3.550000000000000266 ) ) ;
#5519 = ORIENTED_EDGE ( 'NONE', *, *, #5427, .T. ) ;
#5520 = VERTEX_POINT ( 'NONE', #7531 ) ;
#5521 = DIRECTION ( 'NONE',  ( -0.000000000000000000, -0.000000000000000000, 1.000000000000000000 ) ) ;
#5522 = ORIENTED_EDGE ( 'NONE', *, *, #981, .T. ) ;
#5523 = PRESENTATION_LAYER_ASSIGNMENT (  '', '', ( #2276 ) ) ;
#5524 = PRESENTATION_STYLE_ASSIGNMENT (( #2129 ) ) ;
#5525 =( LENGTH_UNIT ( ) NAMED_UNIT ( * ) SI_UNIT ( .MILLI., .METRE. ) );
#5526 = VERTEX_POINT ( 'NONE', #7620 ) ;
#5527 = EDGE_LOOP ( 'NONE', ( #9578, #2652, #2641, #6465 ) ) ;
#5528 = DIRECTION ( 'NONE',  ( 0.000000000000000000, -0.000000000000000000, 1.000000000000000000 ) ) ;
#5529 = EDGE_CURVE ( 'NONE', #5307, #3771, #9383, .T. ) ;
#5530 = ORIENTED_EDGE ( 'NONE', *, *, #4040, .T. ) ;
#5531 = ADVANCED_FACE ( 'NONE', ( #3187 ), #5949, .F. ) ;
#5532 = EDGE_CURVE ( 'NONE', #3565, #2858, #6481, .T. ) ;
#5533 =( NAMED_UNIT ( * ) PLANE_ANGLE_UNIT ( ) SI_UNIT ( $, .RADIAN. ) );
#5534 = DIRECTION ( 'NONE',  ( -0.000000000000000000, -0.000000000000000000, 1.000000000000000000 ) ) ;
#5535 = ORIENTED_EDGE ( 'NONE', *, *, #166, .F. ) ;
#5536 = VERTEX_POINT ( 'NONE', #5126 ) ;
#5537 = AXIS2_PLACEMENT_3D ( 'NONE', #3859, #9486, #573 ) ;
#5538 = EDGE_CURVE ( 'NONE', #7460, #2254, #1170, .T. ) ;
#5539 = DIRECTION ( 'NONE',  ( -0.000000000000000000, 0.000000000000000000, 1.000000000000000000 ) ) ;
#5540 = VERTEX_POINT ( 'NONE', #1909 ) ;
#5541 =( GEOMETRIC_REPRESENTATION_CONTEXT ( 3 ) GLOBAL_UNCERTAINTY_ASSIGNED_CONTEXT ( ( #4456 ) ) GLOBAL_UNIT_ASSIGNED_CONTEXT ( ( #631, #3706, #3018 ) ) REPRESENTATION_CONTEXT ( 'NONE', 'WORKASPACE' ) );
#5542 = ADVANCED_FACE ( 'NONE', ( #815 ), #416, .F. ) ;
#5543 = EDGE_CURVE ( 'NONE', #8324, #8174, #59, .T. ) ;
#5544 = COLOUR_RGB ( '',0.7529411764705882248, 0.7529411764705882248, 0.7529411764705882248 ) ;
#5545 = LINE ( 'NONE', #6243, #9346 ) ;
#5546 = ORIENTED_EDGE ( 'NONE', *, *, #2281, .F. ) ;
#5548 = VERTEX_POINT ( 'NONE', #5233 ) ;
#5547 = DIRECTION ( 'NONE',  ( -1.000000000000000000, -0.000000000000000000, -0.000000000000000000 ) ) ;
#5549 = FILL_AREA_STYLE ('',( #9577 ) ) ;
#5550 = DIRECTION ( 'NONE',  ( -1.000000000000000000, 0.000000000000000000, -0.000000000000000000 ) ) ;
#5551 = ORIENTED_EDGE ( 'NONE', *, *, #3437, .T. ) ;
#5552 = EDGE_CURVE ( 'NONE', #3832, #494, #8364, .T. ) ;
#5553 = CARTESIAN_POINT ( 'NONE',  ( 3.560000000000000497, -1.374999999999998890, -4.250000000000000888 ) ) ;
#5554 = AXIS2_PLACEMENT_3D ( 'NONE', #8745, #3891, #2312 ) ;
#5555 = CARTESIAN_POINT ( 'NONE',  ( -6.599999999999999645, -0.1568111475989498460, -3.745646205093807080 ) ) ;
#5556 = LINE ( 'NONE', #9204, #3648 ) ;
#5557 = ORIENTED_EDGE ( 'NONE', *, *, #2906, .T. ) ;
#5558 = FACE_OUTER_BOUND ( 'NONE', #9885, .T. ) ;
#5559 = LINE ( 'NONE', #1908, #9643 ) ;
#5560 = PRESENTATION_LAYER_ASSIGNMENT (  '', '', ( #571 ) ) ;
#5561 = VERTEX_POINT ( 'NONE', #5266 ) ;
#5562 = VERTEX_POINT ( 'NONE', #2008 ) ;
#5563 = EDGE_LOOP ( 'NONE', ( #2948, #1926, #10234, #807 ) ) ;
#5564 = FILL_AREA_STYLE ('',( #10364 ) ) ;
#5565 =( GEOMETRIC_REPRESENTATION_CONTEXT ( 3 ) GLOBAL_UNCERTAINTY_ASSIGNED_CONTEXT ( ( #9846 ) ) GLOBAL_UNIT_ASSIGNED_CONTEXT ( ( #5018, #8214, #3376 ) ) REPRESENTATION_CONTEXT ( 'NONE', 'WORKASPACE' ) );
#5566 = FILL_AREA_STYLE_COLOUR ( '', #8781 ) ;
#5567 = DIRECTION ( 'NONE',  ( -1.000000000000000000, -0.000000000000000000, -0.000000000000000000 ) ) ;
#5568 = CARTESIAN_POINT ( 'NONE',  ( 5.750000000000000000, -1.055665328710541973, -3.897297636193110648 ) ) ;
#5569 = UNCERTAINTY_MEASURE_WITH_UNIT (LENGTH_MEASURE( 1.000000000000000082E-05 ), #8724, 'distance_accuracy_value', 'NONE');
#5570 = ORIENTED_EDGE ( 'NONE', *, *, #5958, .T. ) ;
#5571 = SURFACE_SIDE_STYLE ('',( #634 ) ) ;
#5572 = SURFACE_STYLE_USAGE ( .BOTH. , #4695 ) ;
#5573 = DIRECTION ( 'NONE',  ( 0.000000000000000000, -0.000000000000000000, 1.000000000000000000 ) ) ;
#5574 = FILL_AREA_STYLE_COLOUR ( '', #2632 ) ;
#5575 = PRESENTATION_LAYER_ASSIGNMENT (  '', '', ( #2327 ) ) ;
#5576 = CARTESIAN_POINT ( 'NONE',  ( -9.882742557828871455, 0.7750000000000000222, -3.549999999999999378 ) ) ;
#5577 = LINE ( 'NONE', #5365, #2155 ) ;
#5578 = CARTESIAN_POINT ( 'NONE',  ( -0.4300823178128357349, 0.009362694809449182559, -3.950635721216884111 ) ) ;
#5579 = PRESENTATION_LAYER_ASSIGNMENT (  '', '', ( #5783 ) ) ;
#5580 =( NAMED_UNIT ( * ) SI_UNIT ( $, .STERADIAN. ) SOLID_ANGLE_UNIT ( ) );
#5581 = DIRECTION ( 'NONE',  ( -0.000000000000000000, -0.000000000000000000, 1.000000000000000000 ) ) ;
#5582 = LINE ( 'NONE', #3610, #1169 ) ;
#5583 = VECTOR ( 'NONE', #7202, 1000.000000000000114 ) ;
#5584 = ORIENTED_EDGE ( 'NONE', *, *, #2098, .T. ) ;
#5585 = CARTESIAN_POINT ( 'NONE',  ( -0.6700000000000004841, -0.1100000000000000006, 3.550000000000000266 ) ) ;
#5586 = CARTESIAN_POINT ( 'NONE',  ( 5.750000000000000000, 0.1100000000000000006, 3.550000000000000266 ) ) ;
#5587 = SURFACE_STYLE_USAGE ( .BOTH. , #2338 ) ;
#5588 = LINE ( 'NONE', #7078, #1059 ) ;
#5589 = LINE ( 'NONE', #5728, #9767 ) ;
#5590 = ORIENTED_EDGE ( 'NONE', *, *, #7970, .F. ) ;
#5591 = DIRECTION ( 'NONE',  ( -1.000000000000000000, -0.000000000000000000, -0.000000000000000000 ) ) ;
#5592 = DIRECTION ( 'NONE',  ( 0.000000000000000000, -1.000000000000000000, 0.000000000000000000 ) ) ;
#5593 = EDGE_LOOP ( 'NONE', ( #5955, #8072, #6828, #2977 ) ) ;
#5594 = DIRECTION ( 'NONE',  ( 0.000000000000000000, -0.000000000000000000, 1.000000000000000000 ) ) ;
#5595 = EDGE_CURVE ( 'NONE', #7748, #8152, #939, .T. ) ;
#5596 = VECTOR ( 'NONE', #446, 1000.000000000000227 ) ;
#5597 = PLANE ( 'NONE',  #508 ) ;
#5598 = ADVANCED_FACE ( 'NONE', ( #4063 ), #2994, .T. ) ;
#5599 = ORIENTED_EDGE ( 'NONE', *, *, #8574, .F. ) ;
#5600 = STYLED_ITEM ( 'NONE', ( #1435 ), #4481 ) ;
#5601 = CARTESIAN_POINT ( 'NONE',  ( 8.290000000000000924, 0.06318885240105015511, -3.947195844781839824 ) ) ;
#5602 = EDGE_LOOP ( 'NONE', ( #1973, #9498, #725, #10305, #344, #6704, #3365, #6377 ) ) ;
#5603 = VECTOR ( 'NONE', #1748, 1000.000000000000000 ) ;
#5604 =( NAMED_UNIT ( * ) PLANE_ANGLE_UNIT ( ) SI_UNIT ( $, .RADIAN. ) );
#5605 = STYLED_ITEM ( 'NONE', ( #5524 ), #6293 ) ;
#5606 = LINE ( 'NONE', #5518, #3963 ) ;
#5607 = COLOUR_RGB ( '',0.7921568627450980005, 0.8196078431372548767, 0.9333333333333333481 ) ;
#5608 = SURFACE_SIDE_STYLE ('',( #449 ) ) ;
#5609 = FILL_AREA_STYLE_COLOUR ( '', #6594 ) ;
#5610 = EDGE_CURVE ( 'NONE', #7330, #5109, #8102, .T. ) ;
#5611 = CARTESIAN_POINT ( 'NONE',  ( 1.520000000000000462, -1.374999999999998890, -4.250000000000000888 ) ) ;
#5612 = ORIENTED_EDGE ( 'NONE', *, *, #1359, .F. ) ;
#5613 = CARTESIAN_POINT ( 'NONE',  ( 2.109917682187163912, 0.009362694809449371644, -3.950635721216884111 ) ) ;
#5614 = VECTOR ( 'NONE', #4369, 1000.000000000000000 ) ;
#5615 = CARTESIAN_POINT ( 'NONE',  ( -4.410000000000001030, -0.1568111475989498460, 3.745646205093807080 ) ) ;
#5616 = DIRECTION ( 'NONE',  ( -0.000000000000000000, 1.000000000000000000, -0.000000000000000000 ) ) ;
#5617 = ORIENTED_EDGE ( 'NONE', *, *, #9536, .T. ) ;
#5618 = SURFACE_STYLE_FILL_AREA ( #2142 ) ;
#5619 = EDGE_CURVE ( 'NONE', #4937, #10169, #6348, .T. ) ;
#5620 = STYLED_ITEM ( 'NONE', ( #4198 ), #5445 ) ;
#5621 = EDGE_CURVE ( 'NONE', #663, #1015, #4434, .T. ) ;
#5622 = VECTOR ( 'NONE', #4031, 1000.000000000000000 ) ;
#5623 = DIRECTION ( 'NONE',  ( 0.000000000000000000, -0.9979641717745812990, 0.06377704802100914172 ) ) ;
#5624 = PRESENTATION_LAYER_ASSIGNMENT (  '', '', ( #247 ) ) ;
#5625 = SURFACE_STYLE_USAGE ( .BOTH. , #6382 ) ;
#5626 = ORIENTED_EDGE ( 'NONE', *, *, #5803, .T. ) ;
#5627 = UNCERTAINTY_MEASURE_WITH_UNIT (LENGTH_MEASURE( 1.000000000000000082E-05 ), #4374, 'distance_accuracy_value', 'NONE');
#5628 = DIRECTION ( 'NONE',  ( -1.000000000000000000, -0.000000000000000000, -0.000000000000000000 ) ) ;
#5629 = STYLED_ITEM ( 'NONE', ( #1976 ), #224 ) ;
#5630 = DIRECTION ( 'NONE',  ( 0.000000000000000000, -4.022841720910280989E-15, 1.000000000000000000 ) ) ;
#5631 = CIRCLE ( 'NONE', #763, 0.04999999999999969746 ) ;
#5632 = DIRECTION ( 'NONE',  ( 0.000000000000000000, -0.9979641717745812990, 0.06377704802100914172 ) ) ;
#5633 = ORIENTED_EDGE ( 'NONE', *, *, #9868, .T. ) ;
#5634 = ORIENTED_EDGE ( 'NONE', *, *, #8874, .F. ) ;
#5635 = VECTOR ( 'NONE', #9605, 1000.000000000000000 ) ;
#5636 =( GEOMETRIC_REPRESENTATION_CONTEXT ( 3 ) GLOBAL_UNCERTAINTY_ASSIGNED_CONTEXT ( ( #796 ) ) GLOBAL_UNIT_ASSIGNED_CONTEXT ( ( #3913, #10304, #4665 ) ) REPRESENTATION_CONTEXT ( 'NONE', 'WORKASPACE' ) );
#5637 = MECHANICAL_DESIGN_GEOMETRIC_PRESENTATION_REPRESENTATION (  '', ( #4971 ), #4347 ) ;
#5638 = ORIENTED_EDGE ( 'NONE', *, *, #309, .F. ) ;
#5639 =( NAMED_UNIT ( * ) PLANE_ANGLE_UNIT ( ) SI_UNIT ( $, .RADIAN. ) );
#5640 =( NAMED_UNIT ( * ) PLANE_ANGLE_UNIT ( ) SI_UNIT ( $, .RADIAN. ) );
#5641 = CARTESIAN_POINT ( 'NONE',  ( 3.560000000000000497, -1.374999999999998890, -4.250000000000000888 ) ) ;
#5642 = VERTEX_POINT ( 'NONE', #10224 ) ;
#5643 = ORIENTED_EDGE ( 'NONE', *, *, #2892, .T. ) ;
#5644 = CARTESIAN_POINT ( 'NONE',  ( 0.7419361673926192502, -1.374999999999998890, -4.250000000000000888 ) ) ;
#5645 = VECTOR ( 'NONE', #3621, 1000.000000000000000 ) ;
#5646 = CARTESIAN_POINT ( 'NONE',  ( 4.410000000000000142, 0.1100000000000000006, -3.550000000000000266 ) ) ;
#5647 = DIRECTION ( 'NONE',  ( 0.2193360129683985527, -0.9736631258226969843, -0.06222403738348480234 ) ) ;
#5648 = FACE_OUTER_BOUND ( 'NONE', #6588, .T. ) ;
#5649 = AXIS2_PLACEMENT_3D ( 'NONE', #6809, #4379, #10235 ) ;
#5650 = ADVANCED_FACE ( 'NONE', ( #423 ), #6252, .F. ) ;
#5651 = ORIENTED_EDGE ( 'NONE', *, *, #3481, .F. ) ;
#5652 = SURFACE_STYLE_FILL_AREA ( #702 ) ;
#5653 = FILL_AREA_STYLE_COLOUR ( '', #4345 ) ;
#5654 =( NAMED_UNIT ( * ) SI_UNIT ( $, .STERADIAN. ) SOLID_ANGLE_UNIT ( ) );
#5655 = PLANE ( 'NONE',  #6408 ) ;
#5656 = VERTEX_POINT ( 'NONE', #4689 ) ;
#5657 = PRESENTATION_STYLE_ASSIGNMENT (( #5572 ) ) ;
#5658 = SURFACE_STYLE_FILL_AREA ( #2325 ) ;
#5659 = PLANE ( 'NONE',  #2642 ) ;
#5660 = DIRECTION ( 'NONE',  ( -0.000000000000000000, 1.000000000000000000, 4.022841720910280989E-15 ) ) ;
#5661 = EDGE_LOOP ( 'NONE', ( #4175, #57, #7642, #6453 ) ) ;
#5662 = VERTEX_POINT ( 'NONE', #8632 ) ;
#5663 = AXIS2_PLACEMENT_3D ( 'NONE', #6903, #481, #5333 ) ;
#5664 = EDGE_CURVE ( 'NONE', #7944, #2088, #8749, .T. ) ;
#5665 = CARTESIAN_POINT ( 'NONE',  ( 8.665000000000000924, -1.374999999999999778, 3.823497185254834285 ) ) ;
#5666 = VECTOR ( 'NONE', #8230, 1000.000000000000114 ) ;
#5667 = DIRECTION ( 'NONE',  ( 1.000000000000000000, 0.000000000000000000, 0.000000000000000000 ) ) ;
#5668 = VECTOR ( 'NONE', #8603, 1000.000000000000000 ) ;
#5669 = VECTOR ( 'NONE', #1941, 1000.000000000000000 ) ;
#5670 = CARTESIAN_POINT ( 'NONE',  ( 3.209999999999999964, 0.06318885240105015511, -3.947195844781839824 ) ) ;
#5671 = ORIENTED_EDGE ( 'NONE', *, *, #8375, .T. ) ;
#5672 = EDGE_CURVE ( 'NONE', #914, #1947, #9504, .T. ) ;
#5673 = ORIENTED_EDGE ( 'NONE', *, *, #7377, .T. ) ;
#5674 = CARTESIAN_POINT ( 'NONE',  ( 4.060000000000001386, -1.374999999999998890, -4.250000000000000888 ) ) ;
#5675 = CARTESIAN_POINT ( 'NONE',  ( -6.099999999999999645, -1.374999999999998890, -4.250000000000000888 ) ) ;
#5676 = SURFACE_STYLE_USAGE ( .BOTH. , #58 ) ;
#5677 = VECTOR ( 'NONE', #3180, 1000.000000000000000 ) ;
#5678 = DIRECTION ( 'NONE',  ( 0.000000000000000000, 1.000000000000000000, 0.000000000000000000 ) ) ;
#5679 = STYLED_ITEM ( 'NONE', ( #8123 ), #4708 ) ;
#5680 = CARTESIAN_POINT ( 'NONE',  ( 9.115000000000000213, 0.06318885240105015511, 3.947195844781839824 ) ) ;
#5681 = LINE ( 'NONE', #5555, #8710 ) ;
#5682 = FILL_AREA_STYLE_COLOUR ( '', #812 ) ;
#5683 = ORIENTED_EDGE ( 'NONE', *, *, #1164, .T. ) ;
#5684 = DIRECTION ( 'NONE',  ( 1.000000000000000000, 0.000000000000000000, 0.000000000000000000 ) ) ;
#5685 = EDGE_LOOP ( 'NONE', ( #7676, #987, #1486, #7808 ) ) ;
#5686 = AXIS2_PLACEMENT_3D ( 'NONE', #871, #8217, #6578 ) ;
#5687 = EDGE_CURVE ( 'NONE', #1507, #7298, #5972, .T. ) ;
#5688 = VECTOR ( 'NONE', #4979, 1000.000000000000000 ) ;
#5689 = DIRECTION ( 'NONE',  ( -0.9245508909688874288, 0.3810585913066867891, 0.000000000000000000 ) ) ;
#5690 = COLOUR_RGB ( '',0.7529411764705882248, 0.7529411764705882248, 0.7529411764705882248 ) ;
#5691 = ORIENTED_EDGE ( 'NONE', *, *, #9255, .T. ) ;
#5692 = ORIENTED_EDGE ( 'NONE', *, *, #4996, .T. ) ;
#5693 = DIRECTION ( 'NONE',  ( -0.000000000000000000, 0.000000000000000000, 1.000000000000000000 ) ) ;
#5694 = CARTESIAN_POINT ( 'NONE',  ( 6.949999999999999289, 0.06318885240105015511, -3.947195844781839824 ) ) ;
#5695 = EDGE_CURVE ( 'NONE', #7839, #9464, #7356, .T. ) ;
#5696 = DIRECTION ( 'NONE',  ( 0.000000000000000000, 0.000000000000000000, -1.000000000000000000 ) ) ;
#5697 = CARTESIAN_POINT ( 'NONE',  ( 8.146779866811545645, -0.7081746677861846528, 3.780882277388351032 ) ) ;
#5698 = SURFACE_STYLE_USAGE ( .BOTH. , #9022 ) ;
#5699 = UNCERTAINTY_MEASURE_WITH_UNIT (LENGTH_MEASURE( 1.000000000000000082E-05 ), #482, 'distance_accuracy_value', 'NONE');
#5700 = MECHANICAL_DESIGN_GEOMETRIC_PRESENTATION_REPRESENTATION (  '', ( #6797 ), #443 ) ;
#5701 = LINE ( 'NONE', #7571, #4306 ) ;
#5702 = CARTESIAN_POINT ( 'NONE',  ( -6.099999999999999645, -4.674999999999999822, -4.250000000000000888 ) ) ;
#5703 =( GEOMETRIC_REPRESENTATION_CONTEXT ( 3 ) GLOBAL_UNCERTAINTY_ASSIGNED_CONTEXT ( ( #7458 ) ) GLOBAL_UNIT_ASSIGNED_CONTEXT ( ( #6679, #132, #9039 ) ) REPRESENTATION_CONTEXT ( 'NONE', 'WORKASPACE' ) );
#5704 = VERTEX_POINT ( 'NONE', #1392 ) ;
#5705 = CARTESIAN_POINT ( 'NONE',  ( -5.750000000000000000, -1.374999999999998668, -3.823497185254834729 ) ) ;
#5706 = ADVANCED_FACE ( 'NONE', ( #3935 ), #544, .F. ) ;
#5707 = ORIENTED_EDGE ( 'NONE', *, *, #7239, .F. ) ;
#5708 = FACE_OUTER_BOUND ( 'NONE', #6817, .T. ) ;
#5709 = DIRECTION ( 'NONE',  ( 0.000000000000000000, 0.000000000000000000, -1.000000000000000000 ) ) ;
#5710 = LINE ( 'NONE', #5831, #9758 ) ;
#5711 = LINE ( 'NONE', #4608, #420 ) ;
#5712 = PLANE ( 'NONE',  #7220 ) ;
#5713 = VECTOR ( 'NONE', #2833, 999.9999999999998863 ) ;
#5714 = AXIS2_PLACEMENT_3D ( 'NONE', #6200, #4673, #1348 ) ;
#5715 = VERTEX_POINT ( 'NONE', #4013 ) ;
#5716 = CARTESIAN_POINT ( 'NONE',  ( -1.519999999999999574, -1.374999999999999112, 3.823497185254834285 ) ) ;
#5717 = PLANE ( 'NONE',  #9368 ) ;
#5718 = LINE ( 'NONE', #4389, #10126 ) ;
#5719 = ORIENTED_EDGE ( 'NONE', *, *, #5477, .T. ) ;
#5720 = ORIENTED_EDGE ( 'NONE', *, *, #1270, .T. ) ;
#5721 = DIRECTION ( 'NONE',  ( 0.000000000000000000, 0.000000000000000000, 1.000000000000000000 ) ) ;
#5722 = ORIENTED_EDGE ( 'NONE', *, *, #7488, .T. ) ;
#5723 = PRESENTATION_LAYER_ASSIGNMENT (  '', '', ( #7876 ) ) ;
#5724 = CARTESIAN_POINT ( 'NONE',  ( 9.882742557828871455, -0.7750000000000000222, 3.550000000000000266 ) ) ;
#5725 = CARTESIAN_POINT ( 'NONE',  ( -6.599999999999999645, -1.374999999999999112, 4.039106398383937702 ) ) ;
#5726 = VECTOR ( 'NONE', #7570, 1000.000000000000114 ) ;
#5727 = DIRECTION ( 'NONE',  ( 0.000000000000000000, -0.000000000000000000, 1.000000000000000000 ) ) ;
#5728 = CARTESIAN_POINT ( 'NONE',  ( -0.6700000000000004841, -0.1100000000000000006, 3.695747996505077460 ) ) ;
#5729 = EDGE_CURVE ( 'NONE', #10313, #8651, #6741, .T. ) ;
#5730 = DIRECTION ( 'NONE',  ( -0.000000000000000000, -0.000000000000000000, 1.000000000000000000 ) ) ;
#5731 = ORIENTED_EDGE ( 'NONE', *, *, #10320, .T. ) ;
#5732 = CARTESIAN_POINT ( 'NONE',  ( 6.949999999999999289, -4.674999999999999822, 4.249999999999999112 ) ) ;
#5733 = EDGE_CURVE ( 'NONE', #8098, #310, #5083, .T. ) ;
#5734 = CARTESIAN_POINT ( 'NONE',  ( -10.00000000000000000, 0.1100000000000000006, -3.549999999999999378 ) ) ;
#5735 = CARTESIAN_POINT ( 'NONE',  ( 5.750000000000000000, 0.06318885240105015511, -3.947195844781839824 ) ) ;
#5736 = PLANE ( 'NONE',  #5375 ) ;
#5737 = COLOUR_RGB ( '',0.7529411764705882248, 0.7529411764705882248, 0.7529411764705882248 ) ;
#5738 = LINE ( 'NONE', #9652, #10023 ) ;
#5739 = DIRECTION ( 'NONE',  ( 1.000000000000000000, 0.000000000000000000, 0.000000000000000000 ) ) ;
#5740 =( GEOMETRIC_REPRESENTATION_CONTEXT ( 3 ) GLOBAL_UNCERTAINTY_ASSIGNED_CONTEXT ( ( #2907 ) ) GLOBAL_UNIT_ASSIGNED_CONTEXT ( ( #3144, #8803, #3992 ) ) REPRESENTATION_CONTEXT ( 'NONE', 'WORKASPACE' ) );
#5741 = FILL_AREA_STYLE ('',( #8133 ) ) ;
#5742 = LINE ( 'NONE', #5226, #6651 ) ;
#5743 = DIRECTION ( 'NONE',  ( 0.000000000000000000, 0.000000000000000000, -1.000000000000000000 ) ) ;
#5744 = ORIENTED_EDGE ( 'NONE', *, *, #7182, .T. ) ;
#5745 = AXIS2_PLACEMENT_3D ( 'NONE', #9823, #5696, #1729 ) ;
#5746 = CARTESIAN_POINT ( 'NONE',  ( -3.210000000000000853, 0.1100000000000000006, 3.550000000000000266 ) ) ;
#5747 = EDGE_CURVE ( 'NONE', #9552, #2780, #7106, .T. ) ;
#5748 = LINE ( 'NONE', #6815, #5372 ) ;
#5749 = DIRECTION ( 'NONE',  ( -1.000000000000000000, 0.000000000000000000, 0.000000000000000000 ) ) ;
#5750 = CARTESIAN_POINT ( 'NONE',  ( 4.338063832607382153, -1.374999999999998668, 3.823497185254836062 ) ) ;
#5751 = VECTOR ( 'NONE', #7869, 1000.000000000000227 ) ;
#5752 = ORIENTED_EDGE ( 'NONE', *, *, #4667, .F. ) ;
#5753 = EDGE_CURVE ( 'NONE', #5938, #8188, #1907, .T. ) ;
#5754 = EDGE_LOOP ( 'NONE', ( #1294, #1032, #9587, #3283 ) ) ;
#5755 = UNCERTAINTY_MEASURE_WITH_UNIT (LENGTH_MEASURE( 1.000000000000000082E-05 ), #8401, 'distance_accuracy_value', 'NONE');
#5756 = ADVANCED_FACE ( 'NONE', ( #3415 ), #2494, .F. ) ;
#5757 = FACE_OUTER_BOUND ( 'NONE', #2990, .T. ) ;
#5758 = CARTESIAN_POINT ( 'NONE',  ( 6.949999999999999289, -0.1100000000000000006, 3.695747996505077460 ) ) ;
#5759 = VECTOR ( 'NONE', #9562, 1000.000000000000000 ) ;
#5760 = VECTOR ( 'NONE', #9327, 1000.000000000000000 ) ;
#5761 = DIRECTION ( 'NONE',  ( -0.9755535465928818484, 0.2197618659596111135, 0.000000000000000000 ) ) ;
#5762 = CARTESIAN_POINT ( 'NONE',  ( -1.870000000000000107, 0.06318885240105015511, 3.947195844781839824 ) ) ;
#5763 = SURFACE_SIDE_STYLE ('',( #3562 ) ) ;
#5764 = ORIENTED_EDGE ( 'NONE', *, *, #5958, .F. ) ;
#5765 = ORIENTED_EDGE ( 'NONE', *, *, #618, .T. ) ;
#5766 = MECHANICAL_DESIGN_GEOMETRIC_PRESENTATION_REPRESENTATION (  '', ( #2172 ), #4000 ) ;
#5767 = LINE ( 'NONE', #1844, #8408 ) ;
#5768 = CARTESIAN_POINT ( 'NONE',  ( 1.870000000000000107, -4.674999999999999822, 4.249999999999999112 ) ) ;
#5769 = ORIENTED_EDGE ( 'NONE', *, *, #9987, .F. ) ;
#5770 = LINE ( 'NONE', #2867, #3478 ) ;
#5771 = FACE_OUTER_BOUND ( 'NONE', #8836, .T. ) ;
#5772 =( NAMED_UNIT ( * ) PLANE_ANGLE_UNIT ( ) SI_UNIT ( $, .RADIAN. ) );
#5773 = DIRECTION ( 'NONE',  ( -1.000000000000000000, -0.000000000000000000, -0.000000000000000000 ) ) ;
#5774 = CARTESIAN_POINT ( 'NONE',  ( 6.949999999999999289, 0.06000000000000001166, -3.897297636193110648 ) ) ;
#5775 = CARTESIAN_POINT ( 'NONE',  ( 4.410000000000000142, -1.055665328710553519, 3.803089415876316437 ) ) ;
#5776 = ORIENTED_EDGE ( 'NONE', *, *, #4827, .T. ) ;
#5777 = PRESENTATION_STYLE_ASSIGNMENT (( #6768 ) ) ;
#5778 = VERTEX_POINT ( 'NONE', #3301 ) ;
#5779 = AXIS2_PLACEMENT_3D ( 'NONE', #1177, #485, #10127 ) ;
#5780 = CARTESIAN_POINT ( 'NONE',  ( -3.210000000000000853, 0.1100000000000000006, -3.550000000000000266 ) ) ;
#5781 = FACE_OUTER_BOUND ( 'NONE', #3241, .T. ) ;
#5782 = DIRECTION ( 'NONE',  ( 0.000000000000000000, 0.000000000000000000, 1.000000000000000000 ) ) ;
#5783 = STYLED_ITEM ( 'NONE', ( #3659 ), #1878 ) ;
#5784 = FACE_OUTER_BOUND ( 'NONE', #6122, .T. ) ;
#5785 = FILL_AREA_STYLE_COLOUR ( '', #10334 ) ;
#5786 = SURFACE_STYLE_USAGE ( .BOTH. , #197 ) ;
#5787 =( LENGTH_UNIT ( ) NAMED_UNIT ( * ) SI_UNIT ( .MILLI., .METRE. ) );
#5788 = SURFACE_STYLE_USAGE ( .BOTH. , #8925 ) ;
#5789 = EDGE_LOOP ( 'NONE', ( #8834, #2016, #7779, #8460 ) ) ;
#5790 = ORIENTED_EDGE ( 'NONE', *, *, #7750, .F. ) ;
#5791 = FILL_AREA_STYLE ('',( #169 ) ) ;
#5792 = ORIENTED_EDGE ( 'NONE', *, *, #3698, .T. ) ;
#5793 = STYLED_ITEM ( 'NONE', ( #1263 ), #2840 ) ;
#5794 = SURFACE_STYLE_FILL_AREA ( #7653 ) ;
#5795 = CARTESIAN_POINT ( 'NONE',  ( -3.210000000000000853, -0.1100000000000000006, 3.550000000000000266 ) ) ;
#5796 = VERTEX_POINT ( 'NONE', #3970 ) ;
#5797 = ORIENTED_EDGE ( 'NONE', *, *, #7050, .F. ) ;
#5798 = SURFACE_STYLE_USAGE ( .BOTH. , #4989 ) ;
#5799 = DIRECTION ( 'NONE',  ( -1.000000000000000000, -0.000000000000000000, 0.000000000000000000 ) ) ;
#5800 = VERTEX_POINT ( 'NONE', #3199 ) ;
#5801 = CARTESIAN_POINT ( 'NONE',  ( 9.115000000000000213, 0.1100000000000000006, -4.250000000000000888 ) ) ;
#5802 = DIRECTION ( 'NONE',  ( -0.2193360129683985249, -0.9736631258226969843, -0.06222403738348531582 ) ) ;
#5803 = EDGE_CURVE ( 'NONE', #5253, #7941, #1276, .T. ) ;
#5804 = LINE ( 'NONE', #3993, #5677 ) ;
#5805 =( NAMED_UNIT ( * ) SI_UNIT ( $, .STERADIAN. ) SOLID_ANGLE_UNIT ( ) );
#5806 = VECTOR ( 'NONE', #2876, 1000.000000000000114 ) ;
#5807 = SURFACE_STYLE_FILL_AREA ( #111 ) ;
#5808 = ORIENTED_EDGE ( 'NONE', *, *, #1396, .F. ) ;
#5809 = ORIENTED_EDGE ( 'NONE', *, *, #7124, .F. ) ;
#5810 = STYLED_ITEM ( 'NONE', ( #1003 ), #3571 ) ;
#5811 = DIRECTION ( 'NONE',  ( -0.000000000000000000, 0.000000000000000000, 1.000000000000000000 ) ) ;
#5812 = DIRECTION ( 'NONE',  ( 0.000000000000000000, 0.000000000000000000, -1.000000000000000000 ) ) ;
#5813 = ADVANCED_FACE ( 'NONE', ( #4052 ), #2425, .F. ) ;
#5814 = AXIS2_PLACEMENT_3D ( 'NONE', #3546, #3595, #10228 ) ;
#5815 = VERTEX_POINT ( 'NONE', #5670 ) ;
#5816 = COLOUR_RGB ( '',0.7921568627450980005, 0.8196078431372548767, 0.9333333333333333481 ) ;
#5817 = EDGE_CURVE ( 'NONE', #1448, #5520, #9121, .T. ) ;
#5818 = CARTESIAN_POINT ( 'NONE',  ( -4.592187738285314680, -0.2469085707813085118, -3.967013287941472122 ) ) ;
#5819 = VECTOR ( 'NONE', #10391, 999.9999999999998863 ) ;
#5820 = ORIENTED_EDGE ( 'NONE', *, *, #9144, .T. ) ;
#5821 = ORIENTED_EDGE ( 'NONE', *, *, #7623, .F. ) ;
#5822 = PLANE ( 'NONE',  #2339 ) ;
#5823 = DIRECTION ( 'NONE',  ( -1.000000000000000000, -0.000000000000000000, -0.000000000000000000 ) ) ;
#5824 = DIRECTION ( 'NONE',  ( 0.000000000000000000, 0.000000000000000000, 1.000000000000000000 ) ) ;
#5825 = EDGE_CURVE ( 'NONE', #4286, #10086, #9493, .T. ) ;
#5826 = PRESENTATION_LAYER_ASSIGNMENT (  '', '', ( #8175 ) ) ;
#5827 = EDGE_CURVE ( 'NONE', #6494, #6127, #3297, .T. ) ;
#5828 = SURFACE_SIDE_STYLE ('',( #8523 ) ) ;
#5829 = SURFACE_STYLE_FILL_AREA ( #9070 ) ;
#5830 = VECTOR ( 'NONE', #9840, 1000.000000000000227 ) ;
#5831 = CARTESIAN_POINT ( 'NONE',  ( 9.115000000000000213, 0.1100000000000000006, -4.250000000000000888 ) ) ;
#5832 = VECTOR ( 'NONE', #2821, 1000.000000000000000 ) ;
#5833 = MECHANICAL_DESIGN_GEOMETRIC_PRESENTATION_REPRESENTATION (  '', ( #7311 ), #9275 ) ;
#5834 =( LENGTH_UNIT ( ) NAMED_UNIT ( * ) SI_UNIT ( .MILLI., .METRE. ) );
#5835 = ORIENTED_EDGE ( 'NONE', *, *, #3968, .F. ) ;
#5836 = EDGE_CURVE ( 'NONE', #9332, #1074, #5195, .T. ) ;
#5837 = UNCERTAINTY_MEASURE_WITH_UNIT (LENGTH_MEASURE( 1.000000000000000082E-05 ), #10025, 'distance_accuracy_value', 'NONE');
#5838 =( NAMED_UNIT ( * ) SI_UNIT ( $, .STERADIAN. ) SOLID_ANGLE_UNIT ( ) );
#5839 = DIRECTION ( 'NONE',  ( -0.000000000000000000, -0.000000000000000000, 1.000000000000000000 ) ) ;
#5840 = VECTOR ( 'NONE', #8956, 1000.000000000000000 ) ;
#5841 = VECTOR ( 'NONE', #5054, 1000.000000000000000 ) ;
#5842 = DIRECTION ( 'NONE',  ( 0.000000000000000000, -0.9979641717745812990, 0.06377704802100926662 ) ) ;
#5843 = CARTESIAN_POINT ( 'NONE',  ( 6.949999999999999289, -1.374999999999998668, -3.823497185254834729 ) ) ;
#5844 = EDGE_LOOP ( 'NONE', ( #5363, #7635, #2050, #455 ) ) ;
#5845 = LINE ( 'NONE', #5290, #7228 ) ;
#5846 = CARTESIAN_POINT ( 'NONE',  ( -1.519999999999999574, 0.06318885240105015511, 3.947195844781839824 ) ) ;
#5847 = SURFACE_STYLE_USAGE ( .BOTH. , #9122 ) ;
#5848 = ORIENTED_EDGE ( 'NONE', *, *, #7773, .T. ) ;
#5849 = PRESENTATION_LAYER_ASSIGNMENT (  '', '', ( #1840 ) ) ;
#5850 = PLANE ( 'NONE',  #4598 ) ;
#5851 = LINE ( 'NONE', #5613, #3544 ) ;
#5852 = DIRECTION ( 'NONE',  ( 0.000000000000000000, -0.9979641717745812990, -0.06377704802100912784 ) ) ;
#5853 = DIRECTION ( 'NONE',  ( -1.000000000000000000, -0.000000000000000000, -0.000000000000000000 ) ) ;
#5854 = CARTESIAN_POINT ( 'NONE',  ( 6.949999999999999289, -1.055665328710557072, 3.803089415876316437 ) ) ;
#5855 = LINE ( 'NONE', #461, #3063 ) ;
#5856 = FACE_OUTER_BOUND ( 'NONE', #6723, .T. ) ;
#5857 = ORIENTED_EDGE ( 'NONE', *, *, #4667, .T. ) ;
#5858 = DIRECTION ( 'NONE',  ( -1.000000000000000000, -0.000000000000000000, 0.000000000000000000 ) ) ;
#5859 = CARTESIAN_POINT ( 'NONE',  ( -3.210000000000000853, 0.1099999999999998618, 3.897297636193110648 ) ) ;
#5860 = ORIENTED_EDGE ( 'NONE', *, *, #9205, .T. ) ;
#5861 = FACE_OUTER_BOUND ( 'NONE', #8431, .T. ) ;
#5862 = CARTESIAN_POINT ( 'NONE',  ( 6.949999999999999289, 0.1100000000000000006, 3.550000000000000266 ) ) ;
#5863 = AXIS2_PLACEMENT_3D ( 'NONE', #9796, #9830, #6596 ) ;
#5864 = VECTOR ( 'NONE', #6068, 1000.000000000000000 ) ;
#5865 = AXIS2_PLACEMENT_3D ( 'NONE', #8116, #9820, #4926 ) ;
#5866 = CARTESIAN_POINT ( 'NONE',  ( 1.870000000000000107, -1.374999999999998668, 3.823497185254834729 ) ) ;
#5867 = DIRECTION ( 'NONE',  ( 0.000000000000000000, 0.000000000000000000, 1.000000000000000000 ) ) ;
#5868 = ORIENTED_EDGE ( 'NONE', *, *, #768, .T. ) ;
#5869 = FILL_AREA_STYLE ('',( #6923 ) ) ;
#5870 = SURFACE_STYLE_FILL_AREA ( #6676 ) ;
#5871 = ADVANCED_FACE ( 'NONE', ( #4312 ), #5005, .F. ) ;
#5872 = LINE ( 'NONE', #814, #3699 ) ;
#5873 = VECTOR ( 'NONE', #9278, 1000.000000000000000 ) ;
#5874 = CARTESIAN_POINT ( 'NONE',  ( 6.949999999999999289, -0.1100000000000000006, 3.550000000000000266 ) ) ;
#5875 = EDGE_CURVE ( 'NONE', #7040, #4267, #8094, .T. ) ;
#5876 = CARTESIAN_POINT ( 'NONE',  ( -8.290000000000000924, 0.06000000000000001166, -3.897297636193110648 ) ) ;
#5877 = VERTEX_POINT ( 'NONE', #3402 ) ;
#5878 = DIRECTION ( 'NONE',  ( 0.000000000000000000, 0.000000000000000000, -1.000000000000000000 ) ) ;
#5879 = VERTEX_POINT ( 'NONE', #1066 ) ;
#5880 = LINE ( 'NONE', #3179, #5243 ) ;
#5881 = EDGE_CURVE ( 'NONE', #4908, #2852, #8602, .T. ) ;
#5882 = DIRECTION ( 'NONE',  ( -1.000000000000000000, -0.000000000000000000, -0.000000000000000000 ) ) ;
#5883 = DIRECTION ( 'NONE',  ( -1.000000000000000000, -0.000000000000000000, -0.000000000000000000 ) ) ;
#5884 = EDGE_CURVE ( 'NONE', #4405, #9999, #8357, .T. ) ;
#5885 = CARTESIAN_POINT ( 'NONE',  ( 6.878063832607382189, -1.374999999999998668, 3.823497185254836062 ) ) ;
#5886 = CARTESIAN_POINT ( 'NONE',  ( -0.6700000000000004841, 0.06318885240105015511, 3.947195844781839824 ) ) ;
#5887 = FACE_OUTER_BOUND ( 'NONE', #3794, .T. ) ;
#5888 = ORIENTED_EDGE ( 'NONE', *, *, #5947, .T. ) ;
#5889 = SURFACE_STYLE_FILL_AREA ( #661 ) ;
#5890 =( GEOMETRIC_REPRESENTATION_CONTEXT ( 3 ) GLOBAL_UNCERTAINTY_ASSIGNED_CONTEXT ( ( #405 ) ) GLOBAL_UNIT_ASSIGNED_CONTEXT ( ( #8414, #7707, #7739 ) ) REPRESENTATION_CONTEXT ( 'NONE', 'WORKASPACE' ) );
#5891 = VECTOR ( 'NONE', #8697, 1000.000000000000000 ) ;
#5892 = EDGE_CURVE ( 'NONE', #4113, #6274, #3802, .T. ) ;
#5893 = LINE ( 'NONE', #7798, #8647 ) ;
#5894 = DIRECTION ( 'NONE',  ( -0.000000000000000000, -0.000000000000000000, 1.000000000000000000 ) ) ;
#5895 = AXIS2_PLACEMENT_3D ( 'NONE', #4860, #3257, #7254 ) ;
#5896 = EDGE_LOOP ( 'NONE', ( #3236, #608, #2428, #5277 ) ) ;
#5897 = ORIENTED_EDGE ( 'NONE', *, *, #7686, .F. ) ;
#5898 = VERTEX_POINT ( 'NONE', #930 ) ;
#5899 = UNCERTAINTY_MEASURE_WITH_UNIT (LENGTH_MEASURE( 1.000000000000000082E-05 ), #4233, 'distance_accuracy_value', 'NONE');
#5900 = EDGE_CURVE ( 'NONE', #1521, #8615, #1783, .T. ) ;
#5901 = LINE ( 'NONE', #3169, #5128 ) ;
#5902 = LINE ( 'NONE', #5498, #4362 ) ;
#5903 = LINE ( 'NONE', #5192, #9174 ) ;
#5904 = EDGE_CURVE ( 'NONE', #10295, #191, #7840, .T. ) ;
#5905 = ORIENTED_EDGE ( 'NONE', *, *, #10398, .F. ) ;
#5906 = STYLED_ITEM ( 'NONE', ( #5657 ), #6195 ) ;
#5907 = VECTOR ( 'NONE', #4154, 1000.000000000000000 ) ;
#5908 = VERTEX_POINT ( 'NONE', #3335 ) ;
#5909 = DIRECTION ( 'NONE',  ( 0.9848077530122081313, 0.1736481776669303867, -2.406153702076403668E-16 ) ) ;
#5910 = LINE ( 'NONE', #7684, #5140 ) ;
#5911 = UNCERTAINTY_MEASURE_WITH_UNIT (LENGTH_MEASURE( 1.000000000000000082E-05 ), #3840, 'distance_accuracy_value', 'NONE');
#5912 = PLANE ( 'NONE',  #3310 ) ;
#5913 = MECHANICAL_DESIGN_GEOMETRIC_PRESENTATION_REPRESENTATION (  '', ( #8953 ), #6452 ) ;
#5914 =( NAMED_UNIT ( * ) PLANE_ANGLE_UNIT ( ) SI_UNIT ( $, .RADIAN. ) );
#5915 = PLANE ( 'NONE',  #2376 ) ;
#5916 = MECHANICAL_DESIGN_GEOMETRIC_PRESENTATION_REPRESENTATION (  '', ( #5360 ), #6456 ) ;
#5917 = CARTESIAN_POINT ( 'NONE',  ( -0.6700000000000004841, 0.1100000000000000006, -3.550000000000000266 ) ) ;
#5918 = CARTESIAN_POINT ( 'NONE',  ( -4.059999999999999609, -4.674999999999999822, -4.250000000000000888 ) ) ;
#5919 = EDGE_LOOP ( 'NONE', ( #1938, #615, #10194, #1509 ) ) ;
#5920 = VERTEX_POINT ( 'NONE', #3366 ) ;
#5921 = LINE ( 'NONE', #9610, #1114 ) ;
#5922 = ORIENTED_EDGE ( 'NONE', *, *, #6566, .F. ) ;
#5923 = CARTESIAN_POINT ( 'NONE',  ( 0.000000000000000000, 0.7750000000000000222, 0.000000000000000000 ) ) ;
#5924 = COLOUR_RGB ( '',0.7529411764705882248, 0.7529411764705882248, 0.7529411764705882248 ) ;
#5925 = ADVANCED_FACE ( 'NONE', ( #3176 ), #8165, .T. ) ;
#5926 =( GEOMETRIC_REPRESENTATION_CONTEXT ( 3 ) GLOBAL_UNCERTAINTY_ASSIGNED_CONTEXT ( ( #7810 ) ) GLOBAL_UNIT_ASSIGNED_CONTEXT ( ( #10272, #526, #3884 ) ) REPRESENTATION_CONTEXT ( 'NONE', 'WORKASPACE' ) );
#5927 = DIRECTION ( 'NONE',  ( 1.000000000000000000, 0.000000000000000000, -0.000000000000000000 ) ) ;
#5928 = VERTEX_POINT ( 'NONE', #5780 ) ;
#5929 = ORIENTED_EDGE ( 'NONE', *, *, #6968, .F. ) ;
#5930 = AXIS2_PLACEMENT_3D ( 'NONE', #4697, #657, #1372 ) ;
#5931 = CARTESIAN_POINT ( 'NONE',  ( -9.115000000000000213, -0.1599999999999999756, -3.695747996505077904 ) ) ;
#5932 = VECTOR ( 'NONE', #5098, 1000.000000000000000 ) ;
#5933 = PRESENTATION_STYLE_ASSIGNMENT (( #9321 ) ) ;
#5934 = VECTOR ( 'NONE', #7692, 1000.000000000000000 ) ;
#5935 = ADVANCED_FACE ( 'NONE', ( #2421 ), #1880, .F. ) ;
#5936 = PRESENTATION_STYLE_ASSIGNMENT (( #3390 ) ) ;
#5937 =( LENGTH_UNIT ( ) NAMED_UNIT ( * ) SI_UNIT ( .MILLI., .METRE. ) );
#5938 = VERTEX_POINT ( 'NONE', #4382 ) ;
#5939 = ORIENTED_EDGE ( 'NONE', *, *, #5485, .F. ) ;
#5940 = VERTEX_POINT ( 'NONE', #298 ) ;
#5941 = MECHANICAL_DESIGN_GEOMETRIC_PRESENTATION_REPRESENTATION (  '', ( #9719 ), #8086 ) ;
#5942 = SURFACE_SIDE_STYLE ('',( #4739 ) ) ;
#5943 = PRESENTATION_STYLE_ASSIGNMENT (( #1025 ) ) ;
#5944 = VECTOR ( 'NONE', #5081, 1000.000000000000000 ) ;
#5945 = ORIENTED_EDGE ( 'NONE', *, *, #238, .F. ) ;
#5946 = ORIENTED_EDGE ( 'NONE', *, *, #7438, .T. ) ;
#5947 = EDGE_CURVE ( 'NONE', #5642, #8174, #1051, .T. ) ;
#5948 = CARTESIAN_POINT ( 'NONE',  ( 5.750000000000001776, -1.055665328710549522, -4.250000000000000888 ) ) ;
#5949 = PLANE ( 'NONE',  #6375 ) ;
#5950 = PRESENTATION_STYLE_ASSIGNMENT (( #1813 ) ) ;
#5951 = MECHANICAL_DESIGN_GEOMETRIC_PRESENTATION_REPRESENTATION (  '', ( #3557 ), #5740 ) ;
#5952 = LINE ( 'NONE', #336, #2914 ) ;
#5953 = VERTEX_POINT ( 'NONE', #9197 ) ;
#5955 = ORIENTED_EDGE ( 'NONE', *, *, #10137, .T. ) ;
#5954 = DIRECTION ( 'NONE',  ( 1.000000000000000000, 0.000000000000000000, -0.000000000000000000 ) ) ;
#5956 =( LENGTH_UNIT ( ) NAMED_UNIT ( * ) SI_UNIT ( .MILLI., .METRE. ) );
#5957 = MECHANICAL_DESIGN_GEOMETRIC_PRESENTATION_REPRESENTATION (  '', ( #554 ), #2562 ) ;
#5958 = EDGE_CURVE ( 'NONE', #9858, #7415, #7977, .T. ) ;
#5959 = CARTESIAN_POINT ( 'NONE',  ( -9.207097143600909916, 0.5749999999999999556, -0.5241992011858084277 ) ) ;
#5960 = ORIENTED_EDGE ( 'NONE', *, *, #4752, .T. ) ;
#5961 = EDGE_CURVE ( 'NONE', #4543, #3417, #6732, .T. ) ;
#5962 = CARTESIAN_POINT ( 'NONE',  ( 1.020000000000000018, -1.374999999999999112, 4.039106398383937702 ) ) ;
#5963 = MECHANICAL_DESIGN_GEOMETRIC_PRESENTATION_REPRESENTATION (  '', ( #6507 ), #5420 ) ;
#5964 = ORIENTED_EDGE ( 'NONE', *, *, #974, .F. ) ;
#5965 = UNCERTAINTY_MEASURE_WITH_UNIT (LENGTH_MEASURE( 1.000000000000000082E-05 ), #2265, 'distance_accuracy_value', 'NONE');
#5966 = DIRECTION ( 'NONE',  ( 0.000000000000000000, 0.000000000000000000, -1.000000000000000000 ) ) ;
#5967 = MECHANICAL_DESIGN_GEOMETRIC_PRESENTATION_REPRESENTATION (  '', ( #6864 ), #9016 ) ;
#5968 = FILL_AREA_STYLE_COLOUR ( '', #4787 ) ;
#5969 = FACE_OUTER_BOUND ( 'NONE', #9790, .T. ) ;
#5970 = ADVANCED_FACE ( 'NONE', ( #1651 ), #8349, .F. ) ;
#5971 = EDGE_CURVE ( 'NONE', #9855, #3354, #4693, .T. ) ;
#5972 = LINE ( 'NONE', #9594, #182 ) ;
#5973 = DIRECTION ( 'NONE',  ( 0.000000000000000000, -1.000000000000000000, 0.000000000000000000 ) ) ;
#5974 = ORIENTED_EDGE ( 'NONE', *, *, #2373, .T. ) ;
#5975 = LINE ( 'NONE', #232, #1920 ) ;
#5976 = DIRECTION ( 'NONE',  ( 0.000000000000000000, -0.000000000000000000, 1.000000000000000000 ) ) ;
#5977 = SURFACE_STYLE_FILL_AREA ( #6132 ) ;
#5978 = DIRECTION ( 'NONE',  ( 0.000000000000000000, -0.000000000000000000, 1.000000000000000000 ) ) ;
#5979 = ORIENTED_EDGE ( 'NONE', *, *, #6073, .T. ) ;
#5980 = CARTESIAN_POINT ( 'NONE',  ( 6.950000000000001066, -1.055665328710549522, -4.250000000000000888 ) ) ;
#5981 = COLOUR_RGB ( '',0.7529411764705882248, 0.7529411764705882248, 0.7529411764705882248 ) ;
#5982 = ORIENTED_EDGE ( 'NONE', *, *, #1036, .T. ) ;
#5983 = ADVANCED_FACE ( 'NONE', ( #296 ), #8220, .T. ) ;
#5984 = AXIS2_PLACEMENT_3D ( 'NONE', #8089, #4931, #6416 ) ;
#5985 = CARTESIAN_POINT ( 'NONE',  ( -5.750000000000000000, -4.674999999999999822, 4.034390786870895695 ) ) ;
#5986 = VERTEX_POINT ( 'NONE', #8510 ) ;
#5987 = STYLED_ITEM ( 'NONE', ( #3930 ), #1892 ) ;
#5988 = DIRECTION ( 'NONE',  ( -1.000000000000000000, -0.000000000000000000, -0.000000000000000000 ) ) ;
#5989 = DIRECTION ( 'NONE',  ( -1.000000000000000000, -0.000000000000000000, -0.000000000000000000 ) ) ;
#5990 = LINE ( 'NONE', #5213, #3440 ) ;
#5991 = VECTOR ( 'NONE', #1634, 1000.000000000000000 ) ;
#5992 = DIRECTION ( 'NONE',  ( 0.000000000000000000, 0.000000000000000000, -1.000000000000000000 ) ) ;
#5993 = CARTESIAN_POINT ( 'NONE',  ( 6.600000000000001421, 0.06318885240105015511, 3.947195844781839824 ) ) ;
#5994 = CARTESIAN_POINT ( 'NONE',  ( -0.6700000000000004841, 0.1100000000000000006, -3.550000000000000266 ) ) ;
#5995 = ORIENTED_EDGE ( 'NONE', *, *, #7102, .F. ) ;
#5996 = MECHANICAL_DESIGN_GEOMETRIC_PRESENTATION_REPRESENTATION (  '', ( #3752 ), #7414 ) ;
#5997 = DIRECTION ( 'NONE',  ( -0.000000000000000000, -0.000000000000000000, 1.000000000000000000 ) ) ;
#5998 = LINE ( 'NONE', #7222, #3835 ) ;
#5999 = PRESENTATION_STYLE_ASSIGNMENT (( #46 ) ) ;
#6000 = SURFACE_STYLE_USAGE ( .BOTH. , #2756 ) ;
#6001 = ORIENTED_EDGE ( 'NONE', *, *, #8186, .F. ) ;
#6002 = CARTESIAN_POINT ( 'NONE',  ( -5.750000000000000000, 0.1100000000000000006, -3.550000000000000266 ) ) ;
#6003 = FACE_OUTER_BOUND ( 'NONE', #7831, .T. ) ;
#6004 = CIRCLE ( 'NONE', #6493, 0.04999999999999969746 ) ;
#6005 = MECHANICAL_DESIGN_GEOMETRIC_PRESENTATION_REPRESENTATION (  '', ( #9596 ), #7290 ) ;
#6006 = EDGE_CURVE ( 'NONE', #10116, #9768, #6601, .T. ) ;
#6007 = DIRECTION ( 'NONE',  ( -1.000000000000000000, -0.000000000000000000, -0.000000000000000000 ) ) ;
#6008 =( NAMED_UNIT ( * ) PLANE_ANGLE_UNIT ( ) SI_UNIT ( $, .RADIAN. ) );
#6009 = VERTEX_POINT ( 'NONE', #459 ) ;
#6010 = SURFACE_STYLE_FILL_AREA ( #559 ) ;
#6011 = DIRECTION ( 'NONE',  ( -1.000000000000000000, -0.000000000000000000, -0.000000000000000000 ) ) ;
#6012 = DIRECTION ( 'NONE',  ( -1.000000000000000000, -0.000000000000000000, -0.000000000000000000 ) ) ;
#6013 = ORIENTED_EDGE ( 'NONE', *, *, #2154, .F. ) ;
#6014 = EDGE_CURVE ( 'NONE', #1419, #3040, #1039, .T. ) ;
#6015 = VECTOR ( 'NONE', #8236, 1000.000000000000000 ) ;
#6016 = DIRECTION ( 'NONE',  ( 0.000000000000000000, -0.000000000000000000, 1.000000000000000000 ) ) ;
#6017 = ADVANCED_FACE ( 'NONE', ( #2410 ), #10375, .F. ) ;
#6018 = ORIENTED_EDGE ( 'NONE', *, *, #2164, .F. ) ;
#6019 = VERTEX_POINT ( 'NONE', #673 ) ;
#6020 = VECTOR ( 'NONE', #7697, 1000.000000000000000 ) ;
#6021 = VERTEX_POINT ( 'NONE', #4676 ) ;
#6022 = UNCERTAINTY_MEASURE_WITH_UNIT (LENGTH_MEASURE( 1.000000000000000082E-05 ), #8124, 'distance_accuracy_value', 'NONE');
#6023 = DIRECTION ( 'NONE',  ( 1.000000000000000000, 0.000000000000000000, 0.000000000000000000 ) ) ;
#6024 =( GEOMETRIC_REPRESENTATION_CONTEXT ( 3 ) GLOBAL_UNCERTAINTY_ASSIGNED_CONTEXT ( ( #9318 ) ) GLOBAL_UNIT_ASSIGNED_CONTEXT ( ( #6138, #1958, #1186 ) ) REPRESENTATION_CONTEXT ( 'NONE', 'WORKASPACE' ) );
#6025 = EDGE_CURVE ( 'NONE', #6504, #1674, #6076, .T. ) ;
#6026 = DIRECTION ( 'NONE',  ( 0.000000000000000000, 0.000000000000000000, -1.000000000000000000 ) ) ;
#6027 = CARTESIAN_POINT ( 'NONE',  ( -4.410000000000001030, 0.1100000000000000006, -3.550000000000000266 ) ) ;
#6028 = PRESENTATION_STYLE_ASSIGNMENT (( #3053 ) ) ;
#6029 =( GEOMETRIC_REPRESENTATION_CONTEXT ( 3 ) GLOBAL_UNCERTAINTY_ASSIGNED_CONTEXT ( ( #9777 ) ) GLOBAL_UNIT_ASSIGNED_CONTEXT ( ( #3950, #9607, #7146 ) ) REPRESENTATION_CONTEXT ( 'NONE', 'WORKASPACE' ) );
#6030 =( NAMED_UNIT ( * ) PLANE_ANGLE_UNIT ( ) SI_UNIT ( $, .RADIAN. ) );
#6031 = CARTESIAN_POINT ( 'NONE',  ( 0.6700000000000004841, 0.06000000000000001166, 3.897297636193110648 ) ) ;
#6032 = ORIENTED_EDGE ( 'NONE', *, *, #1797, .T. ) ;
#6033 = EDGE_CURVE ( 'NONE', #6937, #767, #2027, .T. ) ;
#6034 = CYLINDRICAL_SURFACE ( 'NONE', #10444, 0.04999999999999969746 ) ;
#6035 = FACE_OUTER_BOUND ( 'NONE', #5507, .T. ) ;
#6036 = VERTEX_POINT ( 'NONE', #6304 ) ;
#6037 = VERTEX_POINT ( 'NONE', #5451 ) ;
#6038 = PLANE ( 'NONE',  #4955 ) ;
#6039 = STYLED_ITEM ( 'NONE', ( #2779 ), #8937 ) ;
#6040 = CARTESIAN_POINT ( 'NONE',  ( -0.6700000000000004841, -0.1568111475989498460, -3.745646205093807080 ) ) ;
#6041 = DIRECTION ( 'NONE',  ( 1.000000000000000000, 0.000000000000000000, 0.000000000000000000 ) ) ;
#6042 = EDGE_LOOP ( 'NONE', ( #8842, #7511, #2742, #8540 ) ) ;
#6043 = DIRECTION ( 'NONE',  ( -1.000000000000000000, 0.000000000000000000, 0.000000000000000000 ) ) ;
#6044 = MECHANICAL_DESIGN_GEOMETRIC_PRESENTATION_REPRESENTATION (  '', ( #2933 ), #2392 ) ;
#6045 = LINE ( 'NONE', #3369, #4143 ) ;
#6046 = EDGE_LOOP ( 'NONE', ( #2403, #8281, #505, #7155, #1124, #4517, #9967, #4885, #5061, #7790 ) ) ;
#6047 = ORIENTED_EDGE ( 'NONE', *, *, #3319, .F. ) ;
#6048 = EDGE_LOOP ( 'NONE', ( #4572, #8563, #10098, #5318 ) ) ;
#6049 =( NAMED_UNIT ( * ) SI_UNIT ( $, .STERADIAN. ) SOLID_ANGLE_UNIT ( ) );
#6050 = STYLED_ITEM ( 'NONE', ( #8723 ), #2207 ) ;
#6051 = AXIS2_PLACEMENT_3D ( 'NONE', #908, #5799, #5721 ) ;
#6052 = CARTESIAN_POINT ( 'NONE',  ( 6.949999999999999289, 0.1099999999999998618, 3.897297636193110648 ) ) ;
#6053 = VECTOR ( 'NONE', #4997, 1000.000000000000000 ) ;
#6054 = DIRECTION ( 'NONE',  ( -0.000000000000000000, -0.000000000000000000, -1.000000000000000000 ) ) ;
#6055 = VECTOR ( 'NONE', #883, 1000.000000000000114 ) ;
#6056 = ORIENTED_EDGE ( 'NONE', *, *, #5552, .T. ) ;
#6057 = CARTESIAN_POINT ( 'NONE',  ( -3.210000000000000853, 0.06000000000000001166, -3.897297636193110648 ) ) ;
#6058 = SURFACE_SIDE_STYLE ('',( #7226 ) ) ;
#6059 = LINE ( 'NONE', #9555, #2011 ) ;
#6060 = ORIENTED_EDGE ( 'NONE', *, *, #8802, .T. ) ;
#6061 = SURFACE_SIDE_STYLE ('',( #1782 ) ) ;
#6062 = VECTOR ( 'NONE', #9729, 1000.000000000000000 ) ;
#6063 = ORIENTED_EDGE ( 'NONE', *, *, #6695, .F. ) ;
#6064 = ORIENTED_EDGE ( 'NONE', *, *, #6836, .T. ) ;
#6065 = ORIENTED_EDGE ( 'NONE', *, *, #4441, .T. ) ;
#6066 = ADVANCED_FACE ( 'NONE', ( #8469 ), #4865, .F. ) ;
#6067 = CIRCLE ( 'NONE', #389, 0.04999999999999969746 ) ;
#6068 = DIRECTION ( 'NONE',  ( -0.000000000000000000, -0.000000000000000000, -1.000000000000000000 ) ) ;
#6069 = EDGE_CURVE ( 'NONE', #9858, #5656, #1187, .T. ) ;
#6070 = CYLINDRICAL_SURFACE ( 'NONE', #911, 0.05000000000000012768 ) ;
#6071 = SURFACE_SIDE_STYLE ('',( #1594 ) ) ;
#6072 = VECTOR ( 'NONE', #2639, 1000.000000000000114 ) ;
#6073 = EDGE_CURVE ( 'NONE', #2974, #4311, #4845, .T. ) ;
#6074 = SURFACE_SIDE_STYLE ('',( #3231 ) ) ;
#6075 = EDGE_LOOP ( 'NONE', ( #1894, #6001, #2731, #5241 ) ) ;
#6076 = LINE ( 'NONE', #7089, #3922 ) ;
#6077 = SURFACE_SIDE_STYLE ('',( #6559 ) ) ;
#6078 = DIRECTION ( 'NONE',  ( 0.000000000000000000, -0.000000000000000000, 1.000000000000000000 ) ) ;
#6079 = UNCERTAINTY_MEASURE_WITH_UNIT (LENGTH_MEASURE( 1.000000000000000082E-05 ), #2766, 'distance_accuracy_value', 'NONE');
#6080 = CARTESIAN_POINT ( 'NONE',  ( -6.949999999999999289, 0.06000000000000001166, 3.897297636193110648 ) ) ;
#6081 = AXIS2_PLACEMENT_3D ( 'NONE', #1864, #9112, #9219 ) ;
#6082 = EDGE_CURVE ( 'NONE', #184, #6350, #858, .T. ) ;
#6083 = PLANE ( 'NONE',  #13 ) ;
#6084 = PLANE ( 'NONE',  #7677 ) ;
#6085 = LINE ( 'NONE', #2576, #9373 ) ;
#6086 = CARTESIAN_POINT ( 'NONE',  ( 1.870000000000000107, 0.1099999999999998618, -3.897297636193110648 ) ) ;
#6087 = CIRCLE ( 'NONE', #35, 0.05000000000000012768 ) ;
#6088 = STYLED_ITEM ( 'NONE', ( #1677 ), #7247 ) ;
#6089 = CARTESIAN_POINT ( 'NONE',  ( 3.209999999999999964, -1.055665328710545747, 3.897297636193110648 ) ) ;
#6090 = DIRECTION ( 'NONE',  ( -0.2193360129683985249, 0.9736631258226969843, 0.06222403738348531582 ) ) ;
#6091 = EDGE_CURVE ( 'NONE', #1131, #5715, #8875, .T. ) ;
#6092 =( LENGTH_UNIT ( ) NAMED_UNIT ( * ) SI_UNIT ( .MILLI., .METRE. ) );
#6093 = CARTESIAN_POINT ( 'NONE',  ( 6.949999999999999289, -0.1568111475989498460, -3.745646205093807080 ) ) ;
#6094 = ORIENTED_EDGE ( 'NONE', *, *, #9404, .F. ) ;
#6095 = UNCERTAINTY_MEASURE_WITH_UNIT (LENGTH_MEASURE( 1.000000000000000082E-05 ), #8848, 'distance_accuracy_value', 'NONE');
#6096 = FACE_OUTER_BOUND ( 'NONE', #4428, .T. ) ;
#6097 =( LENGTH_UNIT ( ) NAMED_UNIT ( * ) SI_UNIT ( .MILLI., .METRE. ) );
#6098 = DIRECTION ( 'NONE',  ( 0.000000000000000000, -0.06377704802100926662, -0.9979641717745812990 ) ) ;
#6099 = FACE_OUTER_BOUND ( 'NONE', #4296, .T. ) ;
#6100 = EDGE_LOOP ( 'NONE', ( #3278, #2232, #6094, #7536 ) ) ;
#6101 = CARTESIAN_POINT ( 'NONE',  ( -0.7419361673926183620, -1.374999999999998890, 4.039106398383939478 ) ) ;
#6102 = EDGE_CURVE ( 'NONE', #7472, #5536, #4082, .T. ) ;
#6103 = DIRECTION ( 'NONE',  ( 0.000000000000000000, -0.000000000000000000, 1.000000000000000000 ) ) ;
#6104 =( GEOMETRIC_REPRESENTATION_CONTEXT ( 3 ) GLOBAL_UNCERTAINTY_ASSIGNED_CONTEXT ( ( #8669 ) ) GLOBAL_UNIT_ASSIGNED_CONTEXT ( ( #5348, #7052, #2060 ) ) REPRESENTATION_CONTEXT ( 'NONE', 'WORKASPACE' ) );
#6105 = DIRECTION ( 'NONE',  ( 0.1736481776669303589, -0.9848077530122080203, 0.000000000000000000 ) ) ;
#6106 = ORIENTED_EDGE ( 'NONE', *, *, #9125, .T. ) ;
#6107 = PLANE ( 'NONE',  #3387 ) ;
#6108 = VERTEX_POINT ( 'NONE', #857 ) ;
#6109 = AXIS2_PLACEMENT_3D ( 'NONE', #3200, #9634, #4803 ) ;
#6110 = MECHANICAL_DESIGN_GEOMETRIC_PRESENTATION_REPRESENTATION (  '', ( #5032 ), #5565 ) ;
#6111 = LINE ( 'NONE', #2765, #8621 ) ;
#6112 =( NAMED_UNIT ( * ) SI_UNIT ( $, .STERADIAN. ) SOLID_ANGLE_UNIT ( ) );
#6113 = SURFACE_SIDE_STYLE ('',( #7147 ) ) ;
#6114 = VERTEX_POINT ( 'NONE', #7264 ) ;
#6115 = FILL_AREA_STYLE_COLOUR ( '', #7514 ) ;
#6116 = DIRECTION ( 'NONE',  ( 0.000000000000000000, 0.000000000000000000, -1.000000000000000000 ) ) ;
#6117 = DIRECTION ( 'NONE',  ( 0.000000000000000000, -1.000000000000000000, 0.000000000000000000 ) ) ;
#6118 = ORIENTED_EDGE ( 'NONE', *, *, #2022, .F. ) ;
#6119 = FACE_OUTER_BOUND ( 'NONE', #9742, .T. ) ;
#6120 =( LENGTH_UNIT ( ) NAMED_UNIT ( * ) SI_UNIT ( .MILLI., .METRE. ) );
#6121 = LINE ( 'NONE', #5249, #4337 ) ;
#6122 = EDGE_LOOP ( 'NONE', ( #5897, #2783, #4212, #896, #8280, #9990, #1397, #1835 ) ) ;
#6123 =( GEOMETRIC_REPRESENTATION_CONTEXT ( 3 ) GLOBAL_UNCERTAINTY_ASSIGNED_CONTEXT ( ( #5057 ) ) GLOBAL_UNIT_ASSIGNED_CONTEXT ( ( #6611, #199, #1680 ) ) REPRESENTATION_CONTEXT ( 'NONE', 'WORKASPACE' ) );
#6124 = CARTESIAN_POINT ( 'NONE',  ( -1.519999999999999574, -1.374999999999998890, -4.250000000000000888 ) ) ;
#6125 = DIRECTION ( 'NONE',  ( -1.000000000000000000, -0.000000000000000000, -0.000000000000000000 ) ) ;
#6126 = LINE ( 'NONE', #1192, #9280 ) ;
#6127 = VERTEX_POINT ( 'NONE', #8337 ) ;
#6128 = ADVANCED_FACE ( 'NONE', ( #5408 ), #2579, .F. ) ;
#6129 = SURFACE_STYLE_FILL_AREA ( #5311 ) ;
#6130 = LINE ( 'NONE', #3701, #8139 ) ;
#6131 = DIRECTION ( 'NONE',  ( 0.000000000000000000, 1.000000000000000000, 0.000000000000000000 ) ) ;
#6132 = FILL_AREA_STYLE ('',( #1952 ) ) ;
#6133 = CARTESIAN_POINT ( 'NONE',  ( 6.600000000000001421, -4.674999999999999822, 4.249999999999999112 ) ) ;
#6134 = AXIS2_PLACEMENT_3D ( 'NONE', #3972, #6319, #795 ) ;
#6135 = CIRCLE ( 'NONE', #2944, 0.05000000000000012768 ) ;
#6136 =( NAMED_UNIT ( * ) SI_UNIT ( $, .STERADIAN. ) SOLID_ANGLE_UNIT ( ) );
#6137 = ORIENTED_EDGE ( 'NONE', *, *, #6643, .F. ) ;
#6138 =( LENGTH_UNIT ( ) NAMED_UNIT ( * ) SI_UNIT ( .MILLI., .METRE. ) );
#6139 = CARTESIAN_POINT ( 'NONE',  ( -8.665000000000000924, 0.06318885240105015511, -3.947195844781839824 ) ) ;
#6140 = PRODUCT ( 'M74HC4020B1R', 'M74HC4020B1R', '', ( #3617 ) ) ;
#6141 = VERTEX_POINT ( 'NONE', #7482 ) ;
#6142 = EDGE_CURVE ( 'NONE', #1383, #1995, #7546, .T. ) ;
#6143 = ORIENTED_EDGE ( 'NONE', *, *, #7321, .T. ) ;
#6144 = VERTEX_POINT ( 'NONE', #4398 ) ;
#6145 = SURFACE_STYLE_FILL_AREA ( #659 ) ;
#6146 = AXIS2_PLACEMENT_3D ( 'NONE', #4089, #2440, #4892 ) ;
#6147 = LINE ( 'NONE', #2005, #7048 ) ;
#6148 = CARTESIAN_POINT ( 'NONE',  ( -8.290000000000000924, -4.674999999999999822, -4.034390786870895695 ) ) ;
#6149 = DIRECTION ( 'NONE',  ( -1.000000000000000000, -0.000000000000000000, -0.000000000000000000 ) ) ;
#6150 = CIRCLE ( 'NONE', #8851, 0.04999999999999969746 ) ;
#6151 = CARTESIAN_POINT ( 'NONE',  ( -8.290000000000000924, -0.1599999999999999756, 3.695747996505077904 ) ) ;
#6152 =( GEOMETRIC_REPRESENTATION_CONTEXT ( 3 ) GLOBAL_UNCERTAINTY_ASSIGNED_CONTEXT ( ( #5370 ) ) GLOBAL_UNIT_ASSIGNED_CONTEXT ( ( #7821, #653, #9361 ) ) REPRESENTATION_CONTEXT ( 'NONE', 'WORKASPACE' ) );
#6153 = VERTEX_POINT ( 'NONE', #6684 ) ;
#6154 = VECTOR ( 'NONE', #8346, 1000.000000000000000 ) ;
#6155 = ORIENTED_EDGE ( 'NONE', *, *, #102, .T. ) ;
#6156 = UNCERTAINTY_MEASURE_WITH_UNIT (LENGTH_MEASURE( 1.000000000000000082E-05 ), #10357, 'distance_accuracy_value', 'NONE');
#6157 = EDGE_CURVE ( 'NONE', #2254, #2502, #1121, .T. ) ;
#6158 = FILL_AREA_STYLE_COLOUR ( '', #5544 ) ;
#6159 = CARTESIAN_POINT ( 'NONE',  ( -8.290000000000000924, -0.1568111475989498460, 3.745646205093807080 ) ) ;
#6160 = CARTESIAN_POINT ( 'NONE',  ( 6.878063832607382189, -1.374999999999998668, 4.039106398383939478 ) ) ;
#6161 = SURFACE_SIDE_STYLE ('',( #7766 ) ) ;
#6162 = PRESENTATION_STYLE_ASSIGNMENT (( #5317 ) ) ;
#6163 = FACE_OUTER_BOUND ( 'NONE', #5341, .T. ) ;
#6164 = EDGE_CURVE ( 'NONE', #7982, #2964, #8055, .T. ) ;
#6165 = FILL_AREA_STYLE ('',( #6920 ) ) ;
#6166 = VERTEX_POINT ( 'NONE', #8363 ) ;
#6167 = DIRECTION ( 'NONE',  ( -1.000000000000000000, -0.000000000000000000, 0.000000000000000000 ) ) ;
#6168 = STYLED_ITEM ( 'NONE', ( #5205 ), #5706 ) ;
#6169 = EDGE_CURVE ( 'NONE', #7496, #7499, #9193, .T. ) ;
#6170 = CARTESIAN_POINT ( 'NONE',  ( 3.560000000000000497, -4.674999999999999822, 4.034390786870896584 ) ) ;
#6171 = DIRECTION ( 'NONE',  ( 0.000000000000000000, -4.022841720910280989E-15, 1.000000000000000000 ) ) ;
#6172 = ORIENTED_EDGE ( 'NONE', *, *, #9255, .F. ) ;
#6173 = MECHANICAL_DESIGN_GEOMETRIC_PRESENTATION_REPRESENTATION (  '', ( #3119 ), #6722 ) ;
#6174 = COLOUR_RGB ( '',0.7529411764705882248, 0.7529411764705882248, 0.7529411764705882248 ) ;
#6175 = CARTESIAN_POINT ( 'NONE',  ( -1.870000000000000107, -0.1568111475989498460, 3.745646205093807080 ) ) ;
#6176 =( GEOMETRIC_REPRESENTATION_CONTEXT ( 3 ) GLOBAL_UNCERTAINTY_ASSIGNED_CONTEXT ( ( #10291 ) ) GLOBAL_UNIT_ASSIGNED_CONTEXT ( ( #8682, #7827, #5437 ) ) REPRESENTATION_CONTEXT ( 'NONE', 'WORKASPACE' ) );
#6177 = DIRECTION ( 'NONE',  ( 0.000000000000000000, -0.06377704802100965520, 0.9979641717745812990 ) ) ;
#6178 = ORIENTED_EDGE ( 'NONE', *, *, #6917, .T. ) ;
#6179 = ORIENTED_EDGE ( 'NONE', *, *, #6710, .T. ) ;
#6180 = CYLINDRICAL_SURFACE ( 'NONE', #6185, 0.05000000000000012768 ) ;
#6181 = ADVANCED_FACE ( 'NONE', ( #7185 ), #620, .T. ) ;
#6182 = FACE_OUTER_BOUND ( 'NONE', #9679, .T. ) ;
#6183 = PLANE ( 'NONE',  #7854 ) ;
#6184 = COLOUR_RGB ( '',0.7529411764705882248, 0.7529411764705882248, 0.7529411764705882248 ) ;
#6185 = AXIS2_PLACEMENT_3D ( 'NONE', #10266, #2151, #6975 ) ;
#6186 = ORIENTED_EDGE ( 'NONE', *, *, #10327, .T. ) ;
#6187 = EDGE_LOOP ( 'NONE', ( #9460, #10393, #4986, #1155, #8854, #3080, #5551, #5731, #5960, #101 ) ) ;
#6188 = CLOSED_SHELL ( 'NONE', ( #6066, #1525, #9043, #421, #3266, #3460, #6181, #9208, #6250, #2138, #9195, #6668, #4649, #69, #177, #1944 ) ) ;
#6189 = CARTESIAN_POINT ( 'NONE',  ( 9.414578816515268400, -3.430088514716022274, 2.964578816515271775 ) ) ;
#6190 = ORIENTED_EDGE ( 'NONE', *, *, #9875, .F. ) ;
#6191 = MECHANICAL_DESIGN_GEOMETRIC_PRESENTATION_REPRESENTATION (  '', ( #2045 ), #448 ) ;
#6192 = DIRECTION ( 'NONE',  ( 1.000000000000000000, 0.000000000000000000, 0.000000000000000000 ) ) ;
#6193 = ORIENTED_EDGE ( 'NONE', *, *, #7497, .T. ) ;
#6194 = FACE_OUTER_BOUND ( 'NONE', #2052, .T. ) ;
#6195 = ADVANCED_FACE ( 'NONE', ( #8309 ), #2393, .F. ) ;
#6196 = VECTOR ( 'NONE', #8625, 1000.000000000000000 ) ;
#6197 = DIRECTION ( 'NONE',  ( 0.000000000000000000, 0.000000000000000000, -1.000000000000000000 ) ) ;
#6199 = VERTEX_POINT ( 'NONE', #7235 ) ;
#6198 = PLANE ( 'NONE',  #4661 ) ;
#6200 = CARTESIAN_POINT ( 'NONE',  ( 6.949999999999999289, -0.1100000000000000006, 3.550000000000000266 ) ) ;
#6201 = AXIS2_PLACEMENT_3D ( 'NONE', #9057, #7430, #263 ) ;
#6202 = DIRECTION ( 'NONE',  ( -0.000000000000000000, -0.000000000000000000, 1.000000000000000000 ) ) ;
#6203 = FACE_OUTER_BOUND ( 'NONE', #10348, .T. ) ;
#6204 = DIRECTION ( 'NONE',  ( -0.000000000000000000, 1.000000000000000000, -0.000000000000000000 ) ) ;
#6205 = ORIENTED_EDGE ( 'NONE', *, *, #8865, .F. ) ;
#6206 = ORIENTED_EDGE ( 'NONE', *, *, #6374, .T. ) ;
#6207 = VERTEX_POINT ( 'NONE', #6532 ) ;
#6208 = SURFACE_STYLE_USAGE ( .BOTH. , #7017 ) ;
#6209 =( NAMED_UNIT ( * ) PLANE_ANGLE_UNIT ( ) SI_UNIT ( $, .RADIAN. ) );
#6210 = FILL_AREA_STYLE_COLOUR ( '', #5607 ) ;
#6211 = DIRECTION ( 'NONE',  ( 0.000000000000000000, 1.000000000000000000, 0.000000000000000000 ) ) ;
#6212 = FILL_AREA_STYLE ('',( #10321 ) ) ;
#6213 = DIRECTION ( 'NONE',  ( -1.000000000000000000, -0.000000000000000000, -0.000000000000000000 ) ) ;
#6214 = CARTESIAN_POINT ( 'NONE',  ( 9.115000000000000213, 0.1100000000000000006, 3.550000000000000266 ) ) ;
#6215 = STYLED_ITEM ( 'NONE', ( #9956 ), #3549 ) ;
#6216 = EDGE_CURVE ( 'NONE', #9483, #8374, #374, .T. ) ;
#6217 = COLOUR_RGB ( '',0.7529411764705882248, 0.7529411764705882248, 0.7529411764705882248 ) ;
#6218 = ORIENTED_EDGE ( 'NONE', *, *, #4724, .F. ) ;
#6219 = UNCERTAINTY_MEASURE_WITH_UNIT (LENGTH_MEASURE( 1.000000000000000082E-05 ), #3041, 'distance_accuracy_value', 'NONE');
#6220 = CARTESIAN_POINT ( 'NONE',  ( -4.059999999999999609, -4.674999999999999822, -4.250000000000000888 ) ) ;
#6221 = CARTESIAN_POINT ( 'NONE',  ( 6.100000000000001421, -4.674999999999999822, -4.250000000000000888 ) ) ;
#6222 = ORIENTED_EDGE ( 'NONE', *, *, #7249, .F. ) ;
#6223 = EDGE_CURVE ( 'NONE', #1343, #2528, #4130, .T. ) ;
#6224 = LINE ( 'NONE', #9832, #1055 ) ;
#6225 = DIRECTION ( 'NONE',  ( 1.000000000000000000, 0.000000000000000000, 0.000000000000000000 ) ) ;
#6226 = DIRECTION ( 'NONE',  ( -0.000000000000000000, -0.000000000000000000, 1.000000000000000000 ) ) ;
#6227 = COLOUR_RGB ( '',0.7529411764705882248, 0.7529411764705882248, 0.7529411764705882248 ) ;
#6228 = VERTEX_POINT ( 'NONE', #9776 ) ;
#6229 = VECTOR ( 'NONE', #4445, 1000.000000000000000 ) ;
#6230 = MECHANICAL_DESIGN_GEOMETRIC_PRESENTATION_REPRESENTATION (  '', ( #5679 ), #6024 ) ;
#6231 = ORIENTED_EDGE ( 'NONE', *, *, #4377, .F. ) ;
#6232 = MANIFOLD_SOLID_BREP ( 'Cut-Extrude1', #1576 ) ;
#6233 = CARTESIAN_POINT ( 'NONE',  ( -4.059999999999999609, -1.374999999999998890, -4.250000000000000888 ) ) ;
#6234 = DIRECTION ( 'NONE',  ( 0.000000000000000000, 0.000000000000000000, 1.000000000000000000 ) ) ;
#6235 = SURFACE_STYLE_FILL_AREA ( #9914 ) ;
#6236 = ADVANCED_FACE ( 'NONE', ( #5040 ), #9915, .F. ) ;
#6237 = AXIS2_PLACEMENT_3D ( 'NONE', #7553, #2662, #5878 ) ;
#6238 = COLOUR_RGB ( '',0.7529411764705882248, 0.7529411764705882248, 0.7529411764705882248 ) ;
#6239 = DIRECTION ( 'NONE',  ( -1.000000000000000000, -0.000000000000000000, -0.000000000000000000 ) ) ;
#6240 = CIRCLE ( 'NONE', #8042, 0.05000000000000012768 ) ;
#6241 = SURFACE_SIDE_STYLE ('',( #8590 ) ) ;
#6242 = EDGE_CURVE ( 'NONE', #7857, #3771, #2368, .T. ) ;
#6243 = CARTESIAN_POINT ( 'NONE',  ( -0.6700000000000004841, -1.374999999999998890, -4.039106398383939478 ) ) ;
#6244 = ORIENTED_EDGE ( 'NONE', *, *, #3481, .T. ) ;
#6245 = FACE_OUTER_BOUND ( 'NONE', #496, .T. ) ;
#6246 = FILL_AREA_STYLE_COLOUR ( '', #1295 ) ;
#6247 = SURFACE_SIDE_STYLE ('',( #10371 ) ) ;
#6248 = EDGE_CURVE ( 'NONE', #5656, #6494, #8046, .T. ) ;
#6249 = DIRECTION ( 'NONE',  ( -1.000000000000000000, -0.000000000000000000, -0.000000000000000000 ) ) ;
#6250 = ADVANCED_FACE ( 'NONE', ( #5784 ), #7568, .T. ) ;
#6251 = DIRECTION ( 'NONE',  ( 0.000000000000000000, -0.9979641717745812990, -0.06377704802100912784 ) ) ;
#6252 = PLANE ( 'NONE',  #9073 ) ;
#6253 = ORIENTED_EDGE ( 'NONE', *, *, #1542, .F. ) ;
#6254 = LINE ( 'NONE', #7031, #1432 ) ;
#6255 = ORIENTED_EDGE ( 'NONE', *, *, #7572, .T. ) ;
#6256 = SURFACE_STYLE_USAGE ( .BOTH. , #7934 ) ;
#6257 = CARTESIAN_POINT ( 'NONE',  ( -4.409999999999999254, -1.055665328710549522, -4.250000000000000888 ) ) ;
#6258 = FILL_AREA_STYLE ('',( #5444 ) ) ;
#6259 = VERTEX_POINT ( 'NONE', #6133 ) ;
#6260 = STYLED_ITEM ( 'NONE', ( #10170 ), #9993 ) ;
#6261 = CIRCLE ( 'NONE', #5267, 0.05000000000000012768 ) ;
#6262 = VECTOR ( 'NONE', #3078, 1000.000000000000000 ) ;
#6263 = FILL_AREA_STYLE_COLOUR ( '', #976 ) ;
#6264 = DIRECTION ( 'NONE',  ( 1.000000000000000000, 0.000000000000000000, 0.000000000000000000 ) ) ;
#6265 = EDGE_LOOP ( 'NONE', ( #9636, #4786, #4916, #860 ) ) ;
#6266 = VERTEX_POINT ( 'NONE', #10034 ) ;
#6267 = PLANE ( 'NONE',  #4819 ) ;
#6268 =( LENGTH_UNIT ( ) NAMED_UNIT ( * ) SI_UNIT ( .MILLI., .METRE. ) );
#6269 = CARTESIAN_POINT ( 'NONE',  ( 9.115000000000000213, -4.674999999999999822, -4.250000000000000888 ) ) ;
#6270 = LINE ( 'NONE', #3900, #6530 ) ;
#6271 = VECTOR ( 'NONE', #6041, 1000.000000000000000 ) ;
#6272 = PRESENTATION_LAYER_ASSIGNMENT (  '', '', ( #1388 ) ) ;
#6273 = CARTESIAN_POINT ( 'NONE',  ( 6.949999999999999289, -0.1100000000000000006, -3.550000000000000266 ) ) ;
#6274 = VERTEX_POINT ( 'NONE', #1071 ) ;
#6275 = VERTEX_POINT ( 'NONE', #8383 ) ;
#6276 = CLOSED_SHELL ( 'NONE', ( #9935, #1572, #3571, #9993, #3560, #4107, #7025, #8716, #8488, #10251, #4922, #8830, #3781 ) ) ;
#6277 = ORIENTED_EDGE ( 'NONE', *, *, #6968, .T. ) ;
#6278 = EDGE_CURVE ( 'NONE', #737, #3201, #2995, .T. ) ;
#6279 = LINE ( 'NONE', #350, #6801 ) ;
#6280 = ADVANCED_FACE ( 'NONE', ( #3480 ), #497, .F. ) ;
#6281 = EDGE_CURVE ( 'NONE', #947, #5293, #9317, .T. ) ;
#6282 = FILL_AREA_STYLE_COLOUR ( '', #6174 ) ;
#6283 = VERTEX_POINT ( 'NONE', #4390 ) ;
#6284 = ORIENTED_EDGE ( 'NONE', *, *, #10256, .T. ) ;
#6285 = SURFACE_SIDE_STYLE ('',( #9713 ) ) ;
#6286 = FACE_OUTER_BOUND ( 'NONE', #7485, .T. ) ;
#6287 = SURFACE_SIDE_STYLE ('',( #2673 ) ) ;
#6288 = MECHANICAL_DESIGN_GEOMETRIC_PRESENTATION_REPRESENTATION (  '', ( #5600 ), #9530 ) ;
#6289 =( NAMED_UNIT ( * ) SI_UNIT ( $, .STERADIAN. ) SOLID_ANGLE_UNIT ( ) );
#6290 = VECTOR ( 'NONE', #2763, 1000.000000000000000 ) ;
#6291 = FILL_AREA_STYLE_COLOUR ( '', #6940 ) ;
#6292 = MECHANICAL_DESIGN_GEOMETRIC_PRESENTATION_REPRESENTATION (  '', ( #4454 ), #3175 ) ;
#6293 = ADVANCED_FACE ( 'NONE', ( #7291 ), #4426, .F. ) ;
#6294 = EDGE_LOOP ( 'NONE', ( #1943, #9072, #7134, #7425 ) ) ;
#6295 = EDGE_LOOP ( 'NONE', ( #5164, #6669, #5292, #1220 ) ) ;
#6296 = EDGE_CURVE ( 'NONE', #9050, #184, #613, .T. ) ;
#6297 = DIRECTION ( 'NONE',  ( 1.000000000000000000, 0.000000000000000000, -0.000000000000000000 ) ) ;
#6298 = PLANE ( 'NONE',  #2607 ) ;
#6299 = ORIENTED_EDGE ( 'NONE', *, *, #9817, .F. ) ;
#6300 = COLOUR_RGB ( '',0.7921568627450980005, 0.8196078431372548767, 0.9333333333333333481 ) ;
#6301 = DIRECTION ( 'NONE',  ( 1.000000000000000000, 0.000000000000000000, 0.000000000000000000 ) ) ;
#6302 = LINE ( 'NONE', #582, #5160 ) ;
#6303 = EDGE_CURVE ( 'NONE', #5778, #10244, #8805, .T. ) ;
#6304 = CARTESIAN_POINT ( 'NONE',  ( -4.338063832607380377, -1.374999999999998890, 3.823497185254835173 ) ) ;
#6305 = AXIS2_PLACEMENT_3D ( 'NONE', #7403, #9910, #2564 ) ;
#6306 = VECTOR ( 'NONE', #9743, 1000.000000000000227 ) ;
#6307 = DIRECTION ( 'NONE',  ( -0.000000000000000000, -0.000000000000000000, 1.000000000000000000 ) ) ;
#6308 = DIRECTION ( 'NONE',  ( 0.000000000000000000, -0.9979641717745812990, 0.06377704802100926662 ) ) ;
#6309 = ORIENTED_EDGE ( 'NONE', *, *, #642, .T. ) ;
#6310 = ORIENTED_EDGE ( 'NONE', *, *, #2715, .F. ) ;
#6311 = EDGE_LOOP ( 'NONE', ( #780, #3009, #159, #597 ) ) ;
#6312 = MECHANICAL_DESIGN_GEOMETRIC_PRESENTATION_REPRESENTATION (  '', ( #3574 ), #5222 ) ;
#6313 = CARTESIAN_POINT ( 'NONE',  ( -0.6700000000000004841, -4.674999999999998934, -4.250000000000000888 ) ) ;
#6314 =( GEOMETRIC_REPRESENTATION_CONTEXT ( 3 ) GLOBAL_UNCERTAINTY_ASSIGNED_CONTEXT ( ( #10096 ) ) GLOBAL_UNIT_ASSIGNED_CONTEXT ( ( #6759, #5122, #5156 ) ) REPRESENTATION_CONTEXT ( 'NONE', 'WORKASPACE' ) );
#6315 = DIRECTION ( 'NONE',  ( 0.000000000000000000, -0.9979641717745812990, -0.06377704802100914172 ) ) ;
#6316 = FACE_OUTER_BOUND ( 'NONE', #2000, .T. ) ;
#6317 = VERTEX_POINT ( 'NONE', #4609 ) ;
#6318 = EDGE_LOOP ( 'NONE', ( #4310, #1531, #1023, #1906 ) ) ;
#6319 = DIRECTION ( 'NONE',  ( 0.000000000000000000, -1.000000000000000000, 0.000000000000000000 ) ) ;
#6320 = CARTESIAN_POINT ( 'NONE',  ( 4.410000000000000142, 0.1100000000000000006, -3.550000000000000266 ) ) ;
#6321 = CARTESIAN_POINT ( 'NONE',  ( -6.878063832607380412, -1.374999999999998890, -4.250000000000000888 ) ) ;
#6322 = DIRECTION ( 'NONE',  ( -0.2197618659596110857, 0.9755535465928817374, 0.000000000000000000 ) ) ;
#6323 = AXIS2_PLACEMENT_3D ( 'NONE', #5474, #771, #6440 ) ;
#6324 = CARTESIAN_POINT ( 'NONE',  ( 9.115000000000000213, 0.06318885240105016898, -3.947195844781839824 ) ) ;
#6325 = CARTESIAN_POINT ( 'NONE',  ( 10.00000000000000000, -0.1100000000000000006, 3.550000000000000266 ) ) ;
#6327 =( NAMED_UNIT ( * ) SI_UNIT ( $, .STERADIAN. ) SOLID_ANGLE_UNIT ( ) );
#6326 =( NAMED_UNIT ( * ) SI_UNIT ( $, .STERADIAN. ) SOLID_ANGLE_UNIT ( ) );
#6328 = VERTEX_POINT ( 'NONE', #533 ) ;
#6329 = PRESENTATION_LAYER_ASSIGNMENT (  '', '', ( #933 ) ) ;
#6330 = ORIENTED_EDGE ( 'NONE', *, *, #905, .T. ) ;
#6331 = CARTESIAN_POINT ( 'NONE',  ( 2.062742732160399939, -0.2000534821418784581, 3.748409699540486972 ) ) ;
#6332 = EDGE_LOOP ( 'NONE', ( #10340, #9064, #9453, #365 ) ) ;
#6333 = ORIENTED_EDGE ( 'NONE', *, *, #8315, .F. ) ;
#6334 = VECTOR ( 'NONE', #9704, 1000.000000000000000 ) ;
#6335 = PRESENTATION_STYLE_ASSIGNMENT (( #6000 ) ) ;
#6336 =( LENGTH_UNIT ( ) NAMED_UNIT ( * ) SI_UNIT ( .MILLI., .METRE. ) );
#6337 = FACE_OUTER_BOUND ( 'NONE', #9658, .T. ) ;
#6338 = CIRCLE ( 'NONE', #8871, 0.04999999999999969746 ) ;
#6339 = ORIENTED_EDGE ( 'NONE', *, *, #917, .F. ) ;
#6340 =( GEOMETRIC_REPRESENTATION_CONTEXT ( 3 ) GLOBAL_UNCERTAINTY_ASSIGNED_CONTEXT ( ( #6619 ) ) GLOBAL_UNIT_ASSIGNED_CONTEXT ( ( #7258, #8340, #9337 ) ) REPRESENTATION_CONTEXT ( 'NONE', 'WORKASPACE' ) );
#6341 = VECTOR ( 'NONE', #10279, 1000.000000000000000 ) ;
#6342 =( NAMED_UNIT ( * ) PLANE_ANGLE_UNIT ( ) SI_UNIT ( $, .RADIAN. ) );
#6343 = CARTESIAN_POINT ( 'NONE',  ( 4.410000000000000142, -0.1100000000000000006, 3.550000000000000266 ) ) ;
#6344 = CARTESIAN_POINT ( 'NONE',  ( 4.410000000000000142, -1.374999999999998890, -4.039106398383939478 ) ) ;
#6345 = FACE_OUTER_BOUND ( 'NONE', #7549, .T. ) ;
#6346 = DIRECTION ( 'NONE',  ( -1.000000000000000000, -0.000000000000000000, -0.000000000000000000 ) ) ;
#6347 = EDGE_CURVE ( 'NONE', #7170, #4460, #8673, .T. ) ;
#6348 = LINE ( 'NONE', #8783, #2552 ) ;
#6349 = FILL_AREA_STYLE_COLOUR ( '', #677 ) ;
#6350 = VERTEX_POINT ( 'NONE', #7740 ) ;
#6351 = DIRECTION ( 'NONE',  ( -0.000000000000000000, 0.000000000000000000, 1.000000000000000000 ) ) ;
#6352 = UNCERTAINTY_MEASURE_WITH_UNIT (LENGTH_MEASURE( 1.000000000000000082E-05 ), #6097, 'distance_accuracy_value', 'NONE');
#6353 = ADVANCED_FACE ( 'NONE', ( #3602 ), #2096, .F. ) ;
#6354 = EDGE_LOOP ( 'NONE', ( #7999, #266, #1523, #10058 ) ) ;
#6355 = SURFACE_STYLE_USAGE ( .BOTH. , #9488 ) ;
#6356 =( GEOMETRIC_REPRESENTATION_CONTEXT ( 3 ) GLOBAL_UNCERTAINTY_ASSIGNED_CONTEXT ( ( #4075 ) ) GLOBAL_UNIT_ASSIGNED_CONTEXT ( ( #2163, #6342, #3082 ) ) REPRESENTATION_CONTEXT ( 'NONE', 'WORKASPACE' ) );
#6357 = VECTOR ( 'NONE', #6673, 1000.000000000000000 ) ;
#6358 = FACE_OUTER_BOUND ( 'NONE', #3242, .T. ) ;
#6359 = VECTOR ( 'NONE', #6054, 1000.000000000000000 ) ;
#6360 = CARTESIAN_POINT ( 'NONE',  ( -4.410000000000001030, 0.06318885240105015511, -3.947195844781839824 ) ) ;
#6361 = CARTESIAN_POINT ( 'NONE',  ( 1.870000000000000107, 0.1100000000000000006, 3.550000000000000266 ) ) ;
#6362 = SURFACE_STYLE_FILL_AREA ( #2554 ) ;
#6363 = ORIENTED_EDGE ( 'NONE', *, *, #8186, .T. ) ;
#6364 = CARTESIAN_POINT ( 'NONE',  ( 5.750000000000000000, 0.06000000000000001166, -3.897297636193110648 ) ) ;
#6365 = CARTESIAN_POINT ( 'NONE',  ( -3.210000000000000853, 0.1100000000000000006, -3.550000000000000266 ) ) ;
#6366 = EDGE_CURVE ( 'NONE', #886, #3396, #6541, .T. ) ;
#6367 = DIRECTION ( 'NONE',  ( -0.9755535465928818484, 0.2197618659596111135, 0.000000000000000000 ) ) ;
#6368 = ORIENTED_EDGE ( 'NONE', *, *, #3414, .F. ) ;
#6369 = DIRECTION ( 'NONE',  ( 0.000000000000000000, -1.000000000000000000, 0.000000000000000000 ) ) ;
#6370 = FACE_OUTER_BOUND ( 'NONE', #3033, .T. ) ;
#6371 = PLANE ( 'NONE',  #192 ) ;
#6372 = CIRCLE ( 'NONE', #978, 0.04999999999999969746 ) ;
#6373 = FACE_OUTER_BOUND ( 'NONE', #9926, .T. ) ;
#6374 = EDGE_CURVE ( 'NONE', #1552, #7587, #2747, .T. ) ;
#6375 = AXIS2_PLACEMENT_3D ( 'NONE', #1112, #7589, #2767 ) ;
#6376 = EDGE_CURVE ( 'NONE', #6009, #6153, #1718, .T. ) ;
#6377 = ORIENTED_EDGE ( 'NONE', *, *, #4822, .F. ) ;
#6378 =( LENGTH_UNIT ( ) NAMED_UNIT ( * ) SI_UNIT ( .MILLI., .METRE. ) );
#6379 =( NAMED_UNIT ( * ) SI_UNIT ( $, .STERADIAN. ) SOLID_ANGLE_UNIT ( ) );
#6380 = ORIENTED_EDGE ( 'NONE', *, *, #5753, .F. ) ;
#6381 = MECHANICAL_DESIGN_GEOMETRIC_PRESENTATION_REPRESENTATION (  '', ( #6928 ), #7984 ) ;
#6382 = SURFACE_SIDE_STYLE ('',( #4914 ) ) ;
#6383 = SURFACE_SIDE_STYLE ('',( #5234 ) ) ;
#6384 = SURFACE_STYLE_USAGE ( .BOTH. , #4068 ) ;
#6385 = ORIENTED_EDGE ( 'NONE', *, *, #5331, .F. ) ;
#6386 =( NAMED_UNIT ( * ) SI_UNIT ( $, .STERADIAN. ) SOLID_ANGLE_UNIT ( ) );
#6387 = VECTOR ( 'NONE', #2524, 1000.000000000000227 ) ;
#6388 = COLOUR_RGB ( '',0.7529411764705882248, 0.7529411764705882248, 0.7529411764705882248 ) ;
#6389 = STYLED_ITEM ( 'NONE', ( #4265 ), #9456 ) ;
#6390 = CARTESIAN_POINT ( 'NONE',  ( 1.020000000000000018, -0.1568111475989498460, 3.745646205093807080 ) ) ;
#6391 = PRESENTATION_LAYER_ASSIGNMENT (  '', '', ( #2045 ) ) ;
#6392 = FACE_OUTER_BOUND ( 'NONE', #3124, .T. ) ;
#6393 = ORIENTED_EDGE ( 'NONE', *, *, #9485, .T. ) ;
#6394 =( LENGTH_UNIT ( ) NAMED_UNIT ( * ) SI_UNIT ( .MILLI., .METRE. ) );
#6395 = SURFACE_STYLE_FILL_AREA ( #1228 ) ;
#6396 = VECTOR ( 'NONE', #9171, 1000.000000000000227 ) ;
#6397 = CARTESIAN_POINT ( 'NONE',  ( 6.949999999999999289, 0.1100000000000000006, 3.550000000000000266 ) ) ;
#6398 = DIRECTION ( 'NONE',  ( 0.000000000000000000, 0.9979641717745812990, -0.06377704802100926662 ) ) ;
#6399 = VECTOR ( 'NONE', #5581, 1000.000000000000000 ) ;
#6400 = VECTOR ( 'NONE', #3360, 1000.000000000000000 ) ;
#6401 = CARTESIAN_POINT ( 'NONE',  ( -5.750000000000000000, 0.1100000000000000006, 3.550000000000000266 ) ) ;
#6402 =( LENGTH_UNIT ( ) NAMED_UNIT ( * ) SI_UNIT ( .MILLI., .METRE. ) );
#6403 = ORIENTED_EDGE ( 'NONE', *, *, #489, .F. ) ;
#6404 = ORIENTED_EDGE ( 'NONE', *, *, #10201, .T. ) ;
#6405 = PRESENTATION_LAYER_ASSIGNMENT (  '', '', ( #4225 ) ) ;
#6406 = ORIENTED_EDGE ( 'NONE', *, *, #2619, .T. ) ;
#6407 = ADVANCED_FACE ( 'NONE', ( #5771 ), #8659, .F. ) ;
#6408 = AXIS2_PLACEMENT_3D ( 'NONE', #810, #3252, #10454 ) ;
#6409 = LINE ( 'NONE', #9462, #4248 ) ;
#6410 =( NAMED_UNIT ( * ) PLANE_ANGLE_UNIT ( ) SI_UNIT ( $, .RADIAN. ) );
#6411 = DIRECTION ( 'NONE',  ( -0.000000000000000000, 0.9979641717745810769, 0.06377704802100964132 ) ) ;
#6412 = CIRCLE ( 'NONE', #2009, 0.05000000000000012768 ) ;
#6413 =( NAMED_UNIT ( * ) SI_UNIT ( $, .STERADIAN. ) SOLID_ANGLE_UNIT ( ) );
#6414 = DIRECTION ( 'NONE',  ( -1.000000000000000000, -0.000000000000000000, 0.000000000000000000 ) ) ;
#6415 = ORIENTED_EDGE ( 'NONE', *, *, #706, .T. ) ;
#6416 = DIRECTION ( 'NONE',  ( 0.000000000000000000, 0.000000000000000000, 1.000000000000000000 ) ) ;
#6417 = ORIENTED_EDGE ( 'NONE', *, *, #1460, .T. ) ;
#6418 = SURFACE_STYLE_FILL_AREA ( #160 ) ;
#6419 =( LENGTH_UNIT ( ) NAMED_UNIT ( * ) SI_UNIT ( .MILLI., .METRE. ) );
#6420 = AXIS2_PLACEMENT_3D ( 'NONE', #982, #9044, #9891 ) ;
#6421 = EDGE_CURVE ( 'NONE', #2964, #4820, #115, .T. ) ;
#6422 = VECTOR ( 'NONE', #2397, 1000.000000000000000 ) ;
#6423 = CARTESIAN_POINT ( 'NONE',  ( -6.949999999999999289, -0.1599999999999999756, -3.695747996505077904 ) ) ;
#6424 = FILL_AREA_STYLE_COLOUR ( '', #4226 ) ;
#6425 = EDGE_LOOP ( 'NONE', ( #5888, #5402, #9506, #6143 ) ) ;
#6426 = UNCERTAINTY_MEASURE_WITH_UNIT (LENGTH_MEASURE( 1.000000000000000082E-05 ), #7985, 'distance_accuracy_value', 'NONE');
#6427 = DIRECTION ( 'NONE',  ( 0.000000000000000000, -0.000000000000000000, 1.000000000000000000 ) ) ;
#6428 = EDGE_CURVE ( 'NONE', #1838, #9265, #8157, .T. ) ;
#6429 = ORIENTED_EDGE ( 'NONE', *, *, #7500, .F. ) ;
#6430 = SURFACE_SIDE_STYLE ('',( #2810 ) ) ;
#6431 = EDGE_CURVE ( 'NONE', #10068, #9223, #2866, .T. ) ;
#6432 = VECTOR ( 'NONE', #8421, 1000.000000000000000 ) ;
#6433 = DIRECTION ( 'NONE',  ( 0.000000000000000000, -0.000000000000000000, 1.000000000000000000 ) ) ;
#6434 = CARTESIAN_POINT ( 'NONE',  ( -3.210000000000000853, -0.1568111475989498460, -3.745646205093807080 ) ) ;
#6435 = ORIENTED_EDGE ( 'NONE', *, *, #9612, .F. ) ;
#6436 = VERTEX_POINT ( 'NONE', #7842 ) ;
#6437 = EDGE_CURVE ( 'NONE', #9768, #6688, #6412, .T. ) ;
#6438 = FILL_AREA_STYLE_COLOUR ( '', #4890 ) ;
#6439 =( NAMED_UNIT ( * ) SI_UNIT ( $, .STERADIAN. ) SOLID_ANGLE_UNIT ( ) );
#6440 = DIRECTION ( 'NONE',  ( 0.000000000000000000, -0.000000000000000000, -1.000000000000000000 ) ) ;
#6441 = COLOUR_RGB ( '',0.7529411764705882248, 0.7529411764705882248, 0.7529411764705882248 ) ;
#6442 = EDGE_CURVE ( 'NONE', #4966, #9105, #3118, .T. ) ;
#6443 = ORIENTED_EDGE ( 'NONE', *, *, #10131, .F. ) ;
#6444 = CARTESIAN_POINT ( 'NONE',  ( -0.6700000000000004841, -0.1568111475989498460, 3.745646205093807080 ) ) ;
#6445 = PLANE ( 'NONE',  #3479 ) ;
#6446 = EDGE_CURVE ( 'NONE', #2224, #8063, #992, .T. ) ;
#6447 = FILL_AREA_STYLE_COLOUR ( '', #5486 ) ;
#6448 = STYLED_ITEM ( 'NONE', ( #4646 ), #6232 ) ;
#6449 = SURFACE_SIDE_STYLE ('',( #7816 ) ) ;
#6450 = VECTOR ( 'NONE', #9879, 1000.000000000000227 ) ;
#6451 = ORIENTED_EDGE ( 'NONE', *, *, #2827, .T. ) ;
#6452 =( GEOMETRIC_REPRESENTATION_CONTEXT ( 3 ) GLOBAL_UNCERTAINTY_ASSIGNED_CONTEXT ( ( #3540 ) ) GLOBAL_UNIT_ASSIGNED_CONTEXT ( ( #8154, #3327, #8986 ) ) REPRESENTATION_CONTEXT ( 'NONE', 'WORKASPACE' ) );
#6453 = ORIENTED_EDGE ( 'NONE', *, *, #1476, .T. ) ;
#6454 = CARTESIAN_POINT ( 'NONE',  ( -0.7419361673926183620, -1.374999999999998890, -4.250000000000000888 ) ) ;
#6455 = ORIENTED_EDGE ( 'NONE', *, *, #5900, .F. ) ;
#6456 =( GEOMETRIC_REPRESENTATION_CONTEXT ( 3 ) GLOBAL_UNCERTAINTY_ASSIGNED_CONTEXT ( ( #8415 ) ) GLOBAL_UNIT_ASSIGNED_CONTEXT ( ( #7139, #10297, #5500 ) ) REPRESENTATION_CONTEXT ( 'NONE', 'WORKASPACE' ) );
#6457 =( NAMED_UNIT ( * ) SI_UNIT ( $, .STERADIAN. ) SOLID_ANGLE_UNIT ( ) );
#6458 = SURFACE_STYLE_USAGE ( .BOTH. , #1635 ) ;
#6459 = ADVANCED_FACE ( 'NONE', ( #6662 ), #4527, .F. ) ;
#6460 = VECTOR ( 'NONE', #7173, 1000.000000000000000 ) ;
#6461 = LINE ( 'NONE', #9775, #5830 ) ;
#6462 = FACE_OUTER_BOUND ( 'NONE', #4235, .T. ) ;
#6463 =( NAMED_UNIT ( * ) PLANE_ANGLE_UNIT ( ) SI_UNIT ( $, .RADIAN. ) );
#6464 = ORIENTED_EDGE ( 'NONE', *, *, #2844, .T. ) ;
#6465 = ORIENTED_EDGE ( 'NONE', *, *, #22, .F. ) ;
#6466 = EDGE_LOOP ( 'NONE', ( #8355, #9336, #1698, #10103 ) ) ;
#6467 = CARTESIAN_POINT ( 'NONE',  ( -6.878063832607380412, -1.374999999999998890, -4.250000000000000888 ) ) ;
#6468 = FILL_AREA_STYLE ('',( #1644 ) ) ;
#6469 = PRESENTATION_LAYER_ASSIGNMENT (  '', '', ( #2116 ) ) ;
#6470 = DIRECTION ( 'NONE',  ( 0.2193360129683985527, -0.9736631258226969843, -0.06222403738348480234 ) ) ;
#6471 = DIRECTION ( 'NONE',  ( -1.000000000000000000, -0.000000000000000000, -0.000000000000000000 ) ) ;
#6472 =( GEOMETRIC_REPRESENTATION_CONTEXT ( 3 ) GLOBAL_UNCERTAINTY_ASSIGNED_CONTEXT ( ( #7957 ) ) GLOBAL_UNIT_ASSIGNED_CONTEXT ( ( #584, #1436, #546 ) ) REPRESENTATION_CONTEXT ( 'NONE', 'WORKASPACE' ) );
#6473 = LINE ( 'NONE', #6957, #9374 ) ;
#6474 = SURFACE_STYLE_FILL_AREA ( #2744 ) ;
#6475 = ORIENTED_EDGE ( 'NONE', *, *, #9673, .T. ) ;
#6476 = DIRECTION ( 'NONE',  ( 0.000000000000000000, -0.000000000000000000, 1.000000000000000000 ) ) ;
#6477 = PLANE ( 'NONE',  #6951 ) ;
#6478 = CYLINDRICAL_SURFACE ( 'NONE', #2915, 0.04999999999999969746 ) ;
#6479 =( GEOMETRIC_REPRESENTATION_CONTEXT ( 3 ) GLOBAL_UNCERTAINTY_ASSIGNED_CONTEXT ( ( #9585 ) ) GLOBAL_UNIT_ASSIGNED_CONTEXT ( ( #6394, #1548, #4806 ) ) REPRESENTATION_CONTEXT ( 'NONE', 'WORKASPACE' ) );
#6480 = DIRECTION ( 'NONE',  ( 1.000000000000000000, 0.000000000000000000, 0.000000000000000000 ) ) ;
#6481 = LINE ( 'NONE', #10022, #9248 ) ;
#6482 = VERTEX_POINT ( 'NONE', #9406 ) ;
#6483 =( NAMED_UNIT ( * ) SI_UNIT ( $, .STERADIAN. ) SOLID_ANGLE_UNIT ( ) );
#6484 = UNCERTAINTY_MEASURE_WITH_UNIT (LENGTH_MEASURE( 1.000000000000000082E-05 ), #7014, 'distance_accuracy_value', 'NONE');
#6485 = VERTEX_POINT ( 'NONE', #7090 ) ;
#6486 =( LENGTH_UNIT ( ) NAMED_UNIT ( * ) SI_UNIT ( .MILLI., .METRE. ) );
#6487 =( NAMED_UNIT ( * ) PLANE_ANGLE_UNIT ( ) SI_UNIT ( $, .RADIAN. ) );
#6488 = EDGE_CURVE ( 'NONE', #9366, #1247, #7413, .T. ) ;
#6489 = DIRECTION ( 'NONE',  ( -0.1710878697460355424, -0.9702875252478138091, -0.1710878697460355147 ) ) ;
#6490 = PRESENTATION_STYLE_ASSIGNMENT (( #2004 ) ) ;
#6491 = VECTOR ( 'NONE', #7469, 1000.000000000000227 ) ;
#6492 = VERTEX_POINT ( 'NONE', #632 ) ;
#6493 = AXIS2_PLACEMENT_3D ( 'NONE', #7046, #6297, #9507 ) ;
#6494 = VERTEX_POINT ( 'NONE', #7805 ) ;
#6495 = FILL_AREA_STYLE_COLOUR ( '', #2405 ) ;
#6496 = CARTESIAN_POINT ( 'NONE',  ( -0.6700000000000004841, -1.374999999999998668, -3.823497185254834729 ) ) ;
#6497 = LINE ( 'NONE', #2478, #831 ) ;
#6498 =( NAMED_UNIT ( * ) PLANE_ANGLE_UNIT ( ) SI_UNIT ( $, .RADIAN. ) );
#6499 = SURFACE_STYLE_USAGE ( .BOTH. , #9037 ) ;
#6500 = EDGE_CURVE ( 'NONE', #2733, #7000, #10053, .T. ) ;
#6501 = DIRECTION ( 'NONE',  ( -0.000000000000000000, 1.000000000000000000, -0.000000000000000000 ) ) ;
#6502 = DIRECTION ( 'NONE',  ( 0.000000000000000000, -0.9979641717745812990, 0.06377704802100926662 ) ) ;
#6503 = DIRECTION ( 'NONE',  ( 0.000000000000000000, 0.000000000000000000, -1.000000000000000000 ) ) ;
#6504 = VERTEX_POINT ( 'NONE', #674 ) ;
#6505 = EDGE_CURVE ( 'NONE', #4506, #275, #4370, .T. ) ;
#6506 = ADVANCED_FACE ( 'NONE', ( #2610 ), #8623, .F. ) ;
#6507 = STYLED_ITEM ( 'NONE', ( #1916 ), #5598 ) ;
#6508 = PRESENTATION_STYLE_ASSIGNMENT (( #8696 ) ) ;
#6509 = CARTESIAN_POINT ( 'NONE',  ( 4.410000000000000142, 0.1099999999999998618, -3.897297636193110648 ) ) ;
#6510 = CARTESIAN_POINT ( 'NONE',  ( -6.599999999999999645, -1.374999999999999112, -3.823497185254835173 ) ) ;
#6511 = CARTESIAN_POINT ( 'NONE',  ( -1.869999999999999218, -1.055665328710549522, -4.250000000000000888 ) ) ;
#6512 = VERTEX_POINT ( 'NONE', #9446 ) ;
#6513 = PRESENTATION_LAYER_ASSIGNMENT (  '', '', ( #4333 ) ) ;
#6514 = CARTESIAN_POINT ( 'NONE',  ( 0.000000000000000000, 0.7750000000000000222, 0.5241992011858075395 ) ) ;
#6515 = VECTOR ( 'NONE', #5973, 1000.000000000000000 ) ;
#6516 = ORIENTED_EDGE ( 'NONE', *, *, #9542, .F. ) ;
#6517 = CARTESIAN_POINT ( 'NONE',  ( 0.6700000000000004841, -0.1100000000000000006, -3.695747996505077460 ) ) ;
#6518 = AXIS2_PLACEMENT_3D ( 'NONE', #4058, #6547, #5693 ) ;
#6519 = LINE ( 'NONE', #3196, #6898 ) ;
#6520 = SURFACE_STYLE_USAGE ( .BOTH. , #7287 ) ;
#6521 = CARTESIAN_POINT ( 'NONE',  ( -3.210000000000000853, 0.1100000000000000006, 3.550000000000000266 ) ) ;
#6522 = LINE ( 'NONE', #1347, #8266 ) ;
#6523 =( NAMED_UNIT ( * ) SI_UNIT ( $, .STERADIAN. ) SOLID_ANGLE_UNIT ( ) );
#6524 = ORIENTED_EDGE ( 'NONE', *, *, #2519, .T. ) ;
#6525 = FILL_AREA_STYLE_COLOUR ( '', #4840 ) ;
#6526 = ORIENTED_EDGE ( 'NONE', *, *, #7907, .T. ) ;
#6527 = LINE ( 'NONE', #4022, #5635 ) ;
#6528 = AXIS2_PLACEMENT_3D ( 'NONE', #5948, #1199, #3586 ) ;
#6529 = DIRECTION ( 'NONE',  ( -0.000000000000000000, 0.000000000000000000, 1.000000000000000000 ) ) ;
#6530 = VECTOR ( 'NONE', #8788, 1000.000000000000227 ) ;
#6531 = STYLED_ITEM ( 'NONE', ( #6604 ), #1525 ) ;
#6532 = CARTESIAN_POINT ( 'NONE',  ( -3.559999999999999165, -1.374999999999998890, 3.823497185254835173 ) ) ;
#6533 = EDGE_LOOP ( 'NONE', ( #594, #9853, #5570, #5530, #7644, #4512, #28, #10335 ) ) ;
#6534 = COLOUR_RGB ( '',0.7529411764705882248, 0.7529411764705882248, 0.7529411764705882248 ) ;
#6535 = DIRECTION ( 'NONE',  ( -1.000000000000000000, -0.000000000000000000, -0.000000000000000000 ) ) ;
#6536 = ORIENTED_EDGE ( 'NONE', *, *, #238, .T. ) ;
#6537 = ORIENTED_EDGE ( 'NONE', *, *, #9883, .F. ) ;
#6538 = PLANE ( 'NONE',  #6658 ) ;
#6539 = VECTOR ( 'NONE', #5299, 1000.000000000000000 ) ;
#6540 = SURFACE_SIDE_STYLE ('',( #303 ) ) ;
#6541 = LINE ( 'NONE', #640, #8933 ) ;
#6542 = PLANE ( 'NONE',  #7868 ) ;
#6543 = STYLED_ITEM ( 'NONE', ( #8338 ), #2901 ) ;
#6544 = VERTEX_POINT ( 'NONE', #3625 ) ;
#6545 = DIRECTION ( 'NONE',  ( -0.000000000000000000, 0.9979641717745812990, -0.06377704802100912784 ) ) ;
#6546 = DIRECTION ( 'NONE',  ( 1.000000000000000000, 0.000000000000000000, 0.000000000000000000 ) ) ;
#6547 = DIRECTION ( 'NONE',  ( -1.000000000000000000, 0.000000000000000000, -0.000000000000000000 ) ) ;
#6548 = LINE ( 'NONE', #10206, #1728 ) ;
#6549 = FILL_AREA_STYLE ('',( #143 ) ) ;
#6550 = FILL_AREA_STYLE_COLOUR ( '', #8832 ) ;
#6551 = SURFACE_STYLE_USAGE ( .BOTH. , #2483 ) ;
#6552 = ORIENTED_EDGE ( 'NONE', *, *, #2351, .F. ) ;
#6553 = ORIENTED_EDGE ( 'NONE', *, *, #1672, .F. ) ;
#6554 = UNCERTAINTY_MEASURE_WITH_UNIT (LENGTH_MEASURE( 1.000000000000000082E-05 ), #2849, 'distance_accuracy_value', 'NONE');
#6555 = STYLED_ITEM ( 'NONE', ( #8816 ), #3612 ) ;
#6556 = EDGE_CURVE ( 'NONE', #1860, #7690, #6147, .T. ) ;
#6557 = CARTESIAN_POINT ( 'NONE',  ( 0.6700000000000004841, 0.06318885240105015511, 3.947195844781839824 ) ) ;
#6558 = DIRECTION ( 'NONE',  ( -0.000000000000000000, -0.000000000000000000, 1.000000000000000000 ) ) ;
#6559 = SURFACE_STYLE_FILL_AREA ( #1142 ) ;
#6560 = DIRECTION ( 'NONE',  ( 0.000000000000000000, 1.000000000000000000, 0.000000000000000000 ) ) ;
#6561 =( NAMED_UNIT ( * ) SI_UNIT ( $, .STERADIAN. ) SOLID_ANGLE_UNIT ( ) );
#6562 = CIRCLE ( 'NONE', #3349, 0.05000000000000012768 ) ;
#6563 = ADVANCED_FACE ( 'NONE', ( #5502 ), #9290, .F. ) ;
#6564 = VERTEX_POINT ( 'NONE', #2831 ) ;
#6565 = EDGE_LOOP ( 'NONE', ( #1431, #10231, #6310, #2739 ) ) ;
#6566 = EDGE_CURVE ( 'NONE', #1994, #202, #1204, .T. ) ;
#6567 = PLANE ( 'NONE',  #3865 ) ;
#6568 = ORIENTED_EDGE ( 'NONE', *, *, #3359, .T. ) ;
#6569 = CARTESIAN_POINT ( 'NONE',  ( 4.410000000000000142, -4.674999999999999822, 4.034390786870895695 ) ) ;
#6570 =( LENGTH_UNIT ( ) NAMED_UNIT ( * ) SI_UNIT ( .MILLI., .METRE. ) );
#6571 =( LENGTH_UNIT ( ) NAMED_UNIT ( * ) SI_UNIT ( .MILLI., .METRE. ) );
#6572 = DIRECTION ( 'NONE',  ( -0.000000000000000000, -0.000000000000000000, 1.000000000000000000 ) ) ;
#6573 = SURFACE_SIDE_STYLE ('',( #3917 ) ) ;
#6574 = AXIS2_PLACEMENT_3D ( 'NONE', #7294, #1537, #7197 ) ;
#6575 = EDGE_CURVE ( 'NONE', #4966, #1201, #5131, .T. ) ;
#6576 = LINE ( 'NONE', #5985, #4811 ) ;
#6577 = SURFACE_STYLE_USAGE ( .BOTH. , #2505 ) ;
#6578 = DIRECTION ( 'NONE',  ( 0.000000000000000000, 0.9979641717745812990, 0.06377704802100914172 ) ) ;
#6579 = ORIENTED_EDGE ( 'NONE', *, *, #282, .T. ) ;
#6580 = CARTESIAN_POINT ( 'NONE',  ( -0.6700000000000004841, 0.1100000000000000006, 3.550000000000000266 ) ) ;
#6581 = ORIENTED_EDGE ( 'NONE', *, *, #8058, .T. ) ;
#6582 = EDGE_CURVE ( 'NONE', #9042, #7462, #10041, .T. ) ;
#6583 = PRESENTATION_STYLE_ASSIGNMENT (( #10177 ) ) ;
#6584 = ORIENTED_EDGE ( 'NONE', *, *, #2426, .F. ) ;
#6585 = CARTESIAN_POINT ( 'NONE',  ( -9.115000000000000213, -0.1568111475989498460, 3.745646205093807080 ) ) ;
#6586 = CARTESIAN_POINT ( 'NONE',  ( -0.6699999999999995959, -1.055665328710549522, -3.803089415876316437 ) ) ;
#6587 = VECTOR ( 'NONE', #4493, 1000.000000000000114 ) ;
#6588 = EDGE_LOOP ( 'NONE', ( #2118, #2390, #8993, #4781 ) ) ;
#6589 = ORIENTED_EDGE ( 'NONE', *, *, #974, .T. ) ;
#6590 = DIRECTION ( 'NONE',  ( 1.000000000000000000, 0.000000000000000000, 0.000000000000000000 ) ) ;
#6591 = CARTESIAN_POINT ( 'NONE',  ( 6.949999999999999289, -1.374999999999998890, 4.039106398383938590 ) ) ;
#6592 =( NAMED_UNIT ( * ) PLANE_ANGLE_UNIT ( ) SI_UNIT ( $, .RADIAN. ) );
#6593 = CARTESIAN_POINT ( 'NONE',  ( -9.882742557828869678, 0.7750000000000000222, 3.432742557828871277 ) ) ;
#6594 = COLOUR_RGB ( '',0.7529411764705882248, 0.7529411764705882248, 0.7529411764705882248 ) ;
#6595 =( GEOMETRIC_REPRESENTATION_CONTEXT ( 3 ) GLOBAL_UNCERTAINTY_ASSIGNED_CONTEXT ( ( #2785 ) ) GLOBAL_UNIT_ASSIGNED_CONTEXT ( ( #9584, #8698, #7913 ) ) REPRESENTATION_CONTEXT ( 'NONE', 'WORKASPACE' ) );
#6596 = DIRECTION ( 'NONE',  ( 0.000000000000000000, -0.000000000000000000, -1.000000000000000000 ) ) ;
#6597 = CARTESIAN_POINT ( 'NONE',  ( 8.069226288451961437, -0.5200087751755341214, 3.984466344216254452 ) ) ;
#6598 = COLOUR_RGB ( '',0.7529411764705882248, 0.7529411764705882248, 0.7529411764705882248 ) ;
#6599 = STYLED_ITEM ( 'NONE', ( #7504 ), #1154 ) ;
#6600 = ORIENTED_EDGE ( 'NONE', *, *, #9614, .T. ) ;
#6601 = LINE ( 'NONE', #2123, #6724 ) ;
#6602 = CARTESIAN_POINT ( 'NONE',  ( 9.882742557828869678, 0.7750000000000000222, -3.432742557828870389 ) ) ;
#6603 = FILL_AREA_STYLE ('',( #1028 ) ) ;
#6604 = PRESENTATION_STYLE_ASSIGNMENT (( #8915 ) ) ;
#6605 =( NAMED_UNIT ( * ) SI_UNIT ( $, .STERADIAN. ) SOLID_ANGLE_UNIT ( ) );
#6606 = SURFACE_SIDE_STYLE ('',( #6687 ) ) ;
#6607 = DIRECTION ( 'NONE',  ( 0.000000000000000000, -0.9979641717745810769, -0.06377704802100964132 ) ) ;
#6608 = AXIS2_PLACEMENT_3D ( 'NONE', #3086, #8747, #4611 ) ;
#6609 = VECTOR ( 'NONE', #7924, 1000.000000000000114 ) ;
#6610 = VERTEX_POINT ( 'NONE', #10118 ) ;
#6611 =( LENGTH_UNIT ( ) NAMED_UNIT ( * ) SI_UNIT ( .MILLI., .METRE. ) );
#6612 = CARTESIAN_POINT ( 'NONE',  ( -9.115000000000000213, -0.1568111475989498460, -3.745646205093807080 ) ) ;
#6613 = ORIENTED_EDGE ( 'NONE', *, *, #5477, .F. ) ;
#6614 =( NAMED_UNIT ( * ) SI_UNIT ( $, .STERADIAN. ) SOLID_ANGLE_UNIT ( ) );
#6615 = VECTOR ( 'NONE', #1093, 1000.000000000000000 ) ;
#6616 = VECTOR ( 'NONE', #6225, 1000.000000000000000 ) ;
#6617 = ADVANCED_FACE ( 'NONE', ( #5006 ), #6831, .T. ) ;
#6618 = VERTEX_POINT ( 'NONE', #8675 ) ;
#6619 = UNCERTAINTY_MEASURE_WITH_UNIT (LENGTH_MEASURE( 1.000000000000000082E-05 ), #7258, 'distance_accuracy_value', 'NONE');
#6620 = CARTESIAN_POINT ( 'NONE',  ( 8.069226288451961437, -0.5200087751755341214, -3.984466344216254452 ) ) ;
#6621 = VERTEX_POINT ( 'NONE', #691 ) ;
#6622 = CARTESIAN_POINT ( 'NONE',  ( -6.878063832607380412, -1.374999999999998890, -4.250000000000000888 ) ) ;
#6623 = AXIS2_PLACEMENT_3D ( 'NONE', #8492, #509, #2999 ) ;
#6624 = LINE ( 'NONE', #5144, #438 ) ;
#6625 = CARTESIAN_POINT ( 'NONE',  ( 8.665000000000000924, -4.674999999999999822, 4.249999999999999112 ) ) ;
#6626 = PRESENTATION_STYLE_ASSIGNMENT (( #349 ) ) ;
#6627 = CARTESIAN_POINT ( 'NONE',  ( -1.870000000000000107, 0.1100000000000000006, 3.550000000000000266 ) ) ;
#6628 = EDGE_CURVE ( 'NONE', #9483, #7306, #5902, .T. ) ;
#6629 = PLANE ( 'NONE',  #6201 ) ;
#6630 = ORIENTED_EDGE ( 'NONE', *, *, #6102, .F. ) ;
#6631 = EDGE_CURVE ( 'NONE', #9332, #5548, #3729, .T. ) ;
#6632 = DIRECTION ( 'NONE',  ( 1.000000000000000000, 0.000000000000000000, 0.000000000000000000 ) ) ;
#6633 = CARTESIAN_POINT ( 'NONE',  ( -1.519999999999999574, -4.674999999999999822, -4.250000000000000888 ) ) ;
#6634 = FILL_AREA_STYLE_COLOUR ( '', #9535 ) ;
#6635 = CARTESIAN_POINT ( 'NONE',  ( 5.750000000000000000, -0.1100000000000000006, -3.550000000000000266 ) ) ;
#6636 = VECTOR ( 'NONE', #4262, 1000.000000000000000 ) ;
#6637 = LINE ( 'NONE', #5734, #3085 ) ;
#6638 = PRESENTATION_LAYER_ASSIGNMENT (  '', '', ( #2776 ) ) ;
#6639 = SURFACE_SIDE_STYLE ('',( #2542 ) ) ;
#6640 = VERTEX_POINT ( 'NONE', #1513 ) ;
#6641 = PRESENTATION_LAYER_ASSIGNMENT (  '', '', ( #6088 ) ) ;
#6642 = PLANE ( 'NONE',  #10044 ) ;
#6643 = EDGE_CURVE ( 'NONE', #3974, #2689, #3347, .T. ) ;
#6644 = VECTOR ( 'NONE', #9342, 1000.000000000000000 ) ;
#6645 = DIRECTION ( 'NONE',  ( -0.000000000000000000, 0.000000000000000000, 1.000000000000000000 ) ) ;
#6646 =( NAMED_UNIT ( * ) SI_UNIT ( $, .STERADIAN. ) SOLID_ANGLE_UNIT ( ) );
#6647 = PRESENTATION_STYLE_ASSIGNMENT (( #5587 ) ) ;
#6648 = EDGE_CURVE ( 'NONE', #9716, #7149, #6270, .T. ) ;
#6649 = ORIENTED_EDGE ( 'NONE', *, *, #3567, .T. ) ;
#6650 = AXIS2_PLACEMENT_3D ( 'NONE', #6320, #3094, #3938 ) ;
#6651 = VECTOR ( 'NONE', #10119, 1000.000000000000000 ) ;
#6652 = LINE ( 'NONE', #7664, #4615 ) ;
#6653 = PRESENTATION_LAYER_ASSIGNMENT (  '', '', ( #5031 ) ) ;
#6654 = CARTESIAN_POINT ( 'NONE',  ( 4.410000000000000142, 0.06000000000000001166, 3.897297636193110648 ) ) ;
#6655 = DIRECTION ( 'NONE',  ( 0.2193360129683985527, 0.9736631258226969843, -0.06222403738348494112 ) ) ;
#6656 = ORIENTED_EDGE ( 'NONE', *, *, #4880, .F. ) ;
#6657 = ORIENTED_EDGE ( 'NONE', *, *, #2627, .T. ) ;
#6658 = AXIS2_PLACEMENT_3D ( 'NONE', #9884, #201, #900 ) ;
#6659 =( LENGTH_UNIT ( ) NAMED_UNIT ( * ) SI_UNIT ( .MILLI., .METRE. ) );
#6660 = ORIENTED_EDGE ( 'NONE', *, *, #8176, .F. ) ;
#6661 = VECTOR ( 'NONE', #4812, 1000.000000000000000 ) ;
#6662 = FACE_OUTER_BOUND ( 'NONE', #7579, .T. ) ;
#6663 = CARTESIAN_POINT ( 'NONE',  ( 4.410000000000000142, 0.06318885240105015511, -3.947195844781839824 ) ) ;
#6664 = DIRECTION ( 'NONE',  ( 0.000000000000000000, 0.000000000000000000, 1.000000000000000000 ) ) ;
#6665 = CARTESIAN_POINT ( 'NONE',  ( 9.115000000000000213, -0.1568111475989498460, -3.745646205093807080 ) ) ;
#6666 = DIRECTION ( 'NONE',  ( 0.000000000000000000, 0.000000000000000000, -1.000000000000000000 ) ) ;
#6667 = DIRECTION ( 'NONE',  ( 1.000000000000000000, -0.000000000000000000, 0.000000000000000000 ) ) ;
#6668 = ADVANCED_FACE ( 'NONE', ( #8148 ), #764, .F. ) ;
#6669 = ORIENTED_EDGE ( 'NONE', *, *, #7883, .F. ) ;
#6670 = VECTOR ( 'NONE', #8109, 1000.000000000000000 ) ;
#6671 = EDGE_LOOP ( 'NONE', ( #7259, #8771, #6537, #9609 ) ) ;
#6672 =( GEOMETRIC_REPRESENTATION_CONTEXT ( 3 ) GLOBAL_UNCERTAINTY_ASSIGNED_CONTEXT ( ( #7072 ) ) GLOBAL_UNIT_ASSIGNED_CONTEXT ( ( #4019, #8792, #9671 ) ) REPRESENTATION_CONTEXT ( 'NONE', 'WORKASPACE' ) );
#6673 = DIRECTION ( 'NONE',  ( 1.000000000000000000, 0.000000000000000000, 0.000000000000000000 ) ) ;
#6674 = LINE ( 'NONE', #7087, #8299 ) ;
#6675 = DIRECTION ( 'NONE',  ( 0.000000000000000000, -0.9979641717745810769, -0.06377704802100964132 ) ) ;
#6676 = FILL_AREA_STYLE ('',( #4983 ) ) ;
#6677 = UNCERTAINTY_MEASURE_WITH_UNIT (LENGTH_MEASURE( 1.000000000000000082E-05 ), #325, 'distance_accuracy_value', 'NONE');
#6678 = ORIENTED_EDGE ( 'NONE', *, *, #10195, .F. ) ;
#6679 =( LENGTH_UNIT ( ) NAMED_UNIT ( * ) SI_UNIT ( .MILLI., .METRE. ) );
#6680 = ORIENTED_EDGE ( 'NONE', *, *, #8320, .T. ) ;
#6681 = LINE ( 'NONE', #7895, #9699 ) ;
#6682 = CARTESIAN_POINT ( 'NONE',  ( 6.950000000000001066, -1.055665328710549522, 4.018698629005420742 ) ) ;
#6683 = ORIENTED_EDGE ( 'NONE', *, *, #10337, .T. ) ;
#6684 = CARTESIAN_POINT ( 'NONE',  ( -4.410000000000001030, 0.1100000000000000006, 3.550000000000000266 ) ) ;
#6685 = COLOUR_RGB ( '',0.7529411764705882248, 0.7529411764705882248, 0.7529411764705882248 ) ;
#6686 = FACE_OUTER_BOUND ( 'NONE', #5146, .T. ) ;
#6687 = SURFACE_STYLE_FILL_AREA ( #4875 ) ;
#6688 = VERTEX_POINT ( 'NONE', #4696 ) ;
#6689 = ORIENTED_EDGE ( 'NONE', *, *, #8104, .F. ) ;
#6690 = PLANE ( 'NONE',  #6623 ) ;
#6691 = CARTESIAN_POINT ( 'NONE',  ( 0.7419361673926192502, -1.374999999999998890, 3.823497185254835173 ) ) ;
#6692 = MANIFOLD_SOLID_BREP ( 'Cut-Extrude2[9]', #1068 ) ;
#6693 = CARTESIAN_POINT ( 'NONE',  ( -8.665000000000000924, 0.06318885240105015511, 3.947195844781839824 ) ) ;
#6694 = DIRECTION ( 'NONE',  ( -0.000000000000000000, -0.000000000000000000, 1.000000000000000000 ) ) ;
#6695 = EDGE_CURVE ( 'NONE', #1552, #6492, #1704, .T. ) ;
#6696 = FILL_AREA_STYLE_COLOUR ( '', #7067 ) ;
#6697 = LINE ( 'NONE', #3142, #4029 ) ;
#6698 = VECTOR ( 'NONE', #5591, 1000.000000000000000 ) ;
#6699 = EDGE_LOOP ( 'NONE', ( #2063, #8451, #4256, #874, #2523, #2545, #710, #2235 ) ) ;
#6700 = MECHANICAL_DESIGN_GEOMETRIC_PRESENTATION_REPRESENTATION (  '', ( #696 ), #1743 ) ;
#6701 = ORIENTED_EDGE ( 'NONE', *, *, #4752, .F. ) ;
#6702 = ORIENTED_EDGE ( 'NONE', *, *, #3647, .F. ) ;
#6703 = PLANE ( 'NONE',  #6949 ) ;
#6704 = ORIENTED_EDGE ( 'NONE', *, *, #4804, .T. ) ;
#6705 = SURFACE_SIDE_STYLE ('',( #10440 ) ) ;
#6706 = DIRECTION ( 'NONE',  ( -1.000000000000000000, 0.000000000000000000, 0.000000000000000000 ) ) ;
#6707 =( GEOMETRIC_REPRESENTATION_CONTEXT ( 3 ) GLOBAL_UNCERTAINTY_ASSIGNED_CONTEXT ( ( #4596 ) ) GLOBAL_UNIT_ASSIGNED_CONTEXT ( ( #4645, #2237, #7776 ) ) REPRESENTATION_CONTEXT ( 'NONE', 'WORKASPACE' ) );
#6708 = VECTOR ( 'NONE', #2054, 1000.000000000000000 ) ;
#6709 = CARTESIAN_POINT ( 'NONE',  ( 4.410000000000000142, -0.1100000000000000006, 3.695747996505077460 ) ) ;
#6710 = EDGE_CURVE ( 'NONE', #8667, #1994, #3858, .T. ) ;
#6711 = LINE ( 'NONE', #2590, #646 ) ;
#6712 = ORIENTED_EDGE ( 'NONE', *, *, #3380, .T. ) ;
#6713 = CARTESIAN_POINT ( 'NONE',  ( -4.059999999999999609, -0.1568111475989498460, -3.745646205093807080 ) ) ;
#6714 = FILL_AREA_STYLE ('',( #1004 ) ) ;
#6715 = EDGE_CURVE ( 'NONE', #10306, #3400, #468, .T. ) ;
#6716 = STYLED_ITEM ( 'NONE', ( #2162 ), #5871 ) ;
#6717 = EDGE_CURVE ( 'NONE', #4740, #5928, #9423, .T. ) ;
#6718 = VECTOR ( 'NONE', #5534, 1000.000000000000000 ) ;
#6719 = PRESENTATION_STYLE_ASSIGNMENT (( #5786 ) ) ;
#6720 = CARTESIAN_POINT ( 'NONE',  ( -4.410000000000001030, -0.1100000000000000006, -3.695747996505077460 ) ) ;
#6721 = LINE ( 'NONE', #4430, #4959 ) ;
#6722 =( GEOMETRIC_REPRESENTATION_CONTEXT ( 3 ) GLOBAL_UNCERTAINTY_ASSIGNED_CONTEXT ( ( #7881 ) ) GLOBAL_UNIT_ASSIGNED_CONTEXT ( ( #3343, #2609, #3377 ) ) REPRESENTATION_CONTEXT ( 'NONE', 'WORKASPACE' ) );
#6723 = EDGE_LOOP ( 'NONE', ( #8425, #10417, #10106, #9554 ) ) ;
#6724 = VECTOR ( 'NONE', #3744, 1000.000000000000000 ) ;
#6725 = ADVANCED_FACE ( 'NONE', ( #6003 ), #4483, .F. ) ;
#6726 = EDGE_CURVE ( 'NONE', #8482, #8005, #849, .T. ) ;
#6727 = VECTOR ( 'NONE', #6825, 1000.000000000000000 ) ;
#6728 = LINE ( 'NONE', #2029, #1394 ) ;
#6729 = CARTESIAN_POINT ( 'NONE',  ( -0.6700000000000004841, 0.1099999999999998618, 3.897297636193110648 ) ) ;
#6730 = LINE ( 'NONE', #5818, #173 ) ;
#6731 = CARTESIAN_POINT ( 'NONE',  ( 1.520000000000000462, -1.374999999999998890, 3.823497185254835173 ) ) ;
#6732 = LINE ( 'NONE', #1982, #4563 ) ;
#6733 = DIRECTION ( 'NONE',  ( 0.000000000000000000, -1.000000000000000000, 0.000000000000000000 ) ) ;
#6734 =( NAMED_UNIT ( * ) SI_UNIT ( $, .STERADIAN. ) SOLID_ANGLE_UNIT ( ) );
#6735 = ORIENTED_EDGE ( 'NONE', *, *, #3110, .F. ) ;
#6736 = ADVANCED_FACE ( 'NONE', ( #1328 ), #1268, .F. ) ;
#6737 = STYLED_ITEM ( 'NONE', ( #2558 ), #1411 ) ;
#6738 = SURFACE_STYLE_FILL_AREA ( #8898 ) ;
#6739 = CARTESIAN_POINT ( 'NONE',  ( -5.750000000000000000, -0.1599999999999999756, 3.695747996505077904 ) ) ;
#6740 = UNCERTAINTY_MEASURE_WITH_UNIT (LENGTH_MEASURE( 1.000000000000000082E-05 ), #9860, 'distance_accuracy_value', 'NONE');
#6741 = LINE ( 'NONE', #3229, #1539 ) ;
#6742 = CARTESIAN_POINT ( 'NONE',  ( -8.421615491570639378, -1.374999999999999556, -4.250000000000000888 ) ) ;
#6743 = ORIENTED_EDGE ( 'NONE', *, *, #4124, .F. ) ;
#6744 = CARTESIAN_POINT ( 'NONE',  ( -6.949999999999999289, 0.1099999999999998618, 3.897297636193110648 ) ) ;
#6745 = LINE ( 'NONE', #351, #3690 ) ;
#6746 = VECTOR ( 'NONE', #3579, 1000.000000000000000 ) ;
#6747 = CARTESIAN_POINT ( 'NONE',  ( -8.421615491570639378, -1.374999999999999556, -4.250000000000000888 ) ) ;
#6748 = LINE ( 'NONE', #4864, #2439 ) ;
#6749 = ORIENTED_EDGE ( 'NONE', *, *, #1261, .T. ) ;
#6750 = UNCERTAINTY_MEASURE_WITH_UNIT (LENGTH_MEASURE( 1.000000000000000082E-05 ), #1599, 'distance_accuracy_value', 'NONE');
#6751 = CARTESIAN_POINT ( 'NONE',  ( 5.821936167392620654, -1.374999999999998890, 4.039106398383938590 ) ) ;
#6752 = ORIENTED_EDGE ( 'NONE', *, *, #10069, .T. ) ;
#6753 = VECTOR ( 'NONE', #8896, 1000.000000000000114 ) ;
#6754 = CIRCLE ( 'NONE', #3501, 0.04999999999999969746 ) ;
#6755 = LINE ( 'NONE', #1428, #9147 ) ;
#6756 = SURFACE_SIDE_STYLE ('',( #5488 ) ) ;
#6757 = AXIS2_PLACEMENT_3D ( 'NONE', #3138, #9496, #10380 ) ;
#6758 = EDGE_CURVE ( 'NONE', #10169, #5253, #4754, .T. ) ;
#6759 =( LENGTH_UNIT ( ) NAMED_UNIT ( * ) SI_UNIT ( .MILLI., .METRE. ) );
#6760 = ORIENTED_EDGE ( 'NONE', *, *, #6025, .T. ) ;
#6761 = DIRECTION ( 'NONE',  ( 0.000000000000000000, 0.000000000000000000, 1.000000000000000000 ) ) ;
#6762 = LINE ( 'NONE', #7789, #4987 ) ;
#6763 = DIRECTION ( 'NONE',  ( 0.000000000000000000, 1.000000000000000000, 0.000000000000000000 ) ) ;
#6764 = VECTOR ( 'NONE', #2879, 1000.000000000000000 ) ;
#6765 = VECTOR ( 'NONE', #84, 1000.000000000000000 ) ;
#6766 = EDGE_CURVE ( 'NONE', #7499, #3832, #7022, .T. ) ;
#6767 = CARTESIAN_POINT ( 'NONE',  ( 7.189917682187164871, 0.009362694809449005617, 3.950635721216884111 ) ) ;
#6768 = SURFACE_STYLE_USAGE ( .BOTH. , #6705 ) ;
#6769 = VECTOR ( 'NONE', #9045, 1000.000000000000000 ) ;
#6770 = VERTEX_POINT ( 'NONE', #10093 ) ;
#6771 = ADVANCED_FACE ( 'NONE', ( #1829 ), #1307, .F. ) ;
#6772 = LINE ( 'NONE', #4072, #8014 ) ;
#6773 = CARTESIAN_POINT ( 'NONE',  ( -5.750000000000000000, 0.1100000000000000006, 3.550000000000000266 ) ) ;
#6774 = CARTESIAN_POINT ( 'NONE',  ( -3.210000000000000853, 0.06000000000000001166, -3.897297636193110648 ) ) ;
#6775 = AXIS2_PLACEMENT_3D ( 'NONE', #8662, #5456, #9517 ) ;
#6776 = FACE_OUTER_BOUND ( 'NONE', #6265, .T. ) ;
#6777 = SURFACE_STYLE_FILL_AREA ( #9339 ) ;
#6778 = DIRECTION ( 'NONE',  ( 1.000000000000000000, 0.000000000000000000, 0.000000000000000000 ) ) ;
#6779 = DIRECTION ( 'NONE',  ( 0.000000000000000000, 0.000000000000000000, -1.000000000000000000 ) ) ;
#6780 = AXIS2_PLACEMENT_3D ( 'NONE', #4440, #7618, #2043 ) ;
#6781 = ORIENTED_EDGE ( 'NONE', *, *, #10052, .F. ) ;
#6782 = LINE ( 'NONE', #669, #4244 ) ;
#6783 = DIRECTION ( 'NONE',  ( 0.000000000000000000, 0.000000000000000000, -1.000000000000000000 ) ) ;
#6784 = ORIENTED_EDGE ( 'NONE', *, *, #5286, .F. ) ;
#6785 = EDGE_CURVE ( 'NONE', #8005, #2872, #8524, .T. ) ;
#6786 = COLOUR_RGB ( '',0.7529411764705882248, 0.7529411764705882248, 0.7529411764705882248 ) ;
#6787 = ADVANCED_FACE ( 'NONE', ( #4236 ), #451, .F. ) ;
#6788 = VECTOR ( 'NONE', #6226, 1000.000000000000000 ) ;
#6789 = LINE ( 'NONE', #6591, #6271 ) ;
#6790 = EDGE_CURVE ( 'NONE', #3417, #5704, #4881, .T. ) ;
#6791 = ORIENTED_EDGE ( 'NONE', *, *, #241, .F. ) ;
#6792 = COLOUR_RGB ( '',0.7529411764705882248, 0.7529411764705882248, 0.7529411764705882248 ) ;
#6793 = ORIENTED_EDGE ( 'NONE', *, *, #8388, .T. ) ;
#6794 = ORIENTED_EDGE ( 'NONE', *, *, #7563, .T. ) ;
#6795 = DIRECTION ( 'NONE',  ( 0.000000000000000000, -0.9979641717745812990, -0.06377704802100912784 ) ) ;
#6796 = PLANE ( 'NONE',  #2081 ) ;
#6797 = STYLED_ITEM ( 'NONE', ( #4936 ), #8995 ) ;
#6798 = VECTOR ( 'NONE', #1316, 1000.000000000000114 ) ;
#6799 = CARTESIAN_POINT ( 'NONE',  ( -6.949999999999999289, -1.055665328710549522, 3.897297636193110648 ) ) ;
#6800 = DIRECTION ( 'NONE',  ( 0.000000000000000000, -0.9979641717745812990, 0.06377704802100914172 ) ) ;
#6801 = VECTOR ( 'NONE', #10016, 1000.000000000000000 ) ;
#6802 = DIRECTION ( 'NONE',  ( 0.000000000000000000, 0.000000000000000000, -1.000000000000000000 ) ) ;
#6803 = MECHANICAL_DESIGN_GEOMETRIC_PRESENTATION_REPRESENTATION (  '', ( #4069 ), #5158 ) ;
#6804 = CARTESIAN_POINT ( 'NONE',  ( -8.665000000000000924, -4.674999999999999822, 4.249999999999999112 ) ) ;
#6805 = SURFACE_STYLE_USAGE ( .BOTH. , #9091 ) ;
#6806 = EDGE_LOOP ( 'NONE', ( #2822, #913, #1009, #8750 ) ) ;
#6807 = ORIENTED_EDGE ( 'NONE', *, *, #4588, .F. ) ;
#6808 = CIRCLE ( 'NONE', #4132, 0.05000000000000012768 ) ;
#6809 = CARTESIAN_POINT ( 'NONE',  ( -4.410000000000001030, -0.1599999999999999756, -3.695747996505077904 ) ) ;
#6810 = CARTESIAN_POINT ( 'NONE',  ( -3.210000000000000853, -1.374999999999998890, 4.039106398383938590 ) ) ;
#6811 =( LENGTH_UNIT ( ) NAMED_UNIT ( * ) SI_UNIT ( .MILLI., .METRE. ) );
#6812 = VECTOR ( 'NONE', #8604, 1000.000000000000114 ) ;
#6813 = UNCERTAINTY_MEASURE_WITH_UNIT (LENGTH_MEASURE( 1.000000000000000082E-05 ), #3204, 'distance_accuracy_value', 'NONE');
#6814 = AXIS2_PLACEMENT_3D ( 'NONE', #1946, #7594, #9233 ) ;
#6815 = CARTESIAN_POINT ( 'NONE',  ( -0.7419361673926183620, -1.374999999999998890, -4.250000000000000888 ) ) ;
#6816 = EDGE_LOOP ( 'NONE', ( #2485, #363, #8607, #3378, #8843, #8242, #6339 ) ) ;
#6817 = EDGE_LOOP ( 'NONE', ( #3985, #1885, #3575, #7675 ) ) ;
#6818 = SURFACE_SIDE_STYLE ('',( #5069 ) ) ;
#6819 = PLANE ( 'NONE',  #8793 ) ;
#6820 = LINE ( 'NONE', #8605, #269 ) ;
#6821 = DIRECTION ( 'NONE',  ( -1.000000000000000000, 0.000000000000000000, -0.000000000000000000 ) ) ;
#6822 = CARTESIAN_POINT ( 'NONE',  ( -9.918007953970562340, 0.5749999999999999556, -0.5241992011858083167 ) ) ;
#6823 = FILL_AREA_STYLE ('',( #4496 ) ) ;
#6824 = COLOUR_RGB ( '',0.7529411764705882248, 0.7529411764705882248, 0.7529411764705882248 ) ;
#6825 = DIRECTION ( 'NONE',  ( 0.000000000000000000, -0.9979641717745812990, -0.06377704802100912784 ) ) ;
#6826 = ORIENTED_EDGE ( 'NONE', *, *, #2366, .T. ) ;
#6827 = VERTEX_POINT ( 'NONE', #8994 ) ;
#6828 = ORIENTED_EDGE ( 'NONE', *, *, #820, .F. ) ;
#6829 = ADVANCED_FACE ( 'NONE', ( #6776 ), #10333, .F. ) ;
#6830 = VECTOR ( 'NONE', #3385, 1000.000000000000000 ) ;
#6831 = PLANE ( 'NONE',  #8856 ) ;
#6832 = FILL_AREA_STYLE ('',( #317 ) ) ;
#6833 = VECTOR ( 'NONE', #2419, 1000.000000000000000 ) ;
#6834 = CARTESIAN_POINT ( 'NONE',  ( -9.918007953970564117, 0.5749999999999999556, -3.549999999999999378 ) ) ;
#6835 = EDGE_LOOP ( 'NONE', ( #2889, #5136, #3296, #146 ) ) ;
#6836 = EDGE_CURVE ( 'NONE', #387, #1649, #8794, .T. ) ;
#6837 = CARTESIAN_POINT ( 'NONE',  ( 0.6700000000000004841, -0.1599999999999999756, 3.695747996505077904 ) ) ;
#6838 = FILL_AREA_STYLE_COLOUR ( '', #6238 ) ;
#6839 = EDGE_CURVE ( 'NONE', #5536, #4032, #7274, .T. ) ;
#6840 = PLANE ( 'NONE',  #9632 ) ;
#6841 = CARTESIAN_POINT ( 'NONE',  ( 1.798063832607381451, -1.374999999999999112, -4.039106398383939478 ) ) ;
#6842 = EDGE_LOOP ( 'NONE', ( #904, #10351, #3487, #9893 ) ) ;
#6843 = AXIS2_PLACEMENT_3D ( 'NONE', #3491, #6632, #9026 ) ;
#6844 = VECTOR ( 'NONE', #7059, 1000.000000000000000 ) ;
#6845 = FACE_OUTER_BOUND ( 'NONE', #486, .T. ) ;
#6846 = ORIENTED_EDGE ( 'NONE', *, *, #9603, .F. ) ;
#6848 = ORIENTED_EDGE ( 'NONE', *, *, #7109, .F. ) ;
#6847 = DIRECTION ( 'NONE',  ( -0.1710878697460355147, 0.9702875252478139201, 0.1710878697460355424 ) ) ;
#6849 = CARTESIAN_POINT ( 'NONE',  ( -3.210000000000000853, 0.06000000000000001166, 3.897297636193110648 ) ) ;
#6850 = STYLED_ITEM ( 'NONE', ( #1317 ), #7025 ) ;
#6851 = DIRECTION ( 'NONE',  ( 0.000000000000000000, 0.9979641717745812990, 0.06377704802100914172 ) ) ;
#6852 = DIRECTION ( 'NONE',  ( 0.000000000000000000, 0.000000000000000000, 1.000000000000000000 ) ) ;
#6853 = EDGE_CURVE ( 'NONE', #1123, #777, #6261, .T. ) ;
#6854 = LINE ( 'NONE', #6221, #2795 ) ;
#6855 = CARTESIAN_POINT ( 'NONE',  ( 0.6700000000000004841, 0.06000000000000001166, 3.897297636193110648 ) ) ;
#6856 = DIRECTION ( 'NONE',  ( -1.000000000000000000, -0.000000000000000000, 0.000000000000000000 ) ) ;
#6857 = COLOUR_RGB ( '',0.7529411764705882248, 0.7529411764705882248, 0.7529411764705882248 ) ;
#6858 =( NAMED_UNIT ( * ) PLANE_ANGLE_UNIT ( ) SI_UNIT ( $, .RADIAN. ) );
#6859 = ORIENTED_EDGE ( 'NONE', *, *, #3045, .T. ) ;
#6860 = FILL_AREA_STYLE ('',( #4429 ) ) ;
#6861 = DIRECTION ( 'NONE',  ( 0.000000000000000000, 0.000000000000000000, 1.000000000000000000 ) ) ;
#6862 = EDGE_CURVE ( 'NONE', #6564, #7532, #2082, .T. ) ;
#6863 = PRESENTATION_LAYER_ASSIGNMENT (  '', '', ( #714 ) ) ;
#6864 = STYLED_ITEM ( 'NONE', ( #4958 ), #8034 ) ;
#6865 = AXIS2_PLACEMENT_3D ( 'NONE', #9256, #9288, #480 ) ;
#6866 = ORIENTED_EDGE ( 'NONE', *, *, #8504, .F. ) ;
#6867 =( NAMED_UNIT ( * ) PLANE_ANGLE_UNIT ( ) SI_UNIT ( $, .RADIAN. ) );
#6868 = ORIENTED_EDGE ( 'NONE', *, *, #1875, .T. ) ;
#6869 = DIRECTION ( 'NONE',  ( 0.000000000000000000, 0.9979641717745812990, -0.06377704802100926662 ) ) ;
#6870 = SURFACE_SIDE_STYLE ('',( #2690 ) ) ;
#6871 = SURFACE_SIDE_STYLE ('',( #9138 ) ) ;
#6872 = CARTESIAN_POINT ( 'NONE',  ( -8.290000000000000924, 0.06318885240105015511, -3.947195844781839824 ) ) ;
#6873 = FACE_OUTER_BOUND ( 'NONE', #6671, .T. ) ;
#6874 = SURFACE_STYLE_FILL_AREA ( #2847 ) ;
#6875 = CARTESIAN_POINT ( 'NONE',  ( 4.410000000000000142, -4.674999999999998934, -4.250000000000000888 ) ) ;
#6876 = VECTOR ( 'NONE', #78, 1000.000000000000114 ) ;
#6877 = ORIENTED_EDGE ( 'NONE', *, *, #8989, .T. ) ;
#6878 =( GEOMETRIC_REPRESENTATION_CONTEXT ( 3 ) GLOBAL_UNCERTAINTY_ASSIGNED_CONTEXT ( ( #7313 ) ) GLOBAL_UNIT_ASSIGNED_CONTEXT ( ( #6811, #2773, #5272 ) ) REPRESENTATION_CONTEXT ( 'NONE', 'WORKASPACE' ) );
#6879 = VERTEX_POINT ( 'NONE', #7171 ) ;
#6880 = DIRECTION ( 'NONE',  ( 0.000000000000000000, -0.06377704802100965520, 0.9979641717745812990 ) ) ;
#6881 = DIRECTION ( 'NONE',  ( 0.000000000000000000, 0.000000000000000000, -1.000000000000000000 ) ) ;
#6882 = ADVANCED_FACE ( 'NONE', ( #10032 ), #3946, .F. ) ;
#6883 = VECTOR ( 'NONE', #8223, 1000.000000000000114 ) ;
#6884 = DIRECTION ( 'NONE',  ( 0.000000000000000000, 0.000000000000000000, -1.000000000000000000 ) ) ;
#6885 = SURFACE_SIDE_STYLE ('',( #279 ) ) ;
#6886 = SURFACE_STYLE_USAGE ( .BOTH. , #1213 ) ;
#6887 = VERTEX_POINT ( 'NONE', #9162 ) ;
#6888 =( LENGTH_UNIT ( ) NAMED_UNIT ( * ) SI_UNIT ( .MILLI., .METRE. ) );
#6889 =( GEOMETRIC_REPRESENTATION_CONTEXT ( 3 ) GLOBAL_UNCERTAINTY_ASSIGNED_CONTEXT ( ( #8815 ) ) GLOBAL_UNIT_ASSIGNED_CONTEXT ( ( #9561, #936, #8893 ) ) REPRESENTATION_CONTEXT ( 'NONE', 'WORKASPACE' ) );
#6890 = CARTESIAN_POINT ( 'NONE',  ( 9.999999999999998224, 0.1100000000000000006, -3.549999999999999378 ) ) ;
#6891 = SURFACE_STYLE_USAGE ( .BOTH. , #4537 ) ;
#6892 = LINE ( 'NONE', #7987, #1565 ) ;
#6893 = LINE ( 'NONE', #308, #4733 ) ;
#6894 =( NAMED_UNIT ( * ) PLANE_ANGLE_UNIT ( ) SI_UNIT ( $, .RADIAN. ) );
#6895 = LINE ( 'NONE', #1934, #718 ) ;
#6896 = ORIENTED_EDGE ( 'NONE', *, *, #7292, .F. ) ;
#6897 = EDGE_CURVE ( 'NONE', #980, #3844, #5631, .T. ) ;
#6898 = VECTOR ( 'NONE', #7230, 1000.000000000000000 ) ;
#6899 = DIRECTION ( 'NONE',  ( 0.000000000000000000, 0.000000000000000000, 1.000000000000000000 ) ) ;
#6900 = SURFACE_STYLE_USAGE ( .BOTH. , #5258 ) ;
#6901 = STYLED_ITEM ( 'NONE', ( #10310 ), #3721 ) ;
#6902 = DIRECTION ( 'NONE',  ( -0.2193360129683985249, 0.9736631258226969843, 0.06222403738348531582 ) ) ;
#6903 = CARTESIAN_POINT ( 'NONE',  ( 5.750000000000001776, -1.055665328710549522, -4.250000000000000888 ) ) ;
#6904 = PLANE ( 'NONE',  #6780 ) ;
#6905 = LINE ( 'NONE', #2516, #6769 ) ;
#6906 =( NAMED_UNIT ( * ) SI_UNIT ( $, .STERADIAN. ) SOLID_ANGLE_UNIT ( ) );
#6907 = ORIENTED_EDGE ( 'NONE', *, *, #2001, .F. ) ;
#6908 = AXIS2_PLACEMENT_3D ( 'NONE', #7927, #7888, #3097 ) ;
#6909 = EDGE_CURVE ( 'NONE', #275, #1541, #4098, .T. ) ;
#6910 = LINE ( 'NONE', #6810, #8025 ) ;
#6911 = CARTESIAN_POINT ( 'NONE',  ( -6.099999999999999645, -1.374999999999998890, -4.250000000000000888 ) ) ;
#6912 = DIRECTION ( 'NONE',  ( 0.000000000000000000, 0.000000000000000000, -1.000000000000000000 ) ) ;
#6913 = CARTESIAN_POINT ( 'NONE',  ( 1.870000000000000107, -4.674999999999999822, 4.034390786870895695 ) ) ;
#6914 = EDGE_LOOP ( 'NONE', ( #2176, #4923, #1652, #2127 ) ) ;
#6915 = ORIENTED_EDGE ( 'NONE', *, *, #9141, .F. ) ;
#6916 = PRESENTATION_STYLE_ASSIGNMENT (( #419 ) ) ;
#6917 = EDGE_CURVE ( 'NONE', #8507, #6108, #347, .T. ) ;
#6918 = VERTEX_POINT ( 'NONE', #1156 ) ;
#6919 = FILL_AREA_STYLE ('',( #4420 ) ) ;
#6920 = FILL_AREA_STYLE_COLOUR ( '', #5073 ) ;
#6921 = EDGE_CURVE ( 'NONE', #2858, #9302, #2967, .T. ) ;
#6922 = VECTOR ( 'NONE', #10445, 1000.000000000000227 ) ;
#6923 = FILL_AREA_STYLE_COLOUR ( '', #6685 ) ;
#6924 = CARTESIAN_POINT ( 'NONE',  ( 3.281936167392619730, -1.374999999999998890, -4.039106398383939478 ) ) ;
#6925 = DIRECTION ( 'NONE',  ( -1.000000000000000000, -0.000000000000000000, -0.000000000000000000 ) ) ;
#6926 = COLOUR_RGB ( '',0.7529411764705882248, 0.7529411764705882248, 0.7529411764705882248 ) ;
#6927 =( NAMED_UNIT ( * ) SI_UNIT ( $, .STERADIAN. ) SOLID_ANGLE_UNIT ( ) );
#6928 = STYLED_ITEM ( 'NONE', ( #4442 ), #7761 ) ;
#6929 =( NAMED_UNIT ( * ) SI_UNIT ( $, .STERADIAN. ) SOLID_ANGLE_UNIT ( ) );
#6930 = ORIENTED_EDGE ( 'NONE', *, *, #4054, .F. ) ;
#6931 = STYLED_ITEM ( 'NONE', ( #1107 ), #276 ) ;
#6932 = COLOUR_RGB ( '',0.7529411764705882248, 0.7529411764705882248, 0.7529411764705882248 ) ;
#6933 = VERTEX_POINT ( 'NONE', #1981 ) ;
#6934 = CARTESIAN_POINT ( 'NONE',  ( -1.870000000000000107, -0.1599999999999999756, -3.695747996505077904 ) ) ;
#6935 = LINE ( 'NONE', #3323, #2496 ) ;
#6936 = ADVANCED_FACE ( 'NONE', ( #8394 ), #1182, .F. ) ;
#6937 = VERTEX_POINT ( 'NONE', #6773 ) ;
#6938 = CARTESIAN_POINT ( 'NONE',  ( 6.100000000000001421, -1.374999999999998890, -4.250000000000000888 ) ) ;
#6939 = APPLICATION_PROTOCOL_DEFINITION ( 'draft international standard', 'automotive_design', 1998, #441 ) ;
#6940 = COLOUR_RGB ( '',0.7529411764705882248, 0.7529411764705882248, 0.7529411764705882248 ) ;
#6941 = PRESENTATION_LAYER_ASSIGNMENT (  '', '', ( #3452 ) ) ;
#6942 = SURFACE_STYLE_USAGE ( .BOTH. , #6071 ) ;
#6943 = ORIENTED_EDGE ( 'NONE', *, *, #9049, .F. ) ;
#6944 = STYLED_ITEM ( 'NONE', ( #3552 ), #1350 ) ;
#6945 = DIRECTION ( 'NONE',  ( 0.000000000000000000, 0.000000000000000000, -1.000000000000000000 ) ) ;
#6946 = VERTEX_POINT ( 'NONE', #8379 ) ;
#6947 = EDGE_LOOP ( 'NONE', ( #5354, #136, #18, #1094 ) ) ;
#6948 = CARTESIAN_POINT ( 'NONE',  ( 6.600000000000001421, -0.1568111475989498460, -3.745646205093807080 ) ) ;
#6949 = AXIS2_PLACEMENT_3D ( 'NONE', #5038, #4250, #4970 ) ;
#6950 = COLOUR_RGB ( '',0.7529411764705882248, 0.7529411764705882248, 0.7529411764705882248 ) ;
#6951 = AXIS2_PLACEMENT_3D ( 'NONE', #6444, #8905, #5623 ) ;
#6952 = SURFACE_SIDE_STYLE ('',( #6129 ) ) ;
#6953 = FILL_AREA_STYLE ('',( #10174 ) ) ;
#6954 = CARTESIAN_POINT ( 'NONE',  ( -3.210000000000000853, -0.1568111475989498460, 3.745646205093807080 ) ) ;
#6955 = ORIENTED_EDGE ( 'NONE', *, *, #8846, .F. ) ;
#6956 = CARTESIAN_POINT ( 'NONE',  ( -6.599999999999999645, -1.374999999999998890, -4.250000000000000888 ) ) ;
#6957 = CARTESIAN_POINT ( 'NONE',  ( 3.560000000000000497, 0.06318885240105015511, 3.947195844781839824 ) ) ;
#6958 = LINE ( 'NONE', #5959, #3036 ) ;
#6959 = LINE ( 'NONE', #7738, #157 ) ;
#6960 = ORIENTED_EDGE ( 'NONE', *, *, #6758, .F. ) ;
#6961 = VERTEX_POINT ( 'NONE', #6052 ) ;
#6962 =( GEOMETRIC_REPRESENTATION_CONTEXT ( 3 ) GLOBAL_UNCERTAINTY_ASSIGNED_CONTEXT ( ( #3609 ) ) GLOBAL_UNIT_ASSIGNED_CONTEXT ( ( #10012, #476, #6112 ) ) REPRESENTATION_CONTEXT ( 'NONE', 'WORKASPACE' ) );
#6963 = EDGE_CURVE ( 'NONE', #8551, #4449, #6652, .T. ) ;
#6964 = ORIENTED_EDGE ( 'NONE', *, *, #6710, .F. ) ;
#6965 = PLANE ( 'NONE',  #2823 ) ;
#6966 = LINE ( 'NONE', #7930, #8586 ) ;
#6967 = CARTESIAN_POINT ( 'NONE',  ( -8.290000000000000924, 0.1100000000000000006, 3.550000000000000266 ) ) ;
#6968 = EDGE_CURVE ( 'NONE', #6946, #3889, #10289, .T. ) ;
#6969 = PRESENTATION_STYLE_ASSIGNMENT (( #6891 ) ) ;
#6970 = CARTESIAN_POINT ( 'NONE',  ( 5.750000000000000000, 0.1100000000000000006, -3.550000000000000266 ) ) ;
#6971 = CARTESIAN_POINT ( 'NONE',  ( -5.750000000000000000, -1.374999999999998890, 4.039106398383938590 ) ) ;
#6972 = SURFACE_SIDE_STYLE ('',( #313 ) ) ;
#6973 = EDGE_CURVE ( 'NONE', #7280, #10067, #1580, .T. ) ;
#6974 = ORIENTED_EDGE ( 'NONE', *, *, #5147, .T. ) ;
#6975 = DIRECTION ( 'NONE',  ( 0.000000000000000000, 0.000000000000000000, 1.000000000000000000 ) ) ;
#6976 =( NAMED_UNIT ( * ) PLANE_ANGLE_UNIT ( ) SI_UNIT ( $, .RADIAN. ) );
#6977 = CARTESIAN_POINT ( 'NONE',  ( -0.6700000000000004841, -1.374999999999998668, 3.823497185254834729 ) ) ;
#6978 = LINE ( 'NONE', #499, #9490 ) ;
#6979 = AXIS2_PLACEMENT_3D ( 'NONE', #10207, #7088, #599 ) ;
#6980 = CARTESIAN_POINT ( 'NONE',  ( 9.490000000000000213, -0.1568111475989498460, -3.745646205093807080 ) ) ;
#6981 = DIRECTION ( 'NONE',  ( 0.000000000000000000, 0.9979641717745812990, 0.06377704802100914172 ) ) ;
#6982 = EDGE_CURVE ( 'NONE', #4020, #2072, #5748, .T. ) ;
#6983 = DIRECTION ( 'NONE',  ( -0.000000000000000000, 0.000000000000000000, 1.000000000000000000 ) ) ;
#6984 = CARTESIAN_POINT ( 'NONE',  ( -5.750000000000000000, -4.674999999999999822, -4.034390786870895695 ) ) ;
#6985 = ORIENTED_EDGE ( 'NONE', *, *, #556, .F. ) ;
#6986 = VECTOR ( 'NONE', #5567, 1000.000000000000000 ) ;
#6987 = LINE ( 'NONE', #6189, #8237 ) ;
#6988 = DIRECTION ( 'NONE',  ( -1.000000000000000000, -0.000000000000000000, -0.000000000000000000 ) ) ;
#6989 = EDGE_CURVE ( 'NONE', #2903, #8615, #3981, .T. ) ;
#6990 =( GEOMETRIC_REPRESENTATION_CONTEXT ( 3 ) GLOBAL_UNCERTAINTY_ASSIGNED_CONTEXT ( ( #4273 ) ) GLOBAL_UNIT_ASSIGNED_CONTEXT ( ( #4176, #8276, #5077 ) ) REPRESENTATION_CONTEXT ( 'NONE', 'WORKASPACE' ) );
#6991 = ADVANCED_FACE ( 'NONE', ( #9923 ), #458, .F. ) ;
#6992 = DIRECTION ( 'NONE',  ( -0.000000000000000000, 0.9979641717745811880, 0.06377704802100964132 ) ) ;
#6993 = EDGE_LOOP ( 'NONE', ( #1571, #5790, #3643, #6896 ) ) ;
#6994 = MECHANICAL_DESIGN_GEOMETRIC_PRESENTATION_REPRESENTATION (  '', ( #7853 ), #3191 ) ;
#6995 = COLOUR_RGB ( '',0.7529411764705882248, 0.7529411764705882248, 0.7529411764705882248 ) ;
#6996 = CIRCLE ( 'NONE', #1822, 0.04999999999999969746 ) ;
#6997 = LINE ( 'NONE', #1831, #6883 ) ;
#6998 = UNCERTAINTY_MEASURE_WITH_UNIT (LENGTH_MEASURE( 1.000000000000000082E-05 ), #4706, 'distance_accuracy_value', 'NONE');
#6999 = DIRECTION ( 'NONE',  ( -0.000000000000000000, -0.000000000000000000, 1.000000000000000000 ) ) ;
#7000 = VERTEX_POINT ( 'NONE', #2775 ) ;
#7001 = DIRECTION ( 'NONE',  ( 0.9755535465928818484, 0.2197618659596111135, 0.000000000000000000 ) ) ;
#7002 = LINE ( 'NONE', #4115, #2445 ) ;
#7003 = CARTESIAN_POINT ( 'NONE',  ( -0.6700000000000004841, -4.674999999999999822, 4.034390786870895695 ) ) ;
#7004 = CARTESIAN_POINT ( 'NONE',  ( -0.6700000000000004841, -1.055665328710553519, -3.897297636193110648 ) ) ;
#7005 = LINE ( 'NONE', #8020, #4861 ) ;
#7006 = EDGE_LOOP ( 'NONE', ( #9328, #3260, #7064, #7192 ) ) ;
#7007 = PRESENTATION_LAYER_ASSIGNMENT (  '', '', ( #8410 ) ) ;
#7008 = CARTESIAN_POINT ( 'NONE',  ( 3.209999999999999964, -0.1568111475989498460, -3.745646205093807080 ) ) ;
#7009 = AXIS2_PLACEMENT_3D ( 'NONE', #8008, #3101, #8857 ) ;
#7010 = FILL_AREA_STYLE_COLOUR ( '', #6388 ) ;
#7011 = CARTESIAN_POINT ( 'NONE',  ( -9.999999999999998224, 0.1100000000000000006, 3.550000000000000266 ) ) ;
#7012 = DIRECTION ( 'NONE',  ( -0.000000000000000000, 1.000000000000000000, -0.000000000000000000 ) ) ;
#7013 = VERTEX_POINT ( 'NONE', #7701 ) ;
#7014 =( LENGTH_UNIT ( ) NAMED_UNIT ( * ) SI_UNIT ( .MILLI., .METRE. ) );
#7015 = CARTESIAN_POINT ( 'NONE',  ( -3.210000000000000853, -0.1599999999999999756, 3.695747996505077904 ) ) ;
#7016 = SURFACE_SIDE_STYLE ('',( #1758 ) ) ;
#7017 = SURFACE_SIDE_STYLE ('',( #7992 ) ) ;
#7018 = ORIENTED_EDGE ( 'NONE', *, *, #4329, .F. ) ;
#7019 = CARTESIAN_POINT ( 'NONE',  ( -5.750000000000000000, -0.1100000000000000006, 3.550000000000000266 ) ) ;
#7020 = PRESENTATION_STYLE_ASSIGNMENT (( #3423 ) ) ;
#7021 =( NAMED_UNIT ( * ) SI_UNIT ( $, .STERADIAN. ) SOLID_ANGLE_UNIT ( ) );
#7022 = LINE ( 'NONE', #8695, #2597 ) ;
#7023 = FACE_OUTER_BOUND ( 'NONE', #5400, .T. ) ;
#7024 = CARTESIAN_POINT ( 'NONE',  ( 6.949999999999999289, 0.1100000000000000006, -3.550000000000000266 ) ) ;
#7025 = ADVANCED_FACE ( 'NONE', ( #7517 ), #1573, .T. ) ;
#7026 = ORIENTED_EDGE ( 'NONE', *, *, #7614, .T. ) ;
#7027 = EDGE_CURVE ( 'NONE', #3957, #1600, #722, .T. ) ;
#7028 = EDGE_LOOP ( 'NONE', ( #1895, #4949, #9948, #63 ) ) ;
#7029 = CARTESIAN_POINT ( 'NONE',  ( 8.421615491570639378, -1.374999999999999556, -3.823497185254835173 ) ) ;
#7030 = FACE_OUTER_BOUND ( 'NONE', #5044, .T. ) ;
#7031 = CARTESIAN_POINT ( 'NONE',  ( -8.290000000000000924, -0.1568111475989498460, -3.745646205093807080 ) ) ;
#7032 = CARTESIAN_POINT ( 'NONE',  ( 6.949999999999999289, -0.1599999999999999756, 3.695747996505077904 ) ) ;
#7033 = AXIS2_PLACEMENT_3D ( 'NONE', #3622, #6149, #8610 ) ;
#7034 = DIRECTION ( 'NONE',  ( -0.000000000000000000, 1.000000000000000000, 4.022841720910280989E-15 ) ) ;
#7035 = DIRECTION ( 'NONE',  ( -0.000000000000000000, -0.000000000000000000, 1.000000000000000000 ) ) ;
#7036 = VECTOR ( 'NONE', #10159, 1000.000000000000000 ) ;
#7037 = SURFACE_SIDE_STYLE ('',( #5336 ) ) ;
#7038 = DIRECTION ( 'NONE',  ( -1.000000000000000000, -0.000000000000000000, -0.000000000000000000 ) ) ;
#7039 = AXIS2_PLACEMENT_3D ( 'NONE', #5368, #2007, #553 ) ;
#7040 = VERTEX_POINT ( 'NONE', #2122 ) ;
#7041 = LINE ( 'NONE', #5201, #7643 ) ;
#7042 = ORIENTED_EDGE ( 'NONE', *, *, #4675, .F. ) ;
#7043 = EDGE_LOOP ( 'NONE', ( #9348, #3152, #5351, #8690, #3905, #10439, #5304, #362, #6524, #4077 ) ) ;
#7044 = ADVANCED_FACE ( 'NONE', ( #1445 ), #841, .T. ) ;
#7045 = EDGE_CURVE ( 'NONE', #6961, #4619, #3578, .T. ) ;
#7046 = CARTESIAN_POINT ( 'NONE',  ( 0.6700000000000004841, 0.06000000000000001166, -3.897297636193110648 ) ) ;
#7047 = FILL_AREA_STYLE ('',( #2972 ) ) ;
#7048 = VECTOR ( 'NONE', #484, 1000.000000000000000 ) ;
#7049 = SURFACE_STYLE_USAGE ( .BOTH. , #4564 ) ;
#7050 = EDGE_CURVE ( 'NONE', #607, #6199, #5493, .T. ) ;
#7051 = CARTESIAN_POINT ( 'NONE',  ( -0.6700000000000004841, -0.1100000000000000006, 3.550000000000000266 ) ) ;
#7052 =( NAMED_UNIT ( * ) PLANE_ANGLE_UNIT ( ) SI_UNIT ( $, .RADIAN. ) );
#7053 = ORIENTED_EDGE ( 'NONE', *, *, #4165, .T. ) ;
#7054 = DIRECTION ( 'NONE',  ( 0.000000000000000000, 0.000000000000000000, 1.000000000000000000 ) ) ;
#7055 = VECTOR ( 'NONE', #1481, 1000.000000000000227 ) ;
#7056 = DIRECTION ( 'NONE',  ( -0.2193360129683985249, 0.9736631258226969843, 0.06222403738348531582 ) ) ;
#7057 = AXIS2_PLACEMENT_3D ( 'NONE', #9032, #8963, #5782 ) ;
#7058 = COLOUR_RGB ( '',0.7921568627450980005, 0.8196078431372548767, 0.9333333333333333481 ) ;
#7059 = DIRECTION ( 'NONE',  ( 0.000000000000000000, 0.000000000000000000, -1.000000000000000000 ) ) ;
#7060 = PRESENTATION_LAYER_ASSIGNMENT (  '', '', ( #7391 ) ) ;
#7061 = FILL_AREA_STYLE ('',( #5566 ) ) ;
#7062 =( LENGTH_UNIT ( ) NAMED_UNIT ( * ) SI_UNIT ( .MILLI., .METRE. ) );
#7063 = FILL_AREA_STYLE_COLOUR ( '', #6598 ) ;
#7064 = ORIENTED_EDGE ( 'NONE', *, *, #1956, .F. ) ;
#7065 = ORIENTED_EDGE ( 'NONE', *, *, #7239, .T. ) ;
#7066 =( LENGTH_UNIT ( ) NAMED_UNIT ( * ) SI_UNIT ( .MILLI., .METRE. ) );
#7067 = COLOUR_RGB ( '',0.7529411764705882248, 0.7529411764705882248, 0.7529411764705882248 ) ;
#7068 = DIRECTION ( 'NONE',  ( 0.3803951736463099254, 0.9229412608411878827, -0.05898254744814131201 ) ) ;
#7069 = PRESENTATION_STYLE_ASSIGNMENT (( #3656 ) ) ;
#7070 = DIRECTION ( 'NONE',  ( 0.000000000000000000, -0.000000000000000000, -1.000000000000000000 ) ) ;
#7071 = CARTESIAN_POINT ( 'NONE',  ( 3.209999999999999964, -0.1100000000000000006, 3.695747996505077460 ) ) ;
#7072 = UNCERTAINTY_MEASURE_WITH_UNIT (LENGTH_MEASURE( 1.000000000000000082E-05 ), #4019, 'distance_accuracy_value', 'NONE');
#7073 = MECHANICAL_DESIGN_GEOMETRIC_PRESENTATION_REPRESENTATION (  '', ( #8681 ), #10157 ) ;
#7074 = EDGE_LOOP ( 'NONE', ( #7784, #3446, #7125, #47 ) ) ;
#7075 = EDGE_LOOP ( 'NONE', ( #9837, #4839, #9211, #131 ) ) ;
#7076 =( NAMED_UNIT ( * ) PLANE_ANGLE_UNIT ( ) SI_UNIT ( $, .RADIAN. ) );
#7077 = PLANE ( 'NONE',  #5462 ) ;
#7078 = CARTESIAN_POINT ( 'NONE',  ( 1.870000000000000107, -1.055665328710549522, 3.897297636193110648 ) ) ;
#7079 = CARTESIAN_POINT ( 'NONE',  ( -8.290000000000000924, 0.1099999999999998618, -3.897297636193110648 ) ) ;
#7080 = VERTEX_POINT ( 'NONE', #1278 ) ;
#7081 = FACE_OUTER_BOUND ( 'NONE', #9357, .T. ) ;
#7082 = ORIENTED_EDGE ( 'NONE', *, *, #6376, .T. ) ;
#7083 = DIRECTION ( 'NONE',  ( 0.000000000000000000, 1.000000000000000000, 0.000000000000000000 ) ) ;
#7084 = ORIENTED_EDGE ( 'NONE', *, *, #6556, .T. ) ;
#7085 = ADVANCED_FACE ( 'NONE', ( #9284 ), #4525, .F. ) ;
#7086 =( GEOMETRIC_REPRESENTATION_CONTEXT ( 3 ) GLOBAL_UNCERTAINTY_ASSIGNED_CONTEXT ( ( #2529 ) ) GLOBAL_UNIT_ASSIGNED_CONTEXT ( ( #9400, #5374, #9575 ) ) REPRESENTATION_CONTEXT ( 'NONE', 'WORKASPACE' ) );
#7087 = CARTESIAN_POINT ( 'NONE',  ( -4.410000000000001030, 0.1100000000000000006, -3.550000000000000266 ) ) ;
#7088 = DIRECTION ( 'NONE',  ( 1.000000000000000000, 0.000000000000000000, 0.000000000000000000 ) ) ;
#7089 = CARTESIAN_POINT ( 'NONE',  ( 5.750000000000000000, 0.06318885240105015511, 3.947195844781839824 ) ) ;
#7090 = CARTESIAN_POINT ( 'NONE',  ( 1.870000000000000107, -0.1568111475989498460, -3.745646205093807080 ) ) ;
#7091 = DIRECTION ( 'NONE',  ( 1.000000000000000000, 0.000000000000000000, -0.000000000000000000 ) ) ;
#7092 = LINE ( 'NONE', #7696, #785 ) ;
#7093 = FACE_OUTER_BOUND ( 'NONE', #6835, .T. ) ;
#7094 = PRESENTATION_STYLE_ASSIGNMENT (( #7369 ) ) ;
#7095 = ORIENTED_EDGE ( 'NONE', *, *, #479, .T. ) ;
#7096 = ORIENTED_EDGE ( 'NONE', *, *, #5695, .F. ) ;
#7097 = CARTESIAN_POINT ( 'NONE',  ( 6.878063832607382189, -1.374999999999998890, -4.250000000000000888 ) ) ;
#7098 = ADVANCED_FACE ( 'NONE', ( #4465 ), #6267, .F. ) ;
#7099 = CARTESIAN_POINT ( 'NONE',  ( -5.750000000000000000, -0.1599999999999999756, -3.695747996505077904 ) ) ;
#7100 = FACE_OUTER_BOUND ( 'NONE', #121, .T. ) ;
#7101 =( GEOMETRIC_REPRESENTATION_CONTEXT ( 3 ) GLOBAL_UNCERTAINTY_ASSIGNED_CONTEXT ( ( #1740 ) ) GLOBAL_UNIT_ASSIGNED_CONTEXT ( ( #9619, #4858, #2340 ) ) REPRESENTATION_CONTEXT ( 'NONE', 'WORKASPACE' ) );
#7102 = EDGE_CURVE ( 'NONE', #5540, #3322, #10281, .T. ) ;
#7103 = LINE ( 'NONE', #10319, #4425 ) ;
#7104 = COLOUR_RGB ( '',0.7529411764705882248, 0.7529411764705882248, 0.7529411764705882248 ) ;
#7105 = ORIENTED_EDGE ( 'NONE', *, *, #9067, .T. ) ;
#7106 = LINE ( 'NONE', #3866, #1162 ) ;
#7107 = CARTESIAN_POINT ( 'NONE',  ( -1.019999999999999130, -0.1568111475989498460, 3.745646205093807080 ) ) ;
#7108 = DIRECTION ( 'NONE',  ( -1.000000000000000000, 0.000000000000000000, 0.000000000000000000 ) ) ;
#7109 = EDGE_CURVE ( 'NONE', #8257, #7323, #8636, .T. ) ;
#7110 = DIRECTION ( 'NONE',  ( 0.000000000000000000, 0.000000000000000000, 1.000000000000000000 ) ) ;
#7111 =( NAMED_UNIT ( * ) SI_UNIT ( $, .STERADIAN. ) SOLID_ANGLE_UNIT ( ) );
#7112 = FACE_OUTER_BOUND ( 'NONE', #8800, .T. ) ;
#7113 = ORIENTED_EDGE ( 'NONE', *, *, #3694, .F. ) ;
#7114 = PRESENTATION_LAYER_ASSIGNMENT (  '', '', ( #6716 ) ) ;
#7115 = EDGE_CURVE ( 'NONE', #894, #1600, #5998, .T. ) ;
#7116 = ORIENTED_EDGE ( 'NONE', *, *, #3924, .F. ) ;
#7117 = DIRECTION ( 'NONE',  ( 1.000000000000000000, -0.000000000000000000, 0.000000000000000000 ) ) ;
#7118 = SURFACE_SIDE_STYLE ('',( #144 ) ) ;
#7119 = LINE ( 'NONE', #9419, #8233 ) ;
#7120 = MECHANICAL_DESIGN_GEOMETRIC_PRESENTATION_REPRESENTATION (  '', ( #4747 ), #10146 ) ;
#7121 = CARTESIAN_POINT ( 'NONE',  ( -5.750000000000000000, 0.06000000000000001166, -3.897297636193110648 ) ) ;
#7122 = LINE ( 'NONE', #1337, #5212 ) ;
#7123 = CARTESIAN_POINT ( 'NONE',  ( -9.999999999999998224, 0.1099999999999998340, 0.5241992011858070954 ) ) ;
#7124 = EDGE_CURVE ( 'NONE', #8923, #1065, #10149, .T. ) ;
#7125 = ORIENTED_EDGE ( 'NONE', *, *, #8390, .F. ) ;
#7126 = DIRECTION ( 'NONE',  ( 0.000000000000000000, -0.000000000000000000, 1.000000000000000000 ) ) ;
#7127 =( NAMED_UNIT ( * ) SI_UNIT ( $, .STERADIAN. ) SOLID_ANGLE_UNIT ( ) );
#7128 = ORIENTED_EDGE ( 'NONE', *, *, #10210, .T. ) ;
#7129 =( LENGTH_UNIT ( ) NAMED_UNIT ( * ) SI_UNIT ( .MILLI., .METRE. ) );
#7130 = CARTESIAN_POINT ( 'NONE',  ( -6.949999999999999289, -1.055665328710549522, -4.018698629005419853 ) ) ;
#7131 = PLANE ( 'NONE',  #1018 ) ;
#7132 = UNCERTAINTY_MEASURE_WITH_UNIT (LENGTH_MEASURE( 1.000000000000000082E-05 ), #690, 'distance_accuracy_value', 'NONE');
#7133 = PRESENTATION_LAYER_ASSIGNMENT (  '', '', ( #6039 ) ) ;
#7134 = ORIENTED_EDGE ( 'NONE', *, *, #4962, .F. ) ;
#7135 = AXIS2_PLACEMENT_3D ( 'NONE', #4220, #226, #5168 ) ;
#7136 = FACE_OUTER_BOUND ( 'NONE', #2313, .T. ) ;
#7137 = CARTESIAN_POINT ( 'NONE',  ( -0.6700000000000004841, -1.374999999999998890, -4.039106398383939478 ) ) ;
#7138 = LINE ( 'NONE', #7273, #583 ) ;
#7139 =( LENGTH_UNIT ( ) NAMED_UNIT ( * ) SI_UNIT ( .MILLI., .METRE. ) );
#7140 = CARTESIAN_POINT ( 'NONE',  ( 6.949999999999999289, -0.1568111475989498460, -3.745646205093807080 ) ) ;
#7141 =( NAMED_UNIT ( * ) SI_UNIT ( $, .STERADIAN. ) SOLID_ANGLE_UNIT ( ) );
#7142 = ORIENTED_EDGE ( 'NONE', *, *, #6505, .F. ) ;
#7143 = PLANE ( 'NONE',  #1467 ) ;
#7144 = MANIFOLD_SOLID_BREP ( 'Cut-Extrude3[4]', #8890 ) ;
#7146 =( NAMED_UNIT ( * ) SI_UNIT ( $, .STERADIAN. ) SOLID_ANGLE_UNIT ( ) );
#7145 = DIRECTION ( 'NONE',  ( 0.2193360129683985527, -0.9736631258226969843, 0.06222403738348494112 ) ) ;
#7147 = SURFACE_STYLE_FILL_AREA ( #7722 ) ;
#7148 = DIRECTION ( 'NONE',  ( -1.000000000000000000, 0.000000000000000000, -0.000000000000000000 ) ) ;
#7149 = VERTEX_POINT ( 'NONE', #7908 ) ;
#7150 = AXIS2_PLACEMENT_3D ( 'NONE', #2710, #1853, #5214 ) ;
#7151 = ADVANCED_FACE ( 'NONE', ( #2834 ), #3084, .F. ) ;
#7152 = VECTOR ( 'NONE', #1380, 1000.000000000000000 ) ;
#7153 = CARTESIAN_POINT ( 'NONE',  ( 6.949999999999999289, 0.1099999999999998618, -3.897297636193110648 ) ) ;
#7154 = LINE ( 'NONE', #4202, #9041 ) ;
#7155 = ORIENTED_EDGE ( 'NONE', *, *, #4939, .F. ) ;
#7156 = CARTESIAN_POINT ( 'NONE',  ( 4.060000000000001386, -4.674999999999999822, -4.250000000000000888 ) ) ;
#7157 = DIRECTION ( 'NONE',  ( 0.3810585913066867891, -0.9245508909688874288, 0.000000000000000000 ) ) ;
#7158 = VECTOR ( 'NONE', #9430, 1000.000000000000000 ) ;
#7159 =( GEOMETRIC_REPRESENTATION_CONTEXT ( 3 ) GLOBAL_UNCERTAINTY_ASSIGNED_CONTEXT ( ( #4531 ) ) GLOBAL_UNIT_ASSIGNED_CONTEXT ( ( #6888, #7600, #2817 ) ) REPRESENTATION_CONTEXT ( 'NONE', 'WORKASPACE' ) );
#7160 = FILL_AREA_STYLE_COLOUR ( '', #7575 ) ;
#7161 = ORIENTED_EDGE ( 'NONE', *, *, #1754, .F. ) ;
#7162 = VERTEX_POINT ( 'NONE', #10425 ) ;
#7163 = FACE_OUTER_BOUND ( 'NONE', #9631, .T. ) ;
#7164 = ORIENTED_EDGE ( 'NONE', *, *, #4371, .T. ) ;
#7165 = CARTESIAN_POINT ( 'NONE',  ( -4.410000000000001030, 0.06000000000000001166, -3.897297636193110648 ) ) ;
#7166 = EDGE_CURVE ( 'NONE', #9482, #10214, #1433, .T. ) ;
#7167 = VECTOR ( 'NONE', #9379, 1000.000000000000000 ) ;
#7168 = EDGE_CURVE ( 'NONE', #5037, #2561, #5738, .T. ) ;
#7169 =( NAMED_UNIT ( * ) PLANE_ANGLE_UNIT ( ) SI_UNIT ( $, .RADIAN. ) );
#7170 = VERTEX_POINT ( 'NONE', #6343 ) ;
#7171 = CARTESIAN_POINT ( 'NONE',  ( -6.878063832607380412, -1.374999999999998890, -3.823497185254834729 ) ) ;
#7172 = FACE_OUTER_BOUND ( 'NONE', #8498, .T. ) ;
#7173 = DIRECTION ( 'NONE',  ( 0.000000000000000000, -0.9979641717745812990, 0.06377704802100926662 ) ) ;
#7174 = ORIENTED_EDGE ( 'NONE', *, *, #633, .F. ) ;
#7175 =( GEOMETRIC_REPRESENTATION_CONTEXT ( 3 ) GLOBAL_UNCERTAINTY_ASSIGNED_CONTEXT ( ( #3672 ) ) GLOBAL_UNIT_ASSIGNED_CONTEXT ( ( #9310, #10250, #8091 ) ) REPRESENTATION_CONTEXT ( 'NONE', 'WORKASPACE' ) );
#7176 = CIRCLE ( 'NONE', #3258, 0.05000000000000012768 ) ;
#7177 = CARTESIAN_POINT ( 'NONE',  ( 5.750000000000000000, 0.06000000000000001166, 3.897297636193110648 ) ) ;
#7178 = DIRECTION ( 'NONE',  ( -0.000000000000000000, 0.9979641717745812990, -0.06377704802100912784 ) ) ;
#7179 = STYLED_ITEM ( 'NONE', ( #4980 ), #7297 ) ;
#7180 = ORIENTED_EDGE ( 'NONE', *, *, #5063, .T. ) ;
#7181 = EDGE_LOOP ( 'NONE', ( #8054, #6429, #9766, #403 ) ) ;
#7182 = EDGE_CURVE ( 'NONE', #6618, #3542, #5606, .T. ) ;
#7183 = VECTOR ( 'NONE', #802, 1000.000000000000000 ) ;
#7184 = ORIENTED_EDGE ( 'NONE', *, *, #1261, .F. ) ;
#7185 = FACE_OUTER_BOUND ( 'NONE', #7437, .T. ) ;
#7186 = CARTESIAN_POINT ( 'NONE',  ( 1.870000000000000107, 0.06000000000000001166, -3.897297636193110648 ) ) ;
#7187 = FACE_OUTER_BOUND ( 'NONE', #6311, .T. ) ;
#7188 = EDGE_CURVE ( 'NONE', #7846, #5221, #6892, .T. ) ;
#7189 = CARTESIAN_POINT ( 'NONE',  ( 9.115000000000000213, -0.1099999999999999312, -3.695747996505077460 ) ) ;
#7190 = MECHANICAL_DESIGN_GEOMETRIC_PRESENTATION_REPRESENTATION (  '', ( #9146 ), #10426 ) ;
#7191 = DIRECTION ( 'NONE',  ( -1.000000000000000000, 0.000000000000000000, 0.000000000000000000 ) ) ;
#7192 = ORIENTED_EDGE ( 'NONE', *, *, #6296, .F. ) ;
#7193 = ORIENTED_EDGE ( 'NONE', *, *, #5280, .F. ) ;
#7194 = ORIENTED_EDGE ( 'NONE', *, *, #8232, .T. ) ;
#7195 =( GEOMETRIC_REPRESENTATION_CONTEXT ( 3 ) GLOBAL_UNCERTAINTY_ASSIGNED_CONTEXT ( ( #3168 ) ) GLOBAL_UNIT_ASSIGNED_CONTEXT ( ( #1391, #6463, #7233 ) ) REPRESENTATION_CONTEXT ( 'NONE', 'WORKASPACE' ) );
#7196 = CARTESIAN_POINT ( 'NONE',  ( 1.520000000000000462, -4.675000000000000711, 4.034390786870893919 ) ) ;
#7197 = DIRECTION ( 'NONE',  ( 0.000000000000000000, 0.000000000000000000, 1.000000000000000000 ) ) ;
#7198 =( GEOMETRIC_REPRESENTATION_CONTEXT ( 3 ) GLOBAL_UNCERTAINTY_ASSIGNED_CONTEXT ( ( #3368 ) ) GLOBAL_UNIT_ASSIGNED_CONTEXT ( ( #7343, #9845, #4151 ) ) REPRESENTATION_CONTEXT ( 'NONE', 'WORKASPACE' ) );
#7199 = ADVANCED_FACE ( 'NONE', ( #9785 ), #782, .F. ) ;
#7200 = UNCERTAINTY_MEASURE_WITH_UNIT (LENGTH_MEASURE( 1.000000000000000082E-05 ), #9458, 'distance_accuracy_value', 'NONE');
#7201 = COLOUR_RGB ( '',0.7529411764705882248, 0.7529411764705882248, 0.7529411764705882248 ) ;
#7202 = DIRECTION ( 'NONE',  ( 0.000000000000000000, 0.9979641717745812990, -0.06377704802100914172 ) ) ;
#7203 = ORIENTED_EDGE ( 'NONE', *, *, #10011, .F. ) ;
#7204 = VERTEX_POINT ( 'NONE', #7156 ) ;
#7205 = ORIENTED_EDGE ( 'NONE', *, *, #9875, .T. ) ;
#7206 =( LENGTH_UNIT ( ) NAMED_UNIT ( * ) SI_UNIT ( .MILLI., .METRE. ) );
#7207 = SURFACE_STYLE_USAGE ( .BOTH. , #833 ) ;
#7208 = PRESENTATION_LAYER_ASSIGNMENT (  '', '', ( #7538 ) ) ;
#7209 = LINE ( 'NONE', #7990, #1257 ) ;
#7210 = AXIS2_PLACEMENT_3D ( 'NONE', #8822, #3904, #9882 ) ;
#7211 = CLOSED_SHELL ( 'NONE', ( #384, #5531, #855, #2806, #8347, #6991, #2035, #5273, #7595, #1014, #6353, #3363, #3954, #331, #7867, #5482 ) ) ;
#7212 = SURFACE_SIDE_STYLE ('',( #5652 ) ) ;
#7213 = VERTEX_POINT ( 'NONE', #7189 ) ;
#7214 = PRESENTATION_STYLE_ASSIGNMENT (( #7207 ) ) ;
#7215 = FACE_OUTER_BOUND ( 'NONE', #10199, .T. ) ;
#7216 = CARTESIAN_POINT ( 'NONE',  ( -1.519999999999999574, -1.374999999999998890, -4.250000000000000888 ) ) ;
#7217 = DIRECTION ( 'NONE',  ( 1.000000000000000000, 0.000000000000000000, 0.000000000000000000 ) ) ;
#7218 = CARTESIAN_POINT ( 'NONE',  ( 1.520000000000000462, 0.06318885240105015511, 3.947195844781839824 ) ) ;
#7219 = ORIENTED_EDGE ( 'NONE', *, *, #2968, .T. ) ;
#7220 = AXIS2_PLACEMENT_3D ( 'NONE', #1707, #5009, #2599 ) ;
#7221 = PLANE ( 'NONE',  #10185 ) ;
#7222 = CARTESIAN_POINT ( 'NONE',  ( 8.421615491570639378, -1.374999999999999556, -4.250000000000000888 ) ) ;
#7223 = CARTESIAN_POINT ( 'NONE',  ( -4.410000000000001030, 0.06318885240105015511, -3.947195844781839824 ) ) ;
#7224 = ORIENTED_EDGE ( 'NONE', *, *, #2551, .F. ) ;
#7225 = CIRCLE ( 'NONE', #2857, 0.05000000000000012768 ) ;
#7226 = SURFACE_STYLE_FILL_AREA ( #9309 ) ;
#7227 = CARTESIAN_POINT ( 'NONE',  ( -6.099999999999999645, -4.674999999999999822, -4.250000000000000888 ) ) ;
#7228 = VECTOR ( 'NONE', #9665, 1000.000000000000000 ) ;
#7229 = EDGE_CURVE ( 'NONE', #1140, #1387, #5872, .T. ) ;
#7230 = DIRECTION ( 'NONE',  ( -0.000000000000000000, 0.9979641717745812990, -0.06377704802100912784 ) ) ;
#7231 = ORIENTED_EDGE ( 'NONE', *, *, #3311, .T. ) ;
#7232 = LINE ( 'NONE', #7996, #3182 ) ;
#7233 =( NAMED_UNIT ( * ) SI_UNIT ( $, .STERADIAN. ) SOLID_ANGLE_UNIT ( ) );
#7234 = COLOUR_RGB ( '',0.7529411764705882248, 0.7529411764705882248, 0.7529411764705882248 ) ;
#7235 = CARTESIAN_POINT ( 'NONE',  ( -1.870000000000000107, -0.1100000000000000006, 3.550000000000000266 ) ) ;
#7236 =( GEOMETRIC_REPRESENTATION_CONTEXT ( 3 ) GLOBAL_UNCERTAINTY_ASSIGNED_CONTEXT ( ( #2723 ) ) GLOBAL_UNIT_ASSIGNED_CONTEXT ( ( #5419, #2448, #9396 ) ) REPRESENTATION_CONTEXT ( 'NONE', 'WORKASPACE' ) );
#7237 = EDGE_LOOP ( 'NONE', ( #11, #2555, #10183, #6064 ) ) ;
#7238 = DIRECTION ( 'NONE',  ( -0.000000000000000000, -0.000000000000000000, 1.000000000000000000 ) ) ;
#7239 = EDGE_CURVE ( 'NONE', #4021, #1012, #7005, .T. ) ;
#7240 = CARTESIAN_POINT ( 'NONE',  ( -6.599999999999999645, -4.674999999999999822, 4.249999999999999112 ) ) ;
#7241 = EDGE_LOOP ( 'NONE', ( #6155, #7884, #5016, #5174 ) ) ;
#7242 = DIRECTION ( 'NONE',  ( 1.000000000000000000, 0.000000000000000000, 0.000000000000000000 ) ) ;
#7243 = CARTESIAN_POINT ( 'NONE',  ( -8.665000000000000924, -1.374999999999999556, -4.250000000000000888 ) ) ;
#7244 = FACE_OUTER_BOUND ( 'NONE', #851, .T. ) ;
#7245 = VECTOR ( 'NONE', #3527, 1000.000000000000227 ) ;
#7246 = EDGE_CURVE ( 'NONE', #1620, #1701, #7255, .T. ) ;
#7247 = ADVANCED_FACE ( 'NONE', ( #8502 ), #4131, .F. ) ;
#7248 = AXIS2_PLACEMENT_3D ( 'NONE', #9053, #9763, #4933 ) ;
#7249 = EDGE_CURVE ( 'NONE', #2274, #4311, #8630, .T. ) ;
#7250 = ORIENTED_EDGE ( 'NONE', *, *, #4654, .F. ) ;
#7251 = FILL_AREA_STYLE ('',( #2406 ) ) ;
#7252 = CLOSED_SHELL ( 'NONE', ( #5289, #4156, #7699, #7800, #9456, #8885, #5706, #906, #1775, #1063, #5542, #10239, #1617, #2526, #4871, #9520 ) ) ;
#7253 = CARTESIAN_POINT ( 'NONE',  ( -0.6700000000000004841, -0.1568111475989498460, -3.745646205093807080 ) ) ;
#7254 = DIRECTION ( 'NONE',  ( 0.000000000000000000, -4.022841720910280989E-15, 1.000000000000000000 ) ) ;
#7255 = LINE ( 'NONE', #9018, #2449 ) ;
#7256 = LINE ( 'NONE', #3541, #2702 ) ;
#7257 = UNCERTAINTY_MEASURE_WITH_UNIT (LENGTH_MEASURE( 1.000000000000000082E-05 ), #6570, 'distance_accuracy_value', 'NONE');
#7258 =( LENGTH_UNIT ( ) NAMED_UNIT ( * ) SI_UNIT ( .MILLI., .METRE. ) );
#7259 = ORIENTED_EDGE ( 'NONE', *, *, #4463, .T. ) ;
#7260 = SURFACE_STYLE_USAGE ( .BOTH. , #8845 ) ;
#7261 = DIRECTION ( 'NONE',  ( -0.000000000000000000, -0.000000000000000000, 1.000000000000000000 ) ) ;
#7262 =( NAMED_UNIT ( * ) SI_UNIT ( $, .STERADIAN. ) SOLID_ANGLE_UNIT ( ) );
#7263 = PRESENTATION_LAYER_ASSIGNMENT (  '', '', ( #3660 ) ) ;
#7264 = CARTESIAN_POINT ( 'NONE',  ( 5.750000000000000000, 0.06318885240105015511, -3.947195844781839824 ) ) ;
#7265 = DIRECTION ( 'NONE',  ( 0.000000000000000000, 1.000000000000000000, 0.000000000000000000 ) ) ;
#7266 = AXIS2_PLACEMENT_3D ( 'NONE', #6364, #765, #3943 ) ;
#7267 = FACE_OUTER_BOUND ( 'NONE', #4332, .T. ) ;
#7268 = CARTESIAN_POINT ( 'NONE',  ( 9.999999999999998224, 0.1100000000000000006, -3.549999999999999378 ) ) ;
#7269 = ORIENTED_EDGE ( 'NONE', *, *, #753, .F. ) ;
#7270 = CARTESIAN_POINT ( 'NONE',  ( 5.821936167392620654, -1.374999999999998890, -4.039106398383939478 ) ) ;
#7271 = PRESENTATION_STYLE_ASSIGNMENT (( #8177 ) ) ;
#7272 =( NAMED_UNIT ( * ) PLANE_ANGLE_UNIT ( ) SI_UNIT ( $, .RADIAN. ) );
#7273 = CARTESIAN_POINT ( 'NONE',  ( 9.490000000000000213, -0.1100000000000000006, 3.695747996505077460 ) ) ;
#7274 = LINE ( 'NONE', #10092, #2725 ) ;
#7275 = CARTESIAN_POINT ( 'NONE',  ( -3.210000000000000853, -0.1568111475989498460, -3.745646205093807080 ) ) ;
#7276 = FILL_AREA_STYLE_COLOUR ( '', #10245 ) ;
#7277 = DIRECTION ( 'NONE',  ( 0.000000000000000000, 0.000000000000000000, 1.000000000000000000 ) ) ;
#7278 = ORIENTED_EDGE ( 'NONE', *, *, #9461, .T. ) ;
#7279 = STYLED_ITEM ( 'NONE', ( #9344 ), #2581 ) ;
#7280 = VERTEX_POINT ( 'NONE', #108 ) ;
#7281 = AXIS2_PLACEMENT_3D ( 'NONE', #2584, #6546, #9014 ) ;
#7282 = CARTESIAN_POINT ( 'NONE',  ( 3.560000000000000497, -1.374999999999998890, -4.250000000000000888 ) ) ;
#7283 = FILL_AREA_STYLE_COLOUR ( '', #7661 ) ;
#7284 = DIRECTION ( 'NONE',  ( -0.000000000000000000, -0.9979641717745812990, 0.06377704802100926662 ) ) ;
#7285 = ORIENTED_EDGE ( 'NONE', *, *, #5356, .F. ) ;
#7286 = VECTOR ( 'NONE', #3456, 1000.000000000000000 ) ;
#7287 = SURFACE_SIDE_STYLE ('',( #5807 ) ) ;
#7288 = EDGE_LOOP ( 'NONE', ( #3588, #1713, #1603, #4341 ) ) ;
#7289 = ORIENTED_EDGE ( 'NONE', *, *, #6428, .F. ) ;
#7290 =( GEOMETRIC_REPRESENTATION_CONTEXT ( 3 ) GLOBAL_UNCERTAINTY_ASSIGNED_CONTEXT ( ( #10358 ) ) GLOBAL_UNIT_ASSIGNED_CONTEXT ( ( #8138, #3312, #6439 ) ) REPRESENTATION_CONTEXT ( 'NONE', 'WORKASPACE' ) );
#7291 = FACE_OUTER_BOUND ( 'NONE', #8916, .T. ) ;
#7292 = EDGE_CURVE ( 'NONE', #9366, #10328, #6497, .T. ) ;
#7293 = VECTOR ( 'NONE', #781, 1000.000000000000000 ) ;
#7294 = CARTESIAN_POINT ( 'NONE',  ( 3.209999999999999964, 0.06000000000000001166, -3.897297636193110648 ) ) ;
#7295 = FILL_AREA_STYLE_COLOUR ( '', #9157 ) ;
#7296 = DIRECTION ( 'NONE',  ( 0.9755535465928818484, 0.2197618659596111135, 0.000000000000000000 ) ) ;
#7297 = ADVANCED_FACE ( 'NONE', ( #4594 ), #4993, .F. ) ;
#7298 = VERTEX_POINT ( 'NONE', #8193 ) ;
#7299 = FACE_OUTER_BOUND ( 'NONE', #5268, .T. ) ;
#7300 = EDGE_CURVE ( 'NONE', #8031, #3722, #8894, .T. ) ;
#7301 = DIRECTION ( 'NONE',  ( 0.000000000000000000, 0.000000000000000000, -1.000000000000000000 ) ) ;
#7302 = FILL_AREA_STYLE_COLOUR ( '', #6824 ) ;
#7303 = CARTESIAN_POINT ( 'NONE',  ( 10.00000000000000000, 0.1100000000000000006, 3.550000000000000266 ) ) ;
#7304 = FILL_AREA_STYLE ('',( #6495 ) ) ;
#7305 = ORIENTED_EDGE ( 'NONE', *, *, #3987, .T. ) ;
#7306 = VERTEX_POINT ( 'NONE', #846 ) ;
#7307 = STYLED_ITEM ( 'NONE', ( #1809 ), #4813 ) ;
#7308 = DIRECTION ( 'NONE',  ( 0.000000000000000000, -0.9979641717745810769, -0.06377704802100964132 ) ) ;
#7309 = FACE_OUTER_BOUND ( 'NONE', #1800, .T. ) ;
#7310 =( NAMED_UNIT ( * ) SI_UNIT ( $, .STERADIAN. ) SOLID_ANGLE_UNIT ( ) );
#7311 = STYLED_ITEM ( 'NONE', ( #7493 ), #7595 ) ;
#7312 = VECTOR ( 'NONE', #5432, 1000.000000000000000 ) ;
#7313 = UNCERTAINTY_MEASURE_WITH_UNIT (LENGTH_MEASURE( 1.000000000000000082E-05 ), #6811, 'distance_accuracy_value', 'NONE');
#7314 = EDGE_CURVE ( 'NONE', #3880, #2650, #575, .T. ) ;
#7316 = ORIENTED_EDGE ( 'NONE', *, *, #3688, .T. ) ;
#7315 = CARTESIAN_POINT ( 'NONE',  ( -10.00000000000000000, 0.1100000000000000006, -3.549999999999999378 ) ) ;
#7317 = CARTESIAN_POINT ( 'NONE',  ( 8.290000000000000924, -1.055665328710549522, -4.250000000000000888 ) ) ;
#7318 = CARTESIAN_POINT ( 'NONE',  ( -8.665000000000000924, -1.374999999999999556, -4.250000000000000888 ) ) ;
#7319 = ORIENTED_EDGE ( 'NONE', *, *, #353, .T. ) ;
#7320 = DIRECTION ( 'NONE',  ( 0.000000000000000000, 0.9979641717745812990, 0.06377704802100914172 ) ) ;
#7321 = EDGE_CURVE ( 'NONE', #310, #5642, #332, .T. ) ;
#7322 = DIRECTION ( 'NONE',  ( -0.000000000000000000, 1.000000000000000000, -0.000000000000000000 ) ) ;
#7323 = VERTEX_POINT ( 'NONE', #6625 ) ;
#7324 = DIRECTION ( 'NONE',  ( 0.000000000000000000, -0.9979641717745812990, 0.06377704802100926662 ) ) ;
#7325 = LINE ( 'NONE', #4005, #6833 ) ;
#7326 = STYLED_ITEM ( 'NONE', ( #2398 ), #8670 ) ;
#7327 = ORIENTED_EDGE ( 'NONE', *, *, #825, .T. ) ;
#7328 = VERTEX_POINT ( 'NONE', #4930 ) ;
#7329 = PLANE ( 'NONE',  #804 ) ;
#7330 = VERTEX_POINT ( 'NONE', #75 ) ;
#7331 = PRESENTATION_LAYER_ASSIGNMENT (  '', '', ( #5360 ) ) ;
#7332 = CARTESIAN_POINT ( 'NONE',  ( -6.949999999999999289, 0.1100000000000000006, -3.550000000000000266 ) ) ;
#7333 = SURFACE_SIDE_STYLE ('',( #312 ) ) ;
#7334 = ORIENTED_EDGE ( 'NONE', *, *, #2986, .T. ) ;
#7335 = DIRECTION ( 'NONE',  ( 0.000000000000000000, 0.000000000000000000, 1.000000000000000000 ) ) ;
#7336 = CARTESIAN_POINT ( 'NONE',  ( -8.290000000000000924, -4.674999999999998934, -4.250000000000000888 ) ) ;
#7337 = LINE ( 'NONE', #2497, #1639 ) ;
#7338 = VERTEX_POINT ( 'NONE', #1659 ) ;
#7339 = ORIENTED_EDGE ( 'NONE', *, *, #10217, .F. ) ;
#7340 = DIRECTION ( 'NONE',  ( 1.000000000000000000, -0.000000000000000000, 0.000000000000000000 ) ) ;
#7341 = CARTESIAN_POINT ( 'NONE',  ( -3.210000000000000853, -1.374999999999998890, -4.039106398383939478 ) ) ;
#7342 =( NAMED_UNIT ( * ) SI_UNIT ( $, .STERADIAN. ) SOLID_ANGLE_UNIT ( ) );
#7343 =( LENGTH_UNIT ( ) NAMED_UNIT ( * ) SI_UNIT ( .MILLI., .METRE. ) );
#7344 = SURFACE_SIDE_STYLE ('',( #5042 ) ) ;
#7345 =( NAMED_UNIT ( * ) PLANE_ANGLE_UNIT ( ) SI_UNIT ( $, .RADIAN. ) );
#7346 = FACE_OUTER_BOUND ( 'NONE', #10253, .T. ) ;
#7347 = DIRECTION ( 'NONE',  ( -0.2197618659596110857, -0.9755535465928817374, 0.000000000000000000 ) ) ;
#7348 = VERTEX_POINT ( 'NONE', #8873 ) ;
#7349 = VECTOR ( 'NONE', #8035, 1000.000000000000114 ) ;
#7350 = ADVANCED_FACE ( 'NONE', ( #9518 ), #5659, .F. ) ;
#7351 = CARTESIAN_POINT ( 'NONE',  ( 8.290000000000000924, 0.06000000000000001166, -3.897297636193110648 ) ) ;
#7352 = PLANE ( 'NONE',  #4028 ) ;
#7353 = MECHANICAL_DESIGN_GEOMETRIC_PRESENTATION_REPRESENTATION (  '', ( #2617 ), #6962 ) ;
#7354 = CARTESIAN_POINT ( 'NONE',  ( 5.750000000000000000, -1.055665328710541973, 3.897297636193110648 ) ) ;
#7355 = DIRECTION ( 'NONE',  ( 0.000000000000000000, -1.000000000000000000, 0.000000000000000000 ) ) ;
#7356 = LINE ( 'NONE', #4618, #2036 ) ;
#7357 = DIRECTION ( 'NONE',  ( -1.000000000000000000, -0.000000000000000000, -0.000000000000000000 ) ) ;
#7358 = VERTEX_POINT ( 'NONE', #6517 ) ;
#7359 = EDGE_CURVE ( 'NONE', #2917, #4631, #10267, .T. ) ;
#7360 = LINE ( 'NONE', #1291, #3819 ) ;
#7361 = CARTESIAN_POINT ( 'NONE',  ( 8.290000000000000924, 0.1100000000000000006, 3.550000000000000266 ) ) ;
#7362 = EDGE_CURVE ( 'NONE', #7941, #947, #6754, .T. ) ;
#7363 =( NAMED_UNIT ( * ) PLANE_ANGLE_UNIT ( ) SI_UNIT ( $, .RADIAN. ) );
#7364 = COLOUR_RGB ( '',0.7529411764705882248, 0.7529411764705882248, 0.7529411764705882248 ) ;
#7365 = FACE_OUTER_BOUND ( 'NONE', #2149, .T. ) ;
#7366 = ORIENTED_EDGE ( 'NONE', *, *, #5325, .T. ) ;
#7367 = DIRECTION ( 'NONE',  ( 0.000000000000000000, -0.9979641717745812990, 0.06377704802100926662 ) ) ;
#7368 = AXIS2_PLACEMENT_3D ( 'NONE', #5585, #739, #6476 ) ;
#7369 = SURFACE_STYLE_USAGE ( .BOTH. , #1706 ) ;
#7370 = VERTEX_POINT ( 'NONE', #3520 ) ;
#7371 = LINE ( 'NONE', #1890, #8764 ) ;
#7372 = AXIS2_PLACEMENT_3D ( 'NONE', #2020, #7562, #6851 ) ;
#7373 = CARTESIAN_POINT ( 'NONE',  ( -3.281936167392618842, -1.374999999999998668, 3.823497185254836062 ) ) ;
#7374 = VECTOR ( 'NONE', #6694, 1000.000000000000000 ) ;
#7375 = DIRECTION ( 'NONE',  ( -1.000000000000000000, -0.000000000000000000, -0.000000000000000000 ) ) ;
#7376 = CARTESIAN_POINT ( 'NONE',  ( 3.281936167392619730, -1.374999999999998890, -4.250000000000000888 ) ) ;
#7377 = EDGE_CURVE ( 'NONE', #737, #2881, #8122, .T. ) ;
#7378 =( LENGTH_UNIT ( ) NAMED_UNIT ( * ) SI_UNIT ( .MILLI., .METRE. ) );
#7379 = CARTESIAN_POINT ( 'NONE',  ( -0.6700000000000004841, 0.1100000000000000006, -3.550000000000000266 ) ) ;
#7380 = CARTESIAN_POINT ( 'NONE',  ( 1.870000000000000107, 0.06000000000000001166, -3.897297636193110648 ) ) ;
#7381 = VERTEX_POINT ( 'NONE', #9089 ) ;
#7382 = LINE ( 'NONE', #8759, #4870 ) ;
#7383 = EDGE_CURVE ( 'NONE', #759, #8106, #5475, .T. ) ;
#7384 = COLOUR_RGB ( '',0.7529411764705882248, 0.7529411764705882248, 0.7529411764705882248 ) ;
#7385 = UNCERTAINTY_MEASURE_WITH_UNIT (LENGTH_MEASURE( 1.000000000000000082E-05 ), #6378, 'distance_accuracy_value', 'NONE');
#7386 = DIRECTION ( 'NONE',  ( -0.000000000000000000, -0.000000000000000000, 1.000000000000000000 ) ) ;
#7387 = CARTESIAN_POINT ( 'NONE',  ( 0.6700000000000004841, 0.1100000000000000006, -3.550000000000000266 ) ) ;
#7388 = LINE ( 'NONE', #8329, #5614 ) ;
#7389 = ORIENTED_EDGE ( 'NONE', *, *, #9987, .T. ) ;
#7390 =( LENGTH_UNIT ( ) NAMED_UNIT ( * ) SI_UNIT ( .MILLI., .METRE. ) );
#7391 = STYLED_ITEM ( 'NONE', ( #4904 ), #384 ) ;
#7392 = SURFACE_STYLE_FILL_AREA ( #7061 ) ;
#7393 = PLANE ( 'NONE',  #3589 ) ;
#7394 = DIRECTION ( 'NONE',  ( -1.000000000000000000, -0.000000000000000000, -0.000000000000000000 ) ) ;
#7395 = VECTOR ( 'NONE', #2263, 1000.000000000000000 ) ;
#7396 = SURFACE_SIDE_STYLE ('',( #1883 ) ) ;
#7397 = CARTESIAN_POINT ( 'NONE',  ( 3.281936167392619730, -1.374999999999998890, -4.250000000000000888 ) ) ;
#7398 = DIRECTION ( 'NONE',  ( -1.000000000000000000, -0.000000000000000000, -0.000000000000000000 ) ) ;
#7399 = FACE_OUTER_BOUND ( 'NONE', #4043, .T. ) ;
#7400 = ORIENTED_EDGE ( 'NONE', *, *, #8645, .F. ) ;
#7401 = ADVANCED_FACE ( 'NONE', ( #2189 ), #5915, .F. ) ;
#7402 =( GEOMETRIC_REPRESENTATION_CONTEXT ( 3 ) GLOBAL_UNCERTAINTY_ASSIGNED_CONTEXT ( ( #2654 ) ) GLOBAL_UNIT_ASSIGNED_CONTEXT ( ( #9472, #3079, #10350 ) ) REPRESENTATION_CONTEXT ( 'NONE', 'WORKASPACE' ) );
#7403 = CARTESIAN_POINT ( 'NONE',  ( 1.870000000000000107, 0.06318885240105015511, -3.947195844781839824 ) ) ;
#7404 = SURFACE_STYLE_FILL_AREA ( #4316 ) ;
#7405 =( NAMED_UNIT ( * ) SI_UNIT ( $, .STERADIAN. ) SOLID_ANGLE_UNIT ( ) );
#7406 = AXIS2_PLACEMENT_3D ( 'NONE', #8095, #4073, #2456 ) ;
#7407 = DIRECTION ( 'NONE',  ( 0.000000000000000000, -0.000000000000000000, -1.000000000000000000 ) ) ;
#7408 = ORIENTED_EDGE ( 'NONE', *, *, #2762, .F. ) ;
#7409 = EDGE_LOOP ( 'NONE', ( #9143, #9995, #5643, #3027, #8494, #1787, #1149, #4106, #9764, #3778 ) ) ;
#7410 = CARTESIAN_POINT ( 'NONE',  ( 3.210000000000000853, -1.055665328710549522, 3.803089415876315993 ) ) ;
#7411 = CARTESIAN_POINT ( 'NONE',  ( -5.750000000000000000, -0.1568111475989498460, 3.745646205093807080 ) ) ;
#7412 = EDGE_LOOP ( 'NONE', ( #9937, #4757, #5612, #9784 ) ) ;
#7413 = LINE ( 'NONE', #4567, #5516 ) ;
#7414 =( GEOMETRIC_REPRESENTATION_CONTEXT ( 3 ) GLOBAL_UNCERTAINTY_ASSIGNED_CONTEXT ( ( #1115 ) ) GLOBAL_UNIT_ASSIGNED_CONTEXT ( ( #3237, #3371, #9809 ) ) REPRESENTATION_CONTEXT ( 'NONE', 'WORKASPACE' ) );
#7415 = VERTEX_POINT ( 'NONE', #7528 ) ;
#7416 = ORIENTED_EDGE ( 'NONE', *, *, #292, .F. ) ;
#7417 = DIRECTION ( 'NONE',  ( -1.000000000000000000, -0.000000000000000000, -0.000000000000000000 ) ) ;
#7418 = COLOUR_RGB ( '',0.7529411764705882248, 0.7529411764705882248, 0.7529411764705882248 ) ;
#7419 = CARTESIAN_POINT ( 'NONE',  ( -0.6700000000000004841, 0.1100000000000000006, -3.550000000000000266 ) ) ;
#7420 = PLANE ( 'NONE',  #6518 ) ;
#7421 = CARTESIAN_POINT ( 'NONE',  ( 0.6700000000000004841, 0.1099999999999998618, 3.897297636193110648 ) ) ;
#7422 = EDGE_CURVE ( 'NONE', #5953, #6266, #3820, .T. ) ;
#7423 = DIRECTION ( 'NONE',  ( -1.000000000000000000, -0.000000000000000000, -0.000000000000000000 ) ) ;
#7424 = CARTESIAN_POINT ( 'NONE',  ( 0.6700000000000004841, 0.06318885240105015511, -3.947195844781839824 ) ) ;
#7425 = ORIENTED_EDGE ( 'NONE', *, *, #1146, .T. ) ;
#7426 = ORIENTED_EDGE ( 'NONE', *, *, #4529, .F. ) ;
#7427 = ORIENTED_EDGE ( 'NONE', *, *, #10217, .T. ) ;
#7428 = MECHANICAL_DESIGN_GEOMETRIC_PRESENTATION_REPRESENTATION (  '', ( #5810 ), #6356 ) ;
#7429 = EDGE_LOOP ( 'NONE', ( #1812, #9981, #6859, #5634 ) ) ;
#7430 = DIRECTION ( 'NONE',  ( 0.000000000000000000, 0.06377704802100914172, -0.9979641717745812990 ) ) ;
#7431 = CARTESIAN_POINT ( 'NONE',  ( 4.410000000000000142, 0.1100000000000000006, 3.550000000000000266 ) ) ;
#7432 =( LENGTH_UNIT ( ) NAMED_UNIT ( * ) SI_UNIT ( .MILLI., .METRE. ) );
#7433 = VECTOR ( 'NONE', #7862, 1000.000000000000000 ) ;
#7434 = VECTOR ( 'NONE', #1469, 1000.000000000000000 ) ;
#7435 = CARTESIAN_POINT ( 'NONE',  ( -8.290000000000000924, -1.374999999999999556, 4.039106398383938590 ) ) ;
#7436 = ORIENTED_EDGE ( 'NONE', *, *, #5729, .T. ) ;
#7437 = EDGE_LOOP ( 'NONE', ( #10436, #82, #8103, #7128 ) ) ;
#7438 = EDGE_CURVE ( 'NONE', #6021, #5548, #9386, .T. ) ;
#7439 = FILL_AREA_STYLE ('',( #932 ) ) ;
#7440 = CARTESIAN_POINT ( 'NONE',  ( -0.6700000000000004841, 0.1099999999999998618, 3.897297636193110648 ) ) ;
#7441 = DIRECTION ( 'NONE',  ( -1.000000000000000000, 0.000000000000000000, -0.000000000000000000 ) ) ;
#7442 = LINE ( 'NONE', #9786, #3634 ) ;
#7443 = EDGE_CURVE ( 'NONE', #2072, #10086, #6745, .T. ) ;
#7444 = UNCERTAINTY_MEASURE_WITH_UNIT (LENGTH_MEASURE( 1.000000000000000082E-05 ), #7066, 'distance_accuracy_value', 'NONE');
#7445 = CARTESIAN_POINT ( 'NONE',  ( -3.281936167392618398, -1.374999999999998668, 4.039106398383939478 ) ) ;
#7446 = STYLED_ITEM ( 'NONE', ( #1914 ), #5327 ) ;
#7447 = EDGE_CURVE ( 'NONE', #1247, #4490, #2177, .T. ) ;
#7448 = SURFACE_SIDE_STYLE ('',( #10038 ) ) ;
#7449 = DIRECTION ( 'NONE',  ( 0.000000000000000000, -0.000000000000000000, -1.000000000000000000 ) ) ;
#7450 = VERTEX_POINT ( 'NONE', #7463 ) ;
#7451 = ORIENTED_EDGE ( 'NONE', *, *, #9957, .T. ) ;
#7452 = PRESENTATION_LAYER_ASSIGNMENT (  '', '', ( #4747 ) ) ;
#7453 = ADVANCED_FACE ( 'NONE', ( #2056 ), #8334, .F. ) ;
#7454 = EDGE_CURVE ( 'NONE', #4285, #10060, #8883, .T. ) ;
#7455 = CYLINDRICAL_SURFACE ( 'NONE', #5385, 0.05000000000000012768 ) ;
#7456 = CARTESIAN_POINT ( 'NONE',  ( -6.949999999999999289, -0.1100000000000000006, 3.695747996505077460 ) ) ;
#7457 = VECTOR ( 'NONE', #1633, 1000.000000000000000 ) ;
#7458 = UNCERTAINTY_MEASURE_WITH_UNIT (LENGTH_MEASURE( 1.000000000000000082E-05 ), #6679, 'distance_accuracy_value', 'NONE');
#7459 = FACE_OUTER_BOUND ( 'NONE', #7074, .T. ) ;
#7460 = VERTEX_POINT ( 'NONE', #6731 ) ;
#7461 = ORIENTED_EDGE ( 'NONE', *, *, #4588, .T. ) ;
#7462 = VERTEX_POINT ( 'NONE', #7421 ) ;
#7463 = CARTESIAN_POINT ( 'NONE',  ( 1.798063832607381451, -1.374999999999998668, 3.823497185254835173 ) ) ;
#7464 = SURFACE_SIDE_STYLE ('',( #4030 ) ) ;
#7465 = PLANE ( 'NONE',  #424 ) ;
#7466 = ORIENTED_EDGE ( 'NONE', *, *, #5463, .F. ) ;
#7467 = CYLINDRICAL_SURFACE ( 'NONE', #9230, 0.05000000000000012768 ) ;
#7468 = PRESENTATION_LAYER_ASSIGNMENT (  '', '', ( #6389 ) ) ;
#7469 = DIRECTION ( 'NONE',  ( -0.2193360129683985527, 0.9736631258226969843, -0.06222403738348480234 ) ) ;
#7470 = VERTEX_POINT ( 'NONE', #1110 ) ;
#7471 = CARTESIAN_POINT ( 'NONE',  ( -7.085012788258550742, -0.4563247477326366486, 3.764787266265075427 ) ) ;
#7472 = VERTEX_POINT ( 'NONE', #2691 ) ;
#7473 =( NAMED_UNIT ( * ) PLANE_ANGLE_UNIT ( ) SI_UNIT ( $, .RADIAN. ) );
#7474 = LINE ( 'NONE', #3503, #5326 ) ;
#7475 = ORIENTED_EDGE ( 'NONE', *, *, #2557, .F. ) ;
#7476 = AXIS2_PLACEMENT_3D ( 'NONE', #1955, #7603, #1185 ) ;
#7477 = PRESENTATION_LAYER_ASSIGNMENT (  '', '', ( #8549 ) ) ;
#7478 = CARTESIAN_POINT ( 'NONE',  ( 4.060000000000001386, -4.674999999999999822, 4.249999999999999112 ) ) ;
#7479 = ORIENTED_EDGE ( 'NONE', *, *, #8301, .T. ) ;
#7480 = DIRECTION ( 'NONE',  ( -1.000000000000000000, -0.000000000000000000, -0.000000000000000000 ) ) ;
#7481 = LINE ( 'NONE', #1390, #3303 ) ;
#7482 = CARTESIAN_POINT ( 'NONE',  ( 1.020000000000000018, -1.374999999999999112, -4.039106398383939478 ) ) ;
#7483 = EDGE_LOOP ( 'NONE', ( #8439, #7184, #6702, #36 ) ) ;
#7484 = CARTESIAN_POINT ( 'NONE',  ( 10.00000000000000000, 0.1100000000000000006, 3.550000000000000266 ) ) ;
#7485 = EDGE_LOOP ( 'NONE', ( #6526, #5809, #2109, #8726 ) ) ;
#7486 = PLANE ( 'NONE',  #6081 ) ;
#7487 = AXIS2_PLACEMENT_3D ( 'NONE', #6938, #654, #5465 ) ;
#7488 = EDGE_CURVE ( 'NONE', #5307, #428, #8110, .T. ) ;
#7489 = SURFACE_SIDE_STYLE ('',( #4910 ) ) ;
#7490 = DIRECTION ( 'NONE',  ( -1.000000000000000000, -0.000000000000000000, -0.000000000000000000 ) ) ;
#7491 = PRESENTATION_STYLE_ASSIGNMENT (( #5319 ) ) ;
#7492 = CARTESIAN_POINT ( 'NONE',  ( -5.750000000000000000, -0.1100000000000000006, -3.550000000000000266 ) ) ;
#7493 = PRESENTATION_STYLE_ASSIGNMENT (( #9329 ) ) ;
#7494 = VECTOR ( 'NONE', #8296, 1000.000000000000000 ) ;
#7495 = CARTESIAN_POINT ( 'NONE',  ( 1.020000000000000018, -1.374999999999998890, -4.250000000000000888 ) ) ;
#7496 = VERTEX_POINT ( 'NONE', #9897 ) ;
#7497 = EDGE_CURVE ( 'NONE', #6621, #2535, #67, .T. ) ;
#7498 = CARTESIAN_POINT ( 'NONE',  ( 1.870000000000000107, -1.374999999999998668, -3.823497185254834729 ) ) ;
#7499 = VERTEX_POINT ( 'NONE', #9925 ) ;
#7500 = EDGE_CURVE ( 'NONE', #506, #487, #8369, .T. ) ;
#7501 = DIRECTION ( 'NONE',  ( 0.000000000000000000, -0.9979641717745812990, 0.06377704802100926662 ) ) ;
#7502 = PLANE ( 'NONE',  #1579 ) ;
#7503 = DIRECTION ( 'NONE',  ( 0.000000000000000000, -0.9979641717745812990, 0.06377704802100914172 ) ) ;
#7504 = PRESENTATION_STYLE_ASSIGNMENT (( #431 ) ) ;
#7505 = ADVANCED_FACE ( 'NONE', ( #4584 ), #6904, .F. ) ;
#7506 = SURFACE_STYLE_FILL_AREA ( #5564 ) ;
#7507 = DIRECTION ( 'NONE',  ( 0.000000000000000000, 0.000000000000000000, 1.000000000000000000 ) ) ;
#7508 = MECHANICAL_DESIGN_GEOMETRIC_PRESENTATION_REPRESENTATION (  '', ( #2776 ), #1881 ) ;
#7509 = FACE_OUTER_BOUND ( 'NONE', #8676, .T. ) ;
#7510 =( NAMED_UNIT ( * ) SI_UNIT ( $, .STERADIAN. ) SOLID_ANGLE_UNIT ( ) );
#7511 = ORIENTED_EDGE ( 'NONE', *, *, #8104, .T. ) ;
#7512 =( GEOMETRIC_REPRESENTATION_CONTEXT ( 3 ) GLOBAL_UNCERTAINTY_ASSIGNED_CONTEXT ( ( #7751 ) ) GLOBAL_UNIT_ASSIGNED_CONTEXT ( ( #9544, #3149, #3185 ) ) REPRESENTATION_CONTEXT ( 'NONE', 'WORKASPACE' ) );
#7513 = CARTESIAN_POINT ( 'NONE',  ( 4.410000000000000142, 0.06000000000000001166, 3.897297636193110648 ) ) ;
#7514 = COLOUR_RGB ( '',0.7529411764705882248, 0.7529411764705882248, 0.7529411764705882248 ) ;
#7515 = CARTESIAN_POINT ( 'NONE',  ( 9.115000000000000213, 0.1100000000000000006, 3.550000000000000266 ) ) ;
#7516 = EDGE_CURVE ( 'NONE', #7213, #435, #5345, .T. ) ;
#7517 = FACE_OUTER_BOUND ( 'NONE', #2720, .T. ) ;
#7518 = VECTOR ( 'NONE', #8913, 999.9999999999998863 ) ;
#7519 = UNCERTAINTY_MEASURE_WITH_UNIT (LENGTH_MEASURE( 1.000000000000000082E-05 ), #10288, 'distance_accuracy_value', 'NONE');
#7520 = CARTESIAN_POINT ( 'NONE',  ( -5.750000000000000000, -1.055665328710549522, -4.018698629005419853 ) ) ;
#7521 = LINE ( 'NONE', #4855, #3712 ) ;
#7522 = EDGE_CURVE ( 'NONE', #894, #2242, #6111, .T. ) ;
#7523 = ORIENTED_EDGE ( 'NONE', *, *, #4386, .F. ) ;
#7524 = STYLED_ITEM ( 'NONE', ( #4825 ), #6017 ) ;
#7525 = VECTOR ( 'NONE', #1206, 1000.000000000000000 ) ;
#7526 = STYLED_ITEM ( 'NONE', ( #7094 ), #8503 ) ;
#7527 = CARTESIAN_POINT ( 'NONE',  ( -8.290000000000000924, -0.1568111475989498460, -3.745646205093807080 ) ) ;
#7528 = CARTESIAN_POINT ( 'NONE',  ( -3.210000000000000853, 0.06318885240105015511, -3.947195844781839824 ) ) ;
#7529 = ORIENTED_EDGE ( 'NONE', *, *, #8592, .F. ) ;
#7530 = AXIS2_PLACEMENT_3D ( 'NONE', #3836, #7968, #7070 ) ;
#7531 = CARTESIAN_POINT ( 'NONE',  ( 1.020000000000000018, -1.374999999999999112, 3.823497185254834285 ) ) ;
#7532 = VERTEX_POINT ( 'NONE', #8537 ) ;
#7533 = PLANE ( 'NONE',  #8473 ) ;
#7534 = EDGE_LOOP ( 'NONE', ( #3870, #9179, #9816, #10145 ) ) ;
#7535 = LINE ( 'NONE', #3422, #7899 ) ;
#7536 = ORIENTED_EDGE ( 'NONE', *, *, #2572, .F. ) ;
#7537 = ORIENTED_EDGE ( 'NONE', *, *, #7901, .T. ) ;
#7538 = STYLED_ITEM ( 'NONE', ( #5777 ), #9783 ) ;
#7539 = DIRECTION ( 'NONE',  ( -1.000000000000000000, -0.000000000000000000, -0.000000000000000000 ) ) ;
#7540 = COLOUR_RGB ( '',0.7529411764705882248, 0.7529411764705882248, 0.7529411764705882248 ) ;
#7541 = VECTOR ( 'NONE', #3536, 1000.000000000000000 ) ;
#7542 = FILL_AREA_STYLE_COLOUR ( '', #4807 ) ;
#7543 = ORIENTED_EDGE ( 'NONE', *, *, #1543, .F. ) ;
#7544 = CARTESIAN_POINT ( 'NONE',  ( -1.870000000000000107, 0.06318885240105015511, -3.947195844781839824 ) ) ;
#7545 = ORIENTED_EDGE ( 'NONE', *, *, #2844, .F. ) ;
#7546 = LINE ( 'NONE', #8258, #9955 ) ;
#7547 = ADVANCED_FACE ( 'NONE', ( #7244 ), #10089, .T. ) ;
#7548 = ORIENTED_EDGE ( 'NONE', *, *, #4100, .T. ) ;
#7549 = EDGE_LOOP ( 'NONE', ( #430, #248, #6380, #2413 ) ) ;
#7550 =( LENGTH_UNIT ( ) NAMED_UNIT ( * ) SI_UNIT ( .MILLI., .METRE. ) );
#7551 = DIRECTION ( 'NONE',  ( 0.000000000000000000, 0.9979641717745812990, -0.06377704802100926662 ) ) ;
#7552 = DIRECTION ( 'NONE',  ( -0.000000000000000000, 1.000000000000000000, 0.000000000000000000 ) ) ;
#7553 = CARTESIAN_POINT ( 'NONE',  ( -9.115000000000000213, -1.374999999999999556, -4.250000000000000888 ) ) ;
#7554 = EDGE_CURVE ( 'NONE', #1561, #1622, #1798, .T. ) ;
#7555 = PRESENTATION_STYLE_ASSIGNMENT (( #5798 ) ) ;
#7556 = DIRECTION ( 'NONE',  ( 1.000000000000000000, 0.000000000000000000, 0.000000000000000000 ) ) ;
#7557 = FACE_OUTER_BOUND ( 'NONE', #1260, .T. ) ;
#7558 = ORIENTED_EDGE ( 'NONE', *, *, #981, .F. ) ;
#7559 = ORIENTED_EDGE ( 'NONE', *, *, #9591, .F. ) ;
#7560 =( NAMED_UNIT ( * ) SI_UNIT ( $, .STERADIAN. ) SOLID_ANGLE_UNIT ( ) );
#7561 = UNCERTAINTY_MEASURE_WITH_UNIT (LENGTH_MEASURE( 1.000000000000000082E-05 ), #4242, 'distance_accuracy_value', 'NONE');
#7562 = DIRECTION ( 'NONE',  ( 0.000000000000000000, 0.06377704802100914172, -0.9979641717745812990 ) ) ;
#7563 = EDGE_CURVE ( 'NONE', #475, #6946, #1922, .T. ) ;
#7564 = VECTOR ( 'NONE', #3193, 1000.000000000000000 ) ;
#7565 = CARTESIAN_POINT ( 'NONE',  ( 3.209999999999999964, -1.055665328710545747, 4.018698629005418965 ) ) ;
#7566 = VECTOR ( 'NONE', #7191, 1000.000000000000000 ) ;
#7567 = ORIENTED_EDGE ( 'NONE', *, *, #5747, .F. ) ;
#7568 = PLANE ( 'NONE',  #3773 ) ;
#7569 = DIRECTION ( 'NONE',  ( 0.000000000000000000, -1.084202172485501673E-15, -1.000000000000000000 ) ) ;
#7570 = DIRECTION ( 'NONE',  ( 0.1710878697460355147, -0.9702875252478139201, -0.1710878697460355424 ) ) ;
#7571 = CARTESIAN_POINT ( 'NONE',  ( 9.490000000000000213, -0.1100000000000000006, 3.550000000000000266 ) ) ;
#7572 = EDGE_CURVE ( 'NONE', #5562, #1419, #9899, .T. ) ;
#7573 = AXIS2_PLACEMENT_3D ( 'NONE', #3269, #3161, #8959 ) ;
#7574 = PLANE ( 'NONE',  #1759 ) ;
#7575 = COLOUR_RGB ( '',0.7529411764705882248, 0.7529411764705882248, 0.7529411764705882248 ) ;
#7576 = CIRCLE ( 'NONE', #5494, 0.04999999999999969746 ) ;
#7577 = PRESENTATION_LAYER_ASSIGNMENT (  '', '', ( #10285 ) ) ;
#7578 = ORIENTED_EDGE ( 'NONE', *, *, #9343, .F. ) ;
#7579 = EDGE_LOOP ( 'NONE', ( #6277, #7729, #3338, #4471, #4275, #4976, #3383, #1104, #4051, #6794 ) ) ;
#7580 = ORIENTED_EDGE ( 'NONE', *, *, #9940, .F. ) ;
#7581 =( NAMED_UNIT ( * ) PLANE_ANGLE_UNIT ( ) SI_UNIT ( $, .RADIAN. ) );
#7582 = DIRECTION ( 'NONE',  ( 1.000000000000000000, 0.000000000000000000, -0.000000000000000000 ) ) ;
#7583 = VECTOR ( 'NONE', #3837, 1000.000000000000000 ) ;
#7584 = LINE ( 'NONE', #4574, #5448 ) ;
#7585 = SURFACE_STYLE_USAGE ( .BOTH. , #7489 ) ;
#7586 = DIRECTION ( 'NONE',  ( -0.000000000000000000, 0.06377704802100914172, 0.9979641717745812990 ) ) ;
#7587 = VERTEX_POINT ( 'NONE', #1939 ) ;
#7588 = SURFACE_STYLE_USAGE ( .BOTH. , #4342 ) ;
#7589 = DIRECTION ( 'NONE',  ( 0.000000000000000000, -0.06377704802100965520, 0.9979641717745812990 ) ) ;
#7590 = PRESENTATION_LAYER_ASSIGNMENT (  '', '', ( #1636 ) ) ;
#7591 = LINE ( 'NONE', #3158, #6986 ) ;
#7592 = PRESENTATION_LAYER_ASSIGNMENT (  '', '', ( #6531 ) ) ;
#7593 = VECTOR ( 'NONE', #2367, 1000.000000000000000 ) ;
#7594 = DIRECTION ( 'NONE',  ( 0.000000000000000000, -0.06377704802100965520, 0.9979641717745812990 ) ) ;
#7595 = ADVANCED_FACE ( 'NONE', ( #1297 ), #2077, .F. ) ;
#7596 = VECTOR ( 'NONE', #10325, 1000.000000000000000 ) ;
#7597 = ORIENTED_EDGE ( 'NONE', *, *, #425, .T. ) ;
#7598 = DIRECTION ( 'NONE',  ( 0.000000000000000000, -0.000000000000000000, 1.000000000000000000 ) ) ;
#7599 = ORIENTED_EDGE ( 'NONE', *, *, #633, .T. ) ;
#7600 =( NAMED_UNIT ( * ) PLANE_ANGLE_UNIT ( ) SI_UNIT ( $, .RADIAN. ) );
#7601 = AXIS2_PLACEMENT_3D ( 'NONE', #9215, #5186, #1398 ) ;
#7602 = EDGE_LOOP ( 'NONE', ( #8952, #9669, #986, #1848 ) ) ;
#7603 = DIRECTION ( 'NONE',  ( -0.000000000000000000, 1.000000000000000000, 0.000000000000000000 ) ) ;
#7604 = VECTOR ( 'NONE', #214, 1000.000000000000227 ) ;
#7605 = ORIENTED_EDGE ( 'NONE', *, *, #2777, .F. ) ;
#7606 = ORIENTED_EDGE ( 'NONE', *, *, #2154, .T. ) ;
#7607 = CARTESIAN_POINT ( 'NONE',  ( 4.410000000000000142, -1.055665328710553519, -3.897297636193110648 ) ) ;
#7608 = EDGE_LOOP ( 'NONE', ( #9740, #8458, #4164, #2991 ) ) ;
#7609 = SURFACE_STYLE_FILL_AREA ( #8151 ) ;
#7610 = VECTOR ( 'NONE', #8748, 1000.000000000000000 ) ;
#7611 = DIRECTION ( 'NONE',  ( 0.000000000000000000, 0.000000000000000000, 1.000000000000000000 ) ) ;
#7612 = CARTESIAN_POINT ( 'NONE',  ( 3.281936167392619730, -1.374999999999998890, -3.823497185254834729 ) ) ;
#7613 = PRESENTATION_LAYER_ASSIGNMENT (  '', '', ( #10326 ) ) ;
#7614 = EDGE_CURVE ( 'NONE', #6114, #4506, #6372, .T. ) ;
#7615 =( LENGTH_UNIT ( ) NAMED_UNIT ( * ) SI_UNIT ( .MILLI., .METRE. ) );
#7616 = PLANE ( 'NONE',  #2951 ) ;
#7617 = ORIENTED_EDGE ( 'NONE', *, *, #6909, .F. ) ;
#7618 = DIRECTION ( 'NONE',  ( -0.000000000000000000, 1.000000000000000000, 0.000000000000000000 ) ) ;
#7619 = PLANE ( 'NONE',  #6528 ) ;
#7620 = CARTESIAN_POINT ( 'NONE',  ( 1.870000000000000107, 0.06318885240105015511, 3.947195844781839824 ) ) ;
#7621 = UNCERTAINTY_MEASURE_WITH_UNIT (LENGTH_MEASURE( 1.000000000000000082E-05 ), #7935, 'distance_accuracy_value', 'NONE');
#7622 = VECTOR ( 'NONE', #7947, 1000.000000000000114 ) ;
#7623 = EDGE_CURVE ( 'NONE', #8562, #4365, #198, .T. ) ;
#7624 = DIRECTION ( 'NONE',  ( 1.000000000000000000, 0.000000000000000000, 0.000000000000000000 ) ) ;
#7625 = LINE ( 'NONE', #1106, #1442 ) ;
#7626 = CLOSED_SHELL ( 'NONE', ( #805, #8729, #7640, #9246, #5492, #7961, #4481, #2996, #5129, #9466, #8600, #8081, #7453 ) ) ;
#7627 = VECTOR ( 'NONE', #8914, 1000.000000000000000 ) ;
#7628 =( NAMED_UNIT ( * ) PLANE_ANGLE_UNIT ( ) SI_UNIT ( $, .RADIAN. ) );
#7629 = PRESENTATION_LAYER_ASSIGNMENT (  '', '', ( #8322 ) ) ;
#7630 = EDGE_CURVE ( 'NONE', #1994, #6610, #6996, .T. ) ;
#7631 = FACE_OUTER_BOUND ( 'NONE', #5071, .T. ) ;
#7632 = DIRECTION ( 'NONE',  ( 0.000000000000000000, 1.000000000000000000, 0.000000000000000000 ) ) ;
#7633 = SURFACE_SIDE_STYLE ('',( #6874 ) ) ;
#7634 = AXIS2_PLACEMENT_3D ( 'NONE', #3106, #1614, #8077 ) ;
#7635 = ORIENTED_EDGE ( 'NONE', *, *, #2959, .F. ) ;
#7636 = EDGE_CURVE ( 'NONE', #4365, #6621, #4852, .T. ) ;
#7637 = LINE ( 'NONE', #7712, #1827 ) ;
#7638 = PRESENTATION_STYLE_ASSIGNMENT (( #1977 ) ) ;
#7639 = DIRECTION ( 'NONE',  ( -1.000000000000000000, 0.000000000000000000, 0.000000000000000000 ) ) ;
#7640 = ADVANCED_FACE ( 'NONE', ( #6873 ), #3183, .F. ) ;
#7641 = ORIENTED_EDGE ( 'NONE', *, *, #1331, .F. ) ;
#7642 = ORIENTED_EDGE ( 'NONE', *, *, #5254, .F. ) ;
#7643 = VECTOR ( 'NONE', #2809, 1000.000000000000000 ) ;
#7644 = ORIENTED_EDGE ( 'NONE', *, *, #6717, .T. ) ;
#7645 = APPLICATION_PROTOCOL_DEFINITION ( 'draft international standard', 'automotive_design', 1998, #4436 ) ;
#7646 = LINE ( 'NONE', #6040, #10050 ) ;
#7647 =( NAMED_UNIT ( * ) PLANE_ANGLE_UNIT ( ) SI_UNIT ( $, .RADIAN. ) );
#7648 =( GEOMETRIC_REPRESENTATION_CONTEXT ( 3 ) GLOBAL_UNCERTAINTY_ASSIGNED_CONTEXT ( ( #8593 ) ) GLOBAL_UNIT_ASSIGNED_CONTEXT ( ( #156, #967, #7405 ) ) REPRESENTATION_CONTEXT ( 'NONE', 'WORKASPACE' ) );
#7649 =( NAMED_UNIT ( * ) SI_UNIT ( $, .STERADIAN. ) SOLID_ANGLE_UNIT ( ) );
#7650 =( LENGTH_UNIT ( ) NAMED_UNIT ( * ) SI_UNIT ( .MILLI., .METRE. ) );
#7651 = FILL_AREA_STYLE ('',( #2829 ) ) ;
#7652 =( GEOMETRIC_REPRESENTATION_CONTEXT ( 3 ) GLOBAL_UNCERTAINTY_ASSIGNED_CONTEXT ( ( #478 ) ) GLOBAL_UNIT_ASSIGNED_CONTEXT ( ( #7062, #3862, #8707 ) ) REPRESENTATION_CONTEXT ( 'NONE', 'WORKASPACE' ) );
#7653 = FILL_AREA_STYLE ('',( #2871 ) ) ;
#7654 = CARTESIAN_POINT ( 'NONE',  ( 4.410000000000000142, -1.374999999999998890, 4.039106398383938590 ) ) ;
#7655 = ORIENTED_EDGE ( 'NONE', *, *, #5543, .T. ) ;
#7656 = VECTOR ( 'NONE', #1120, 1000.000000000000000 ) ;
#7657 = ORIENTED_EDGE ( 'NONE', *, *, #4519, .F. ) ;
#7658 = VECTOR ( 'NONE', #320, 1000.000000000000000 ) ;
#7659 = DIRECTION ( 'NONE',  ( -1.000000000000000000, -0.000000000000000000, -0.000000000000000000 ) ) ;
#7660 = SURFACE_STYLE_USAGE ( .BOTH. , #3633 ) ;
#7661 = COLOUR_RGB ( '',0.7529411764705882248, 0.7529411764705882248, 0.7529411764705882248 ) ;
#7662 = STYLED_ITEM ( 'NONE', ( #921 ), #2153 ) ;
#7663 =( GEOMETRIC_REPRESENTATION_CONTEXT ( 3 ) GLOBAL_UNCERTAINTY_ASSIGNED_CONTEXT ( ( #5111 ) ) GLOBAL_UNIT_ASSIGNED_CONTEXT ( ( #9568, #406, #7680 ) ) REPRESENTATION_CONTEXT ( 'NONE', 'WORKASPACE' ) );
#7664 = CARTESIAN_POINT ( 'NONE',  ( 3.209999999999999964, 0.1100000000000000006, -3.550000000000000266 ) ) ;
#7665 = CARTESIAN_POINT ( 'NONE',  ( -6.949999999999999289, 0.06000000000000001166, -3.897297636193110648 ) ) ;
#7666 = ORIENTED_EDGE ( 'NONE', *, *, #1619, .F. ) ;
#7667 = VECTOR ( 'NONE', #7178, 1000.000000000000000 ) ;
#7668 = CARTESIAN_POINT ( 'NONE',  ( 6.100000000000001421, -1.374999999999999112, -4.039106398383939478 ) ) ;
#7669 =( LENGTH_UNIT ( ) NAMED_UNIT ( * ) SI_UNIT ( .MILLI., .METRE. ) );
#7670 = ORIENTED_EDGE ( 'NONE', *, *, #1882, .F. ) ;
#7671 = VECTOR ( 'NONE', #3806, 1000.000000000000000 ) ;
#7672 = CARTESIAN_POINT ( 'NONE',  ( -0.7419361673926183620, -1.374999999999998890, -4.250000000000000888 ) ) ;
#7673 =( NAMED_UNIT ( * ) PLANE_ANGLE_UNIT ( ) SI_UNIT ( $, .RADIAN. ) );
#7674 = DIRECTION ( 'NONE',  ( -1.000000000000000000, -0.000000000000000000, -0.000000000000000000 ) ) ;
#7675 = ORIENTED_EDGE ( 'NONE', *, *, #1416, .T. ) ;
#7676 = ORIENTED_EDGE ( 'NONE', *, *, #9385, .F. ) ;
#7677 = AXIS2_PLACEMENT_3D ( 'NONE', #8545, #9372, #10166 ) ;
#7678 = SURFACE_SIDE_STYLE ('',( #2894 ) ) ;
#7679 = LINE ( 'NONE', #3320, #8328 ) ;
#7680 =( NAMED_UNIT ( * ) SI_UNIT ( $, .STERADIAN. ) SOLID_ANGLE_UNIT ( ) );
#7681 = DIRECTION ( 'NONE',  ( -1.000000000000000000, 0.000000000000000000, -0.000000000000000000 ) ) ;
#7682 = ORIENTED_EDGE ( 'NONE', *, *, #8166, .T. ) ;
#7683 = EDGE_CURVE ( 'NONE', #4161, #1227, #3421, .T. ) ;
#7684 = CARTESIAN_POINT ( 'NONE',  ( 1.798063832607381451, -1.374999999999998890, -4.250000000000000888 ) ) ;
#7685 = ORIENTED_EDGE ( 'NONE', *, *, #1611, .F. ) ;
#7686 = EDGE_CURVE ( 'NONE', #7716, #9543, #5588, .T. ) ;
#7687 =( LENGTH_UNIT ( ) NAMED_UNIT ( * ) SI_UNIT ( .MILLI., .METRE. ) );
#7688 =( NAMED_UNIT ( * ) SI_UNIT ( $, .STERADIAN. ) SOLID_ANGLE_UNIT ( ) );
#7689 = VECTOR ( 'NONE', #6234, 1000.000000000000000 ) ;
#7690 = VERTEX_POINT ( 'NONE', #8640 ) ;
#7691 = UNCERTAINTY_MEASURE_WITH_UNIT (LENGTH_MEASURE( 1.000000000000000082E-05 ), #7129, 'distance_accuracy_value', 'NONE');
#7692 = DIRECTION ( 'NONE',  ( -1.000000000000000000, -0.000000000000000000, -0.000000000000000000 ) ) ;
#7693 = ORIENTED_EDGE ( 'NONE', *, *, #483, .F. ) ;
#7695 = ORIENTED_EDGE ( 'NONE', *, *, #2902, .T. ) ;
#7694 = DIRECTION ( 'NONE',  ( 1.000000000000000000, 0.000000000000000000, 0.000000000000000000 ) ) ;
#7696 = CARTESIAN_POINT ( 'NONE',  ( -6.099999999999999645, -1.374999999999998890, -4.250000000000000888 ) ) ;
#7697 = DIRECTION ( 'NONE',  ( 0.000000000000000000, 0.000000000000000000, -1.000000000000000000 ) ) ;
#7698 = ORIENTED_EDGE ( 'NONE', *, *, #6973, .T. ) ;
#7699 = ADVANCED_FACE ( 'NONE', ( #4570 ), #6478, .T. ) ;
#7700 = MECHANICAL_DESIGN_GEOMETRIC_PRESENTATION_REPRESENTATION (  '', ( #6850 ), #5010 ) ;
#7701 = CARTESIAN_POINT ( 'NONE',  ( -6.949999999999999289, -0.1100000000000000006, -3.695747996505077460 ) ) ;
#7702 =( NAMED_UNIT ( * ) SI_UNIT ( $, .STERADIAN. ) SOLID_ANGLE_UNIT ( ) );
#7703 = EDGE_CURVE ( 'NONE', #9797, #1642, #2934, .T. ) ;
#7704 = FACE_OUTER_BOUND ( 'NONE', #9902, .T. ) ;
#7705 = DIRECTION ( 'NONE',  ( 0.000000000000000000, -0.06377704802100926662, -0.9979641717745812990 ) ) ;
#7706 = FACE_OUTER_BOUND ( 'NONE', #6046, .T. ) ;
#7707 =( NAMED_UNIT ( * ) PLANE_ANGLE_UNIT ( ) SI_UNIT ( $, .RADIAN. ) );
#7708 = PRESENTATION_STYLE_ASSIGNMENT (( #1221 ) ) ;
#7709 = FACE_OUTER_BOUND ( 'NONE', #7783, .T. ) ;
#7710 = ORIENTED_EDGE ( 'NONE', *, *, #10344, .F. ) ;
#7711 = EDGE_CURVE ( 'NONE', #534, #3548, #6987, .T. ) ;
#7712 = CARTESIAN_POINT ( 'NONE',  ( -4.338063832607380377, -1.374999999999998890, -4.250000000000000888 ) ) ;
#7713 = ADVANCED_FACE ( 'NONE', ( #4841 ), #1340, .F. ) ;
#7714 = CARTESIAN_POINT ( 'NONE',  ( 6.949999999999999289, 0.1100000000000000006, 3.550000000000000266 ) ) ;
#7715 = PRESENTATION_STYLE_ASSIGNMENT (( #2250 ) ) ;
#7716 = VERTEX_POINT ( 'NONE', #10264 ) ;
#7717 = PRESENTATION_LAYER_ASSIGNMENT (  '', '', ( #3055 ) ) ;
#7718 = LINE ( 'NONE', #9710, #1405 ) ;
#7719 = ORIENTED_EDGE ( 'NONE', *, *, #5017, .F. ) ;
#7720 = FACE_OUTER_BOUND ( 'NONE', #7863, .T. ) ;
#7721 = VECTOR ( 'NONE', #757, 1000.000000000000227 ) ;
#7722 = FILL_AREA_STYLE ('',( #10049 ) ) ;
#7723 = CARTESIAN_POINT ( 'NONE',  ( -5.750000000000000000, -0.1568111475989498460, -3.745646205093807080 ) ) ;
#7724 = ORIENTED_EDGE ( 'NONE', *, *, #1616, .F. ) ;
#7725 = DIRECTION ( 'NONE',  ( 1.000000000000000000, 0.000000000000000000, 0.000000000000000000 ) ) ;
#7726 =( NAMED_UNIT ( * ) SI_UNIT ( $, .STERADIAN. ) SOLID_ANGLE_UNIT ( ) );
#7727 = CARTESIAN_POINT ( 'NONE',  ( -3.210000000000000853, 0.1100000000000000006, -3.550000000000000266 ) ) ;
#7728 =( LENGTH_UNIT ( ) NAMED_UNIT ( * ) SI_UNIT ( .MILLI., .METRE. ) );
#7729 = ORIENTED_EDGE ( 'NONE', *, *, #8260, .T. ) ;
#7730 =( GEOMETRIC_REPRESENTATION_CONTEXT ( 3 ) GLOBAL_UNCERTAINTY_ASSIGNED_CONTEXT ( ( #8403 ) ) GLOBAL_UNIT_ASSIGNED_CONTEXT ( ( #5956, #1877, #7560 ) ) REPRESENTATION_CONTEXT ( 'NONE', 'WORKASPACE' ) );
#7731 = ORIENTED_EDGE ( 'NONE', *, *, #3177, .T. ) ;
#7732 = DIRECTION ( 'NONE',  ( 0.000000000000000000, 0.000000000000000000, 1.000000000000000000 ) ) ;
#7733 = FILL_AREA_STYLE_COLOUR ( '', #2481 ) ;
#7734 = VECTOR ( 'NONE', #6043, 1000.000000000000000 ) ;
#7735 = VECTOR ( 'NONE', #1967, 1000.000000000000000 ) ;
#7736 = FILL_AREA_STYLE_COLOUR ( '', #7384 ) ;
#7737 = ORIENTED_EDGE ( 'NONE', *, *, #6785, .F. ) ;
#7738 = CARTESIAN_POINT ( 'NONE',  ( 6.600000000000001421, -4.674999999999999822, -4.250000000000000888 ) ) ;
#7739 =( NAMED_UNIT ( * ) SI_UNIT ( $, .STERADIAN. ) SOLID_ANGLE_UNIT ( ) );
#7740 = CARTESIAN_POINT ( 'NONE',  ( -4.338063832607380377, -1.374999999999998890, -4.039106398383939478 ) ) ;
#7741 = ORIENTED_EDGE ( 'NONE', *, *, #2281, .T. ) ;
#7742 = STYLED_ITEM ( 'NONE', ( #8567 ), #2686 ) ;
#7743 = COLOUR_RGB ( '',0.7529411764705882248, 0.7529411764705882248, 0.7529411764705882248 ) ;
#7744 =( LENGTH_UNIT ( ) NAMED_UNIT ( * ) SI_UNIT ( .MILLI., .METRE. ) );
#7745 = CARTESIAN_POINT ( 'NONE',  ( -4.410000000000001030, 0.1100000000000000006, 3.550000000000000266 ) ) ;
#7746 = DIRECTION ( 'NONE',  ( 0.000000000000000000, -0.9979641717745812990, 0.06377704802100914172 ) ) ;
#7747 = VECTOR ( 'NONE', #2292, 1000.000000000000000 ) ;
#7748 = VERTEX_POINT ( 'NONE', #3772 ) ;
#7749 = ADVANCED_FACE ( 'NONE', ( #551 ), #7894, .T. ) ;
#7750 = EDGE_CURVE ( 'NONE', #2361, #2522, #3680, .T. ) ;
#7751 = UNCERTAINTY_MEASURE_WITH_UNIT (LENGTH_MEASURE( 1.000000000000000082E-05 ), #9544, 'distance_accuracy_value', 'NONE');
#7752 = CARTESIAN_POINT ( 'NONE',  ( -3.210000000000000853, -4.674999999999998934, -4.250000000000000888 ) ) ;
#7753 = CARTESIAN_POINT ( 'NONE',  ( -8.290000000000000924, 0.06000000000000001166, 3.897297636193110648 ) ) ;
#7754 = DIRECTION ( 'NONE',  ( 0.000000000000000000, 0.000000000000000000, 1.000000000000000000 ) ) ;
#7755 = LINE ( 'NONE', #8943, #8272 ) ;
#7756 = ORIENTED_EDGE ( 'NONE', *, *, #8874, .T. ) ;
#7757 = VECTOR ( 'NONE', #4498, 1000.000000000000114 ) ;
#7758 = ADVANCED_FACE ( 'NONE', ( #6358 ), #2187, .F. ) ;
#7759 = EDGE_CURVE ( 'NONE', #5520, #4631, #2046, .T. ) ;
#7760 = SURFACE_STYLE_FILL_AREA ( #1211 ) ;
#7761 = MANIFOLD_SOLID_BREP ( 'Cut-Extrude2[4]', #8197 ) ;
#7762 = DIRECTION ( 'NONE',  ( -1.000000000000000000, -0.000000000000000000, -0.000000000000000000 ) ) ;
#7763 = DIRECTION ( 'NONE',  ( -0.1736481776669303589, -0.9848077530122080203, 0.000000000000000000 ) ) ;
#7764 = DIRECTION ( 'NONE',  ( -1.000000000000000000, 0.000000000000000000, -0.000000000000000000 ) ) ;
#7765 = ORIENTED_EDGE ( 'NONE', *, *, #3553, .F. ) ;
#7766 = SURFACE_STYLE_FILL_AREA ( #2229 ) ;
#7767 = EDGE_CURVE ( 'NONE', #5562, #5505, #5851, .T. ) ;
#7768 = ORIENTED_EDGE ( 'NONE', *, *, #688, .T. ) ;
#7769 = SURFACE_SIDE_STYLE ('',( #3569 ) ) ;
#7770 = DIRECTION ( 'NONE',  ( -1.000000000000000000, -0.000000000000000000, -0.000000000000000000 ) ) ;
#7771 = SURFACE_SIDE_STYLE ('',( #7905 ) ) ;
#7772 =( GEOMETRIC_REPRESENTATION_CONTEXT ( 3 ) GLOBAL_UNCERTAINTY_ASSIGNED_CONTEXT ( ( #1053 ) ) GLOBAL_UNIT_ASSIGNED_CONTEXT ( ( #3790, #2126, #1421 ) ) REPRESENTATION_CONTEXT ( 'NONE', 'WORKASPACE' ) );
#7773 = EDGE_CURVE ( 'NONE', #699, #2872, #7718, .T. ) ;
#7774 = LINE ( 'NONE', #2396, #9172 ) ;
#7775 = FACE_OUTER_BOUND ( 'NONE', #10168, .T. ) ;
#7776 =( NAMED_UNIT ( * ) SI_UNIT ( $, .STERADIAN. ) SOLID_ANGLE_UNIT ( ) );
#7777 = AXIS2_PLACEMENT_3D ( 'NONE', #1037, #1893, #5966 ) ;
#7778 = DIRECTION ( 'NONE',  ( -0.000000000000000000, -0.000000000000000000, 1.000000000000000000 ) ) ;
#7779 = ORIENTED_EDGE ( 'NONE', *, *, #5417, .F. ) ;
#7780 = AXIS2_PLACEMENT_3D ( 'NONE', #10192, #7034, #2184 ) ;
#7781 = DIRECTION ( 'NONE',  ( 0.000000000000000000, -0.000000000000000000, 1.000000000000000000 ) ) ;
#7782 = DIRECTION ( 'NONE',  ( 0.000000000000000000, 0.000000000000000000, -1.000000000000000000 ) ) ;
#7783 = EDGE_LOOP ( 'NONE', ( #9311, #1344, #4199, #1685, #3666, #2148, #10132, #9320, #7693, #7305 ) ) ;
#7784 = ORIENTED_EDGE ( 'NONE', *, *, #3356, .T. ) ;
#7785 = DIRECTION ( 'NONE',  ( -0.2197618659596110857, -0.9755535465928817374, 0.000000000000000000 ) ) ;
#7786 = VECTOR ( 'NONE', #2585, 1000.000000000000000 ) ;
#7787 = FILL_AREA_STYLE ('',( #440 ) ) ;
#7788 = ORIENTED_EDGE ( 'NONE', *, *, #6025, .F. ) ;
#7789 = CARTESIAN_POINT ( 'NONE',  ( -1.798063832607380563, -1.374999999999998890, -4.250000000000000888 ) ) ;
#7790 = ORIENTED_EDGE ( 'NONE', *, *, #6442, .T. ) ;
#7791 =( NAMED_UNIT ( * ) PLANE_ANGLE_UNIT ( ) SI_UNIT ( $, .RADIAN. ) );
#7792 = ORIENTED_EDGE ( 'NONE', *, *, #3907, .T. ) ;
#7793 =( LENGTH_UNIT ( ) NAMED_UNIT ( * ) SI_UNIT ( .MILLI., .METRE. ) );
#7794 = AXIS2_PLACEMENT_3D ( 'NONE', #6057, #1163, #1128 ) ;
#7795 = CARTESIAN_POINT ( 'NONE',  ( 6.949999999999999289, -1.374999999999998668, -3.823497185254834729 ) ) ;
#7796 = ORIENTED_EDGE ( 'NONE', *, *, #9927, .F. ) ;
#7797 = EDGE_LOOP ( 'NONE', ( #7366, #4633, #4683, #3949 ) ) ;
#7798 = CARTESIAN_POINT ( 'NONE',  ( 4.410000000000000142, -1.374999999999998890, -4.039106398383939478 ) ) ;
#7799 = CARTESIAN_POINT ( 'NONE',  ( 8.290000000000000924, 0.1100000000000000006, 3.550000000000000266 ) ) ;
#7800 = ADVANCED_FACE ( 'NONE', ( #1167 ), #4047, .F. ) ;
#7801 = DIRECTION ( 'NONE',  ( 0.000000000000000000, -1.000000000000000000, 0.000000000000000000 ) ) ;
#7802 = LINE ( 'NONE', #9282, #5416 ) ;
#7803 = MECHANICAL_DESIGN_GEOMETRIC_PRESENTATION_REPRESENTATION (  '', ( #4779 ), #9441 ) ;
#7804 = FILL_AREA_STYLE_COLOUR ( '', #3210 ) ;
#7805 = CARTESIAN_POINT ( 'NONE',  ( -3.281936167392618842, -1.374999999999998668, -3.823497185254835173 ) ) ;
#7806 = VECTOR ( 'NONE', #4805, 1000.000000000000000 ) ;
#7807 = CARTESIAN_POINT ( 'NONE',  ( 4.338063832607382153, -1.374999999999998890, -4.250000000000000888 ) ) ;
#7808 = ORIENTED_EDGE ( 'NONE', *, *, #7767, .F. ) ;
#7809 = DIRECTION ( 'NONE',  ( 0.000000000000000000, -0.000000000000000000, 1.000000000000000000 ) ) ;
#7810 = UNCERTAINTY_MEASURE_WITH_UNIT (LENGTH_MEASURE( 1.000000000000000082E-05 ), #10272, 'distance_accuracy_value', 'NONE');
#7811 = ORIENTED_EDGE ( 'NONE', *, *, #2920, .T. ) ;
#7812 = LINE ( 'NONE', #1725, #6830 ) ;
#7813 = ADVANCED_FACE ( 'NONE', ( #9624 ), #3983, .F. ) ;
#7814 =( LENGTH_UNIT ( ) NAMED_UNIT ( * ) SI_UNIT ( .MILLI., .METRE. ) );
#7815 = LINE ( 'NONE', #186, #3031 ) ;
#7816 = SURFACE_STYLE_FILL_AREA ( #9623 ) ;
#7817 = DIRECTION ( 'NONE',  ( 0.000000000000000000, 1.000000000000000000, 0.000000000000000000 ) ) ;
#7818 = EDGE_LOOP ( 'NONE', ( #3608, #9978, #6712, #4824 ) ) ;
#7819 = AXIS2_PLACEMENT_3D ( 'NONE', #3581, #7552, #1937 ) ;
#7820 = EDGE_CURVE ( 'NONE', #5253, #8294, #4179, .T. ) ;
#7821 =( LENGTH_UNIT ( ) NAMED_UNIT ( * ) SI_UNIT ( .MILLI., .METRE. ) );
#7822 = CARTESIAN_POINT ( 'NONE',  ( 8.290000000000000924, 0.1100000000000000006, 3.550000000000000266 ) ) ;
#7823 =( NAMED_UNIT ( * ) SI_UNIT ( $, .STERADIAN. ) SOLID_ANGLE_UNIT ( ) );
#7824 = PLANE ( 'NONE',  #3214 ) ;
#7825 = EDGE_CURVE ( 'NONE', #1383, #6937, #1044, .T. ) ;
#7826 = PRESENTATION_STYLE_ASSIGNMENT (( #6384 ) ) ;
#7827 =( NAMED_UNIT ( * ) PLANE_ANGLE_UNIT ( ) SI_UNIT ( $, .RADIAN. ) );
#7828 = FACE_OUTER_BOUND ( 'NONE', #2577, .T. ) ;
#7829 = CARTESIAN_POINT ( 'NONE',  ( -0.6700000000000004841, -1.374999999999998890, 4.039106398383938590 ) ) ;
#7830 = CARTESIAN_POINT ( 'NONE',  ( -1.870000000000000107, 0.06000000000000001166, 3.897297636193110648 ) ) ;
#7831 = EDGE_LOOP ( 'NONE', ( #10455, #8981, #9384, #7792 ) ) ;
#7832 = ORIENTED_EDGE ( 'NONE', *, *, #8166, .F. ) ;
#7833 = PRESENTATION_LAYER_ASSIGNMENT (  '', '', ( #7307 ) ) ;
#7834 = COLOUR_RGB ( '',0.7529411764705882248, 0.7529411764705882248, 0.7529411764705882248 ) ;
#7835 = CARTESIAN_POINT ( 'NONE',  ( 9.999999999999998224, 0.1100000000000000006, -3.549999999999999378 ) ) ;
#7836 = COLOUR_RGB ( '',0.7529411764705882248, 0.7529411764705882248, 0.7529411764705882248 ) ;
#7837 = FACE_OUTER_BOUND ( 'NONE', #7914, .T. ) ;
#7838 = MECHANICAL_DESIGN_GEOMETRIC_PRESENTATION_REPRESENTATION (  '', ( #1287 ), #8518 ) ;
#7839 = VERTEX_POINT ( 'NONE', #9675 ) ;
#7840 = LINE ( 'NONE', #2531, #10117 ) ;
#7841 = CARTESIAN_POINT ( 'NONE',  ( -5.750000000000000000, 0.06000000000000001166, 3.897297636193110648 ) ) ;
#7842 = CARTESIAN_POINT ( 'NONE',  ( 1.870000000000000107, -0.1100000000000000006, -3.695747996505077460 ) ) ;
#7843 = EDGE_CURVE ( 'NONE', #8581, #2136, #1656, .T. ) ;
#7844 = VERTEX_POINT ( 'NONE', #1519 ) ;
#7845 = FACE_OUTER_BOUND ( 'NONE', #90, .T. ) ;
#7846 = VERTEX_POINT ( 'NONE', #1553 ) ;
#7847 = DIRECTION ( 'NONE',  ( 0.000000000000000000, -0.000000000000000000, 1.000000000000000000 ) ) ;
#7848 = FILL_AREA_STYLE ('',( #6246 ) ) ;
#7849 = FILL_AREA_STYLE ('',( #2277 ) ) ;
#7850 = EDGE_CURVE ( 'NONE', #2503, #10362, #8099, .T. ) ;
#7851 =( LENGTH_UNIT ( ) NAMED_UNIT ( * ) SI_UNIT ( .MILLI., .METRE. ) );
#7852 = ORIENTED_EDGE ( 'NONE', *, *, #7522, .T. ) ;
#7853 = STYLED_ITEM ( 'NONE', ( #401 ), #8729 ) ;
#7854 = AXIS2_PLACEMENT_3D ( 'NONE', #7723, #2864, #9390 ) ;
#7855 = PRESENTATION_STYLE_ASSIGNMENT (( #6886 ) ) ;
#7856 = DIRECTION ( 'NONE',  ( -0.000000000000000000, -0.000000000000000000, 1.000000000000000000 ) ) ;
#7857 = VERTEX_POINT ( 'NONE', #4025 ) ;
#7858 = CARTESIAN_POINT ( 'NONE',  ( -0.6700000000000004841, 0.06000000000000001166, 3.897297636193110648 ) ) ;
#7859 = CARTESIAN_POINT ( 'NONE',  ( -8.665000000000000924, -1.374999999999999556, -4.039106398383939478 ) ) ;
#7860 = ORIENTED_EDGE ( 'NONE', *, *, #9950, .F. ) ;
#7861 = CARTESIAN_POINT ( 'NONE',  ( 3.209999999999999964, 0.1100000000000000006, 3.550000000000000266 ) ) ;
#7862 = DIRECTION ( 'NONE',  ( 1.000000000000000000, 0.000000000000000000, 0.000000000000000000 ) ) ;
#7863 = EDGE_LOOP ( 'NONE', ( #1311, #5472, #1332, #5617 ) ) ;
#7864 = DIRECTION ( 'NONE',  ( 0.000000000000000000, 0.000000000000000000, 1.000000000000000000 ) ) ;
#7865 = SURFACE_SIDE_STYLE ('',( #887 ) ) ;
#7866 = SURFACE_STYLE_FILL_AREA ( #6823 ) ;
#7867 = ADVANCED_FACE ( 'NONE', ( #9244 ), #2434, .F. ) ;
#7868 = AXIS2_PLACEMENT_3D ( 'NONE', #945, #3315, #1684 ) ;
#7869 = DIRECTION ( 'NONE',  ( -0.2193360129683985527, -0.9736631258226969843, 0.06222403738348480234 ) ) ;
#7870 = ORIENTED_EDGE ( 'NONE', *, *, #6575, .T. ) ;
#7871 = LINE ( 'NONE', #2630, #3566 ) ;
#7872 = ORIENTED_EDGE ( 'NONE', *, *, #1664, .T. ) ;
#7873 = DIRECTION ( 'NONE',  ( 0.000000000000000000, -0.9979641717745812990, 0.06377704802100926662 ) ) ;
#7874 = COLOUR_RGB ( '',0.7921568627450980005, 0.8196078431372548767, 0.9333333333333333481 ) ;
#7875 = CARTESIAN_POINT ( 'NONE',  ( -7.085012788258550742, -0.4563247477326366486, -3.764787266265075427 ) ) ;
#7876 = STYLED_ITEM ( 'NONE', ( #6583 ), #2996 ) ;
#7877 = VECTOR ( 'NONE', #6795, 1000.000000000000000 ) ;
#7878 = SURFACE_STYLE_USAGE ( .BOTH. , #6573 ) ;
#7879 = VERTEX_POINT ( 'NONE', #3314 ) ;
#7880 = PRESENTATION_STYLE_ASSIGNMENT (( #7995 ) ) ;
#7881 = UNCERTAINTY_MEASURE_WITH_UNIT (LENGTH_MEASURE( 1.000000000000000082E-05 ), #3343, 'distance_accuracy_value', 'NONE');
#7882 = LINE ( 'NONE', #8769, #6262 ) ;
#7883 = EDGE_CURVE ( 'NONE', #7496, #494, #10113, .T. ) ;
#7884 = ORIENTED_EDGE ( 'NONE', *, *, #5471, .F. ) ;
#7885 = EDGE_CURVE ( 'NONE', #4311, #6512, #6085, .T. ) ;
#7886 = SURFACE_STYLE_USAGE ( .BOTH. , #10043 ) ;
#7887 = ORIENTED_EDGE ( 'NONE', *, *, #2013, .F. ) ;
#7888 = DIRECTION ( 'NONE',  ( 1.000000000000000000, 0.000000000000000000, 0.000000000000000000 ) ) ;
#7889 = CARTESIAN_POINT ( 'NONE',  ( -9.115000000000000213, -4.674999999999999822, -4.034390786870895695 ) ) ;
#7890 = CARTESIAN_POINT ( 'NONE',  ( -1.519999999999999574, -4.674999999999999822, -4.034390786870895695 ) ) ;
#7891 = AXIS2_PLACEMENT_3D ( 'NONE', #2971, #10165, #3777 ) ;
#7892 = COLOUR_RGB ( '',0.7529411764705882248, 0.7529411764705882248, 0.7529411764705882248 ) ;
#7893 = LINE ( 'NONE', #6971, #8806 ) ;
#7894 = PLANE ( 'NONE',  #2578 ) ;
#7895 = CARTESIAN_POINT ( 'NONE',  ( -6.949999999999999289, 0.1100000000000000006, -3.550000000000000266 ) ) ;
#7896 = STYLED_ITEM ( 'NONE', ( #9792 ), #7085 ) ;
#7897 = EDGE_LOOP ( 'NONE', ( #1267, #3967, #10047, #2687 ) ) ;
#7898 = ORIENTED_EDGE ( 'NONE', *, *, #5817, .F. ) ;
#7899 = VECTOR ( 'NONE', #264, 1000.000000000000114 ) ;
#7900 = ORIENTED_EDGE ( 'NONE', *, *, #4371, .F. ) ;
#7901 = EDGE_CURVE ( 'NONE', #4403, #7280, #5710, .T. ) ;
#7902 = PLANE ( 'NONE',  #5066 ) ;
#7903 = SURFACE_SIDE_STYLE ('',( #2527 ) ) ;
#7904 = DIRECTION ( 'NONE',  ( 0.000000000000000000, 1.000000000000000000, 0.000000000000000000 ) ) ;
#7905 = SURFACE_STYLE_FILL_AREA ( #3823 ) ;
#7906 = FACE_OUTER_BOUND ( 'NONE', #6042, .T. ) ;
#7907 = EDGE_CURVE ( 'NONE', #515, #1065, #7974, .T. ) ;
#7908 = CARTESIAN_POINT ( 'NONE',  ( -5.750000000000000000, -1.055665328710549522, 4.018698629005418965 ) ) ;
#7909 = ORIENTED_EDGE ( 'NONE', *, *, #4599, .T. ) ;
#7910 = DIRECTION ( 'NONE',  ( 0.000000000000000000, 0.06377704802100914172, -0.9979641717745812990 ) ) ;
#7911 = PRESENTATION_LAYER_ASSIGNMENT (  '', '', ( #5906 ) ) ;
#7912 = VECTOR ( 'NONE', #5039, 999.9999999999998863 ) ;
#7913 =( NAMED_UNIT ( * ) SI_UNIT ( $, .STERADIAN. ) SOLID_ANGLE_UNIT ( ) );
#7914 = EDGE_LOOP ( 'NONE', ( #26, #1873, #5599, #3955, #5467, #8453, #2371, #369 ) ) ;
#7915 = PRESENTATION_LAYER_ASSIGNMENT (  '', '', ( #6864 ) ) ;
#7916 = CARTESIAN_POINT ( 'NONE',  ( -0.6700000000000004841, 0.1100000000000000006, 3.550000000000000266 ) ) ;
#7917 = CARTESIAN_POINT ( 'NONE',  ( -0.7419361673926183620, -1.374999999999998890, -3.823497185254835173 ) ) ;
#7918 = MECHANICAL_DESIGN_GEOMETRIC_PRESENTATION_REPRESENTATION (  '', ( #7391 ), #6176 ) ;
#7919 = CARTESIAN_POINT ( 'NONE',  ( 9.490000000000000213, 0.1099999999999998618, -3.897297636193110648 ) ) ;
#7920 = DIRECTION ( 'NONE',  ( -1.000000000000000000, 0.000000000000000000, -0.000000000000000000 ) ) ;
#7921 = ADVANCED_FACE ( 'NONE', ( #1912 ), #9040, .F. ) ;
#7922 = ORIENTED_EDGE ( 'NONE', *, *, #3102, .F. ) ;
#7923 = ORIENTED_EDGE ( 'NONE', *, *, #3293, .T. ) ;
#7924 = DIRECTION ( 'NONE',  ( 0.000000000000000000, -0.9979641717745812990, -0.06377704802100914172 ) ) ;
#7925 = VERTEX_POINT ( 'NONE', #8256 ) ;
#7926 = DIRECTION ( 'NONE',  ( 0.000000000000000000, -0.000000000000000000, 1.000000000000000000 ) ) ;
#7927 = CARTESIAN_POINT ( 'NONE',  ( 1.020000000000000018, -1.374999999999998890, -4.250000000000000888 ) ) ;
#7928 = FILL_AREA_STYLE_COLOUR ( '', #382 ) ;
#7929 = FILL_AREA_STYLE ('',( #1473 ) ) ;
#7930 = CARTESIAN_POINT ( 'NONE',  ( -8.290000000000000924, -0.1100000000000000006, -3.550000000000000266 ) ) ;
#7931 = MECHANICAL_DESIGN_GEOMETRIC_PRESENTATION_REPRESENTATION (  '', ( #7538 ), #7730 ) ;
#7932 = ORIENTED_EDGE ( 'NONE', *, *, #3839, .T. ) ;
#7933 = EDGE_LOOP ( 'NONE', ( #377, #1983, #10336, #5379, #7832, #287, #7451, #2026, #5100, #6415 ) ) ;
#7934 = SURFACE_SIDE_STYLE ('',( #6145 ) ) ;
#7936 = DIRECTION ( 'NONE',  ( -1.000000000000000000, 0.000000000000000000, -0.000000000000000000 ) ) ;
#7935 =( LENGTH_UNIT ( ) NAMED_UNIT ( * ) SI_UNIT ( .MILLI., .METRE. ) );
#7937 = AXIS2_PLACEMENT_3D ( 'NONE', #2110, #8568, #6322 ) ;
#7938 =( NAMED_UNIT ( * ) SI_UNIT ( $, .STERADIAN. ) SOLID_ANGLE_UNIT ( ) );
#7939 = COLOUR_RGB ( '',0.7529411764705882248, 0.7529411764705882248, 0.7529411764705882248 ) ;
#7940 = ORIENTED_EDGE ( 'NONE', *, *, #1543, .T. ) ;
#7941 = VERTEX_POINT ( 'NONE', #4918 ) ;
#7942 = FILL_AREA_STYLE ('',( #9508 ) ) ;
#7943 = CARTESIAN_POINT ( 'NONE',  ( -0.6699999999999995959, -1.055665328710549522, 4.018698629005420742 ) ) ;
#7944 = VERTEX_POINT ( 'NONE', #96 ) ;
#7945 = AXIS2_PLACEMENT_3D ( 'NONE', #163, #1606, #91 ) ;
#7946 = UNCERTAINTY_MEASURE_WITH_UNIT (LENGTH_MEASURE( 1.000000000000000082E-05 ), #4559, 'distance_accuracy_value', 'NONE');
#7947 = DIRECTION ( 'NONE',  ( 0.000000000000000000, 0.9979641717745812990, 0.06377704802100914172 ) ) ;
#7948 = DIRECTION ( 'NONE',  ( 0.000000000000000000, 0.000000000000000000, 1.000000000000000000 ) ) ;
#7949 = VECTOR ( 'NONE', #2192, 1000.000000000000000 ) ;
#7950 = DIRECTION ( 'NONE',  ( 0.000000000000000000, -0.000000000000000000, -1.000000000000000000 ) ) ;
#7951 = ORIENTED_EDGE ( 'NONE', *, *, #9812, .F. ) ;
#7952 = ORIENTED_EDGE ( 'NONE', *, *, #5881, .F. ) ;
#7953 = CARTESIAN_POINT ( 'NONE',  ( -0.6700000000000004841, 0.06318885240105015511, 3.947195844781839824 ) ) ;
#7954 = CARTESIAN_POINT ( 'NONE',  ( -1.869999999999999218, -1.055665328710549522, 3.803089415876315993 ) ) ;
#7955 = EDGE_CURVE ( 'NONE', #6933, #2974, #9237, .T. ) ;
#7956 = VECTOR ( 'NONE', #10441, 1000.000000000000000 ) ;
#7957 = UNCERTAINTY_MEASURE_WITH_UNIT (LENGTH_MEASURE( 1.000000000000000082E-05 ), #584, 'distance_accuracy_value', 'NONE');
#7958 =( NAMED_UNIT ( * ) PLANE_ANGLE_UNIT ( ) SI_UNIT ( $, .RADIAN. ) );
#7959 = FACE_OUTER_BOUND ( 'NONE', #9992, .T. ) ;
#7960 = MECHANICAL_DESIGN_GEOMETRIC_PRESENTATION_REPRESENTATION (  '', ( #6215 ), #955 ) ;
#7961 = ADVANCED_FACE ( 'NONE', ( #7346 ), #9748, .F. ) ;
#7962 = LINE ( 'NONE', #1125, #3661 ) ;
#7963 = VERTEX_POINT ( 'NONE', #9848 ) ;
#7964 = PRESENTATION_STYLE_ASSIGNMENT (( #1279 ) ) ;
#7965 = PLANE ( 'NONE',  #6134 ) ;
#7966 = PRESENTATION_LAYER_ASSIGNMENT (  '', '', ( #5605 ) ) ;
#7967 = DIRECTION ( 'NONE',  ( 0.000000000000000000, 0.000000000000000000, 1.000000000000000000 ) ) ;
#7968 = DIRECTION ( 'NONE',  ( 0.000000000000000000, -1.000000000000000000, 0.000000000000000000 ) ) ;
#7969 = PLANE ( 'NONE',  #7009 ) ;
#7970 = EDGE_CURVE ( 'NONE', #9741, #3126, #3291, .T. ) ;
#7971 = SURFACE_STYLE_USAGE ( .BOTH. , #6870 ) ;
#7972 = PRESENTATION_STYLE_ASSIGNMENT (( #8201 ) ) ;
#7973 = SURFACE_STYLE_USAGE ( .BOTH. , #1581 ) ;
#7974 = LINE ( 'NONE', #8932, #5841 ) ;
#7975 = FACE_OUTER_BOUND ( 'NONE', #7043, .T. ) ;
#7976 = VECTOR ( 'NONE', #3650, 1000.000000000000227 ) ;
#7977 = LINE ( 'NONE', #4323, #307 ) ;
#7978 = EDGE_CURVE ( 'NONE', #5293, #10323, #920, .T. ) ;
#7979 = ADVANCED_FACE ( 'NONE', ( #7100 ), #8107, .F. ) ;
#7980 = AXIS2_PLACEMENT_3D ( 'NONE', #7165, #648, #2208 ) ;
#7981 = EDGE_CURVE ( 'NONE', #4288, #9024, #7225, .T. ) ;
#7982 = VERTEX_POINT ( 'NONE', #5716 ) ;
#7983 = SURFACE_SIDE_STYLE ('',( #1695 ) ) ;
#7984 =( GEOMETRIC_REPRESENTATION_CONTEXT ( 3 ) GLOBAL_UNCERTAINTY_ASSIGNED_CONTEXT ( ( #6813 ) ) GLOBAL_UNIT_ASSIGNED_CONTEXT ( ( #3204, #8010, #4738 ) ) REPRESENTATION_CONTEXT ( 'NONE', 'WORKASPACE' ) );
#7985 =( LENGTH_UNIT ( ) NAMED_UNIT ( * ) SI_UNIT ( .MILLI., .METRE. ) );
#7986 = VECTOR ( 'NONE', #1159, 999.9999999999998863 ) ;
#7987 = CARTESIAN_POINT ( 'NONE',  ( -3.210000000000000853, -0.1100000000000000006, -3.550000000000000266 ) ) ;
#7988 = VECTOR ( 'NONE', #5099, 1000.000000000000000 ) ;
#7989 = EDGE_LOOP ( 'NONE', ( #8406, #7578, #137, #295 ) ) ;
#7990 = CARTESIAN_POINT ( 'NONE',  ( 1.020000000000000018, -4.674999999999999822, -4.250000000000000888 ) ) ;
#7991 = ORIENTED_EDGE ( 'NONE', *, *, #8785, .T. ) ;
#7992 = SURFACE_STYLE_FILL_AREA ( #5425 ) ;
#7993 =( NAMED_UNIT ( * ) PLANE_ANGLE_UNIT ( ) SI_UNIT ( $, .RADIAN. ) );
#7994 = CARTESIAN_POINT ( 'NONE',  ( 9.490000000000000213, 0.1100000000000000006, -3.550000000000000266 ) ) ;
#7995 = SURFACE_STYLE_USAGE ( .BOTH. , #5458 ) ;
#7996 = CARTESIAN_POINT ( 'NONE',  ( -0.6700000000000004841, -0.1568111475989498460, 3.745646205093807080 ) ) ;
#7997 = LINE ( 'NONE', #5227, #5864 ) ;
#7998 = DIRECTION ( 'NONE',  ( 1.000000000000000000, 0.000000000000000000, 0.000000000000000000 ) ) ;
#7999 = ORIENTED_EDGE ( 'NONE', *, *, #7970, .T. ) ;
#8000 =( GEOMETRIC_REPRESENTATION_CONTEXT ( 3 ) GLOBAL_UNCERTAINTY_ASSIGNED_CONTEXT ( ( #1669 ) ) GLOBAL_UNIT_ASSIGNED_CONTEXT ( ( #6659, #288, #1837 ) ) REPRESENTATION_CONTEXT ( 'NONE', 'WORKASPACE' ) );
#8001 = EDGE_LOOP ( 'NONE', ( #2611, #150, #5535, #7724 ) ) ;
#8002 = AXIS2_PLACEMENT_3D ( 'NONE', #4466, #2101, #7746 ) ;
#8003 =( NAMED_UNIT ( * ) SI_UNIT ( $, .STERADIAN. ) SOLID_ANGLE_UNIT ( ) );
#8004 = CARTESIAN_POINT ( 'NONE',  ( 8.665000000000000924, -4.674999999999999822, -4.034390786870895695 ) ) ;
#8005 = VERTEX_POINT ( 'NONE', #244 ) ;
#8006 = LINE ( 'NONE', #9416, #4862 ) ;
#8007 = DIRECTION ( 'NONE',  ( -0.2193360129683985249, 0.9736631258226969843, 0.06222403738348531582 ) ) ;
#8008 = CARTESIAN_POINT ( 'NONE',  ( -5.750000000000000000, 0.06000000000000001166, -3.897297636193110648 ) ) ;
#8009 = DIRECTION ( 'NONE',  ( -0.2197618659596110857, -0.9755535465928817374, 0.000000000000000000 ) ) ;
#8010 =( NAMED_UNIT ( * ) PLANE_ANGLE_UNIT ( ) SI_UNIT ( $, .RADIAN. ) );
#8011 = FACE_OUTER_BOUND ( 'NONE', #223, .T. ) ;
#8012 = FILL_AREA_STYLE_COLOUR ( '', #1858 ) ;
#8013 = ORIENTED_EDGE ( 'NONE', *, *, #9887, .T. ) ;
#8014 = VECTOR ( 'NONE', #9799, 1000.000000000000000 ) ;
#8015 = STYLED_ITEM ( 'NONE', ( #1826 ), #10429 ) ;
#8016 = FILL_AREA_STYLE ('',( #5653 ) ) ;
#8017 = DIRECTION ( 'NONE',  ( -0.000000000000000000, 1.000000000000000000, -0.000000000000000000 ) ) ;
#8018 = CIRCLE ( 'NONE', #6051, 0.05000000000000012768 ) ;
#8019 = VERTEX_POINT ( 'NONE', #2540 ) ;
#8020 = CARTESIAN_POINT ( 'NONE',  ( -9.115000000000000213, 0.06318885240105015511, 3.947195844781839824 ) ) ;
#8021 = LINE ( 'NONE', #9362, #3461 ) ;
#8022 = CARTESIAN_POINT ( 'NONE',  ( -9.115000000000000213, -0.1100000000000000006, 3.550000000000000266 ) ) ;
#8023 = UNCERTAINTY_MEASURE_WITH_UNIT (LENGTH_MEASURE( 1.000000000000000082E-05 ), #7669, 'distance_accuracy_value', 'NONE');
#8024 = VECTOR ( 'NONE', #6558, 1000.000000000000000 ) ;
#8025 = VECTOR ( 'NONE', #7694, 1000.000000000000000 ) ;
#8026 = AXIS2_PLACEMENT_3D ( 'NONE', #4357, #7998, #778 ) ;
#8027 = EDGE_CURVE ( 'NONE', #9718, #3854, #8736, .T. ) ;
#8028 = CARTESIAN_POINT ( 'NONE',  ( 3.209999999999999964, -0.1100000000000000006, 3.550000000000000266 ) ) ;
#8029 = DIRECTION ( 'NONE',  ( -1.000000000000000000, -0.000000000000000000, 0.000000000000000000 ) ) ;
#8030 = ORIENTED_EDGE ( 'NONE', *, *, #8947, .F. ) ;
#8031 = VERTEX_POINT ( 'NONE', #1130 ) ;
#8032 = VECTOR ( 'NONE', #9684, 1000.000000000000114 ) ;
#8033 = VERTEX_POINT ( 'NONE', #6682 ) ;
#8034 = ADVANCED_FACE ( 'NONE', ( #2676 ), #4266, .F. ) ;
#8035 = DIRECTION ( 'NONE',  ( -0.3803951736463099254, -0.9229412608411878827, 0.05898254744814119405 ) ) ;
#8036 = EDGE_CURVE ( 'NONE', #9136, #5877, #4690, .T. ) ;
#8037 = DIRECTION ( 'NONE',  ( 0.000000000000000000, -0.9979641717745812990, 0.06377704802100926662 ) ) ;
#8038 = EDGE_CURVE ( 'NONE', #2522, #9366, #8860, .T. ) ;
#8039 = DIRECTION ( 'NONE',  ( -0.000000000000000000, 0.9979641717745811880, 0.06377704802100964132 ) ) ;
#8040 = EDGE_LOOP ( 'NONE', ( #9474, #6866, #9389, #7952 ) ) ;
#8041 = ORIENTED_EDGE ( 'NONE', *, *, #7488, .F. ) ;
#8042 = AXIS2_PLACEMENT_3D ( 'NONE', #2884, #6856, #3601 ) ;
#8043 = CARTESIAN_POINT ( 'NONE',  ( -5.750000000000000000, -1.374999999999998668, -3.823497185254834729 ) ) ;
#8044 = VECTOR ( 'NONE', #8496, 1000.000000000000000 ) ;
#8045 = SURFACE_SIDE_STYLE ('',( #8746 ) ) ;
#8046 = LINE ( 'NONE', #305, #2106 ) ;
#8047 = CARTESIAN_POINT ( 'NONE',  ( -8.290000000000000924, -0.1568111475989498460, 3.745646205093807080 ) ) ;
#8048 = CIRCLE ( 'NONE', #2556, 0.04999999999999969746 ) ;
#8049 = EDGE_LOOP ( 'NONE', ( #8449, #9916, #7105, #1464, #5720, #1461, #161, #5443 ) ) ;
#8050 = EDGE_CURVE ( 'NONE', #6199, #3725, #4424, .T. ) ;
#8051 = ORIENTED_EDGE ( 'NONE', *, *, #9957, .F. ) ;
#8052 = PLANE ( 'NONE',  #7368 ) ;
#8053 = CARTESIAN_POINT ( 'NONE',  ( 9.490000000000000213, -0.1568111475989498460, 3.745646205093807080 ) ) ;
#8054 = ORIENTED_EDGE ( 'NONE', *, *, #3051, .T. ) ;
#8055 = LINE ( 'NONE', #1399, #3493 ) ;
#8056 = CARTESIAN_POINT ( 'NONE',  ( 3.027812261714685871, -0.2469085707813086228, 3.967013287941472122 ) ) ;
#8057 = VECTOR ( 'NONE', #5438, 1000.000000000000000 ) ;
#8058 = EDGE_CURVE ( 'NONE', #6827, #4183, #8465, .T. ) ;
#8059 = PRESENTATION_LAYER_ASSIGNMENT (  '', '', ( #6448 ) ) ;
#8060 = FILL_AREA_STYLE_COLOUR ( '', #7201 ) ;
#8061 = DIRECTION ( 'NONE',  ( 0.000000000000000000, 0.000000000000000000, -1.000000000000000000 ) ) ;
#8062 = ORIENTED_EDGE ( 'NONE', *, *, #8743, .T. ) ;
#8063 = VERTEX_POINT ( 'NONE', #6720 ) ;
#8064 = CYLINDRICAL_SURFACE ( 'NONE', #5779, 0.04999999999999969746 ) ;
#8065 = AXIS2_PLACEMENT_3D ( 'NONE', #4607, #7091, #7948 ) ;
#8066 = AXIS2_PLACEMENT_3D ( 'NONE', #3607, #9918, #2716 ) ;
#8067 = FILL_AREA_STYLE ('',( #7295 ) ) ;
#8068 = CARTESIAN_POINT ( 'NONE',  ( -10.00000000000000000, -0.1100000000000000006, -3.549999999999999378 ) ) ;
#8069 = CARTESIAN_POINT ( 'NONE',  ( -6.949999999999999289, 0.06000000000000001166, 3.897297636193110648 ) ) ;
#8070 = LINE ( 'NONE', #2955, #4283 ) ;
#8071 = LINE ( 'NONE', #7223, #892 ) ;
#8072 = ORIENTED_EDGE ( 'NONE', *, *, #956, .F. ) ;
#8073 = ORIENTED_EDGE ( 'NONE', *, *, #9883, .T. ) ;
#8074 = ORIENTED_EDGE ( 'NONE', *, *, #5331, .T. ) ;
#8075 = CARTESIAN_POINT ( 'NONE',  ( -5.750000000000000000, -1.374999999999998890, 4.039106398383938590 ) ) ;
#8076 = SURFACE_SIDE_STYLE ('',( #5314 ) ) ;
#8077 = DIRECTION ( 'NONE',  ( 0.000000000000000000, -0.000000000000000000, 1.000000000000000000 ) ) ;
#8078 = ORIENTED_EDGE ( 'NONE', *, *, #5836, .T. ) ;
#8079 = CARTESIAN_POINT ( 'NONE',  ( 9.115000000000000213, -4.674999999999999822, -4.250000000000000888 ) ) ;
#8080 = UNCERTAINTY_MEASURE_WITH_UNIT (LENGTH_MEASURE( 1.000000000000000082E-05 ), #426, 'distance_accuracy_value', 'NONE');
#8081 = ADVANCED_FACE ( 'NONE', ( #542 ), #9210, .F. ) ;
#8082 = CARTESIAN_POINT ( 'NONE',  ( 9.115000000000000213, -4.675000000000000711, 4.034390786870893919 ) ) ;
#8083 = CARTESIAN_POINT ( 'NONE',  ( 4.410000000000000142, -0.1100000000000000006, -3.695747996505077460 ) ) ;
#8084 = ORIENTED_EDGE ( 'NONE', *, *, #10148, .T. ) ;
#8085 = ORIENTED_EDGE ( 'NONE', *, *, #1749, .T. ) ;
#8086 =( GEOMETRIC_REPRESENTATION_CONTEXT ( 3 ) GLOBAL_UNCERTAINTY_ASSIGNED_CONTEXT ( ( #5965 ) ) GLOBAL_UNIT_ASSIGNED_CONTEXT ( ( #2265, #5514, #5654 ) ) REPRESENTATION_CONTEXT ( 'NONE', 'WORKASPACE' ) );
#8087 = ORIENTED_EDGE ( 'NONE', *, *, #1146, .F. ) ;
#8088 = PLANE ( 'NONE',  #9656 ) ;
#8089 = CARTESIAN_POINT ( 'NONE',  ( 1.870000000000000107, -0.1599999999999999756, 3.695747996505077904 ) ) ;
#8090 = DIRECTION ( 'NONE',  ( 0.000000000000000000, 1.000000000000000000, 0.000000000000000000 ) ) ;
#8091 =( NAMED_UNIT ( * ) SI_UNIT ( $, .STERADIAN. ) SOLID_ANGLE_UNIT ( ) );
#8092 = EDGE_CURVE ( 'NONE', #1701, #3404, #4170, .T. ) ;
#8093 = ORIENTED_EDGE ( 'NONE', *, *, #8381, .F. ) ;
#8094 = LINE ( 'NONE', #7435, #5328 ) ;
#8095 = CARTESIAN_POINT ( 'NONE',  ( 4.410000000000000142, 0.1100000000000000006, 3.550000000000000266 ) ) ;
#8096 = VERTEX_POINT ( 'NONE', #311 ) ;
#8097 = PRESENTATION_LAYER_ASSIGNMENT (  '', '', ( #895 ) ) ;
#8098 = VERTEX_POINT ( 'NONE', #7520 ) ;
#8099 = LINE ( 'NONE', #9640, #7593 ) ;
#8100 = CARTESIAN_POINT ( 'NONE',  ( 8.290000000000000924, 0.06318885240105015511, 3.947195844781839824 ) ) ;
#8101 = AXIS2_PLACEMENT_3D ( 'NONE', #3940, #7217, #4586 ) ;
#8102 = LINE ( 'NONE', #7024, #9761 ) ;
#8103 = ORIENTED_EDGE ( 'NONE', *, *, #4741, .F. ) ;
#8104 = EDGE_CURVE ( 'NONE', #202, #8526, #1899, .T. ) ;
#8105 = CARTESIAN_POINT ( 'NONE',  ( -0.6699999999999995959, -1.055665328710549522, -4.250000000000000888 ) ) ;
#8106 = VERTEX_POINT ( 'NONE', #6751 ) ;
#8107 = PLANE ( 'NONE',  #9548 ) ;
#8108 = LINE ( 'NONE', #3432, #65 ) ;
#8109 = DIRECTION ( 'NONE',  ( -0.000000000000000000, 0.9979641717745812990, -0.06377704802100912784 ) ) ;
#8110 = LINE ( 'NONE', #1904, #4205 ) ;
#8111 = EDGE_CURVE ( 'NONE', #1459, #7323, #801, .T. ) ;
#8112 = PRESENTATION_LAYER_ASSIGNMENT (  '', '', ( #5620 ) ) ;
#8113 = VERTEX_POINT ( 'NONE', #4395 ) ;
#8114 = SURFACE_SIDE_STYLE ('',( #10282 ) ) ;
#8115 = DIRECTION ( 'NONE',  ( -0.000000000000000000, -0.000000000000000000, 1.000000000000000000 ) ) ;
#8116 = CARTESIAN_POINT ( 'NONE',  ( -5.750000000000000000, -1.055665328710549522, -4.250000000000000888 ) ) ;
#8117 = ORIENTED_EDGE ( 'NONE', *, *, #4309, .F. ) ;
#8118 = MECHANICAL_DESIGN_GEOMETRIC_PRESENTATION_REPRESENTATION (  '', ( #10285 ), #8660 ) ;
#8119 = SURFACE_SIDE_STYLE ('',( #1720 ) ) ;
#8120 = PRESENTATION_STYLE_ASSIGNMENT (( #3239 ) ) ;
#8121 = AXIS2_PLACEMENT_3D ( 'NONE', #4775, #9708, #8930 ) ;
#8122 = LINE ( 'NONE', #4896, #4455 ) ;
#8123 = PRESENTATION_STYLE_ASSIGNMENT (( #5321 ) ) ;
#8124 =( LENGTH_UNIT ( ) NAMED_UNIT ( * ) SI_UNIT ( .MILLI., .METRE. ) );
#8125 = DIRECTION ( 'NONE',  ( -0.000000000000000000, -0.000000000000000000, -1.000000000000000000 ) ) ;
#8126 = ORIENTED_EDGE ( 'NONE', *, *, #3429, .T. ) ;
#8127 = DIRECTION ( 'NONE',  ( 0.000000000000000000, 1.000000000000000000, 0.000000000000000000 ) ) ;
#8128 = DIRECTION ( 'NONE',  ( 0.9755535465928818484, 0.2197618659596111135, 0.000000000000000000 ) ) ;
#8129 =( LENGTH_UNIT ( ) NAMED_UNIT ( * ) SI_UNIT ( .MILLI., .METRE. ) );
#8130 = ADVANCED_FACE ( 'NONE', ( #2415 ), #7574, .F. ) ;
#8131 = AXIS2_PLACEMENT_3D ( 'NONE', #183, #7423, #9021 ) ;
#8132 = DIRECTION ( 'NONE',  ( -1.000000000000000000, 0.000000000000000000, -0.000000000000000000 ) ) ;
#8133 = FILL_AREA_STYLE_COLOUR ( '', #1265 ) ;
#8134 =( LENGTH_UNIT ( ) NAMED_UNIT ( * ) SI_UNIT ( .MILLI., .METRE. ) );
#8135 = ORIENTED_EDGE ( 'NONE', *, *, #9524, .F. ) ;
#8136 = VECTOR ( 'NONE', #5138, 1000.000000000000000 ) ;
#8137 =( NAMED_UNIT ( * ) PLANE_ANGLE_UNIT ( ) SI_UNIT ( $, .RADIAN. ) );
#8138 =( LENGTH_UNIT ( ) NAMED_UNIT ( * ) SI_UNIT ( .MILLI., .METRE. ) );
#8139 = VECTOR ( 'NONE', #558, 1000.000000000000000 ) ;
#8140 = DIRECTION ( 'NONE',  ( 0.000000000000000000, -1.000000000000000000, 0.000000000000000000 ) ) ;
#8141 = CARTESIAN_POINT ( 'NONE',  ( 1.798063832607381451, -1.374999999999998668, -3.823497185254834729 ) ) ;
#8142 = ORIENTED_EDGE ( 'NONE', *, *, #3924, .T. ) ;
#8143 = PRESENTATION_LAYER_ASSIGNMENT (  '', '', ( #946 ) ) ;
#8144 = VECTOR ( 'NONE', #3818, 1000.000000000000000 ) ;
#8145 = ORIENTED_EDGE ( 'NONE', *, *, #6073, .F. ) ;
#8146 = UNCERTAINTY_MEASURE_WITH_UNIT (LENGTH_MEASURE( 1.000000000000000082E-05 ), #3465, 'distance_accuracy_value', 'NONE');
#8147 = DIRECTION ( 'NONE',  ( 0.000000000000000000, -1.000000000000000000, 0.000000000000000000 ) ) ;
#8148 = FACE_OUTER_BOUND ( 'NONE', #2204, .T. ) ;
#8149 = DIRECTION ( 'NONE',  ( -1.000000000000000000, -0.000000000000000000, -0.000000000000000000 ) ) ;
#8150 = DIRECTION ( 'NONE',  ( 0.000000000000000000, 0.000000000000000000, -1.000000000000000000 ) ) ;
#8151 = FILL_AREA_STYLE ('',( #3998 ) ) ;
#8152 = VERTEX_POINT ( 'NONE', #1927 ) ;
#8153 = VERTEX_POINT ( 'NONE', #541 ) ;
#8154 =( LENGTH_UNIT ( ) NAMED_UNIT ( * ) SI_UNIT ( .MILLI., .METRE. ) );
#8155 = ORIENTED_EDGE ( 'NONE', *, *, #6839, .F. ) ;
#8156 = ORIENTED_EDGE ( 'NONE', *, *, #9686, .T. ) ;
#8157 = LINE ( 'NONE', #3746, #9558 ) ;
#8158 = EDGE_CURVE ( 'NONE', #6328, #8664, #5582, .T. ) ;
#8159 = LINE ( 'NONE', #8263, #9560 ) ;
#8160 = FILL_AREA_STYLE ('',( #8234 ) ) ;
#8161 = CARTESIAN_POINT ( 'NONE',  ( -0.6700000000000004841, -0.1568111475989498460, -3.745646205093807080 ) ) ;
#8162 =( LENGTH_UNIT ( ) NAMED_UNIT ( * ) SI_UNIT ( .MILLI., .METRE. ) );
#8163 = ORIENTED_EDGE ( 'NONE', *, *, #2234, .F. ) ;
#8164 = LINE ( 'NONE', #8974, #10182 ) ;
#8165 = PLANE ( 'NONE',  #2511 ) ;
#8166 = EDGE_CURVE ( 'NONE', #4286, #2304, #2294, .T. ) ;
#8167 = VECTOR ( 'NONE', #6590, 1000.000000000000000 ) ;
#8168 = CARTESIAN_POINT ( 'NONE',  ( -8.665000000000000924, -0.1568111475989498460, 3.745646205093807080 ) ) ;
#8169 = SURFACE_SIDE_STYLE ('',( #6418 ) ) ;
#8170 = CARTESIAN_POINT ( 'NONE',  ( -6.878063832607380412, -1.374999999999998890, -4.039106398383939478 ) ) ;
#8171 = DIRECTION ( 'NONE',  ( 0.000000000000000000, 0.000000000000000000, 1.000000000000000000 ) ) ;
#8172 = CARTESIAN_POINT ( 'NONE',  ( 5.821936167392620654, -1.374999999999998890, -3.823497185254834729 ) ) ;
#8173 = ORIENTED_EDGE ( 'NONE', *, *, #8433, .T. ) ;
#8174 = VERTEX_POINT ( 'NONE', #2950 ) ;
#8175 = STYLED_ITEM ( 'NONE', ( #2819 ), #5531 ) ;
#8176 = EDGE_CURVE ( 'NONE', #3354, #9515, #3933, .T. ) ;
#8177 = SURFACE_STYLE_USAGE ( .BOTH. , #5828 ) ;
#8178 = FACE_OUTER_BOUND ( 'NONE', #8569, .T. ) ;
#8179 = CARTESIAN_POINT ( 'NONE',  ( -8.290000000000000924, -0.1599999999999999756, 3.695747996505077904 ) ) ;
#8180 =( LENGTH_UNIT ( ) NAMED_UNIT ( * ) SI_UNIT ( .MILLI., .METRE. ) );
#8181 = VERTEX_POINT ( 'NONE', #10079 ) ;
#8182 = AXIS2_PLACEMENT_3D ( 'NONE', #7177, #7242, #732 ) ;
#8183 = LINE ( 'NONE', #1052, #5932 ) ;
#8184 = PRESENTATION_STYLE_ASSIGNMENT (( #3901 ) ) ;
#8185 = ADVANCED_FACE ( 'NONE', ( #7112 ), #2103, .F. ) ;
#8186 = EDGE_CURVE ( 'NONE', #1387, #7370, #3174, .T. ) ;
#8187 = VECTOR ( 'NONE', #968, 1000.000000000000000 ) ;
#8188 = VERTEX_POINT ( 'NONE', #8561 ) ;
#8189 = ORIENTED_EDGE ( 'NONE', *, *, #30, .F. ) ;
#8190 = FILL_AREA_STYLE ('',( #2656 ) ) ;
#8191 = DIRECTION ( 'NONE',  ( -0.000000000000000000, -0.000000000000000000, 1.000000000000000000 ) ) ;
#8192 = ORIENTED_EDGE ( 'NONE', *, *, #4189, .F. ) ;
#8193 = CARTESIAN_POINT ( 'NONE',  ( 6.949999999999999289, -0.1568111475989498460, 3.745646205093807080 ) ) ;
#8194 = PLANE ( 'NONE',  #7248 ) ;
#8195 = FACE_OUTER_BOUND ( 'NONE', #2828, .T. ) ;
#8196 = ORIENTED_EDGE ( 'NONE', *, *, #5078, .F. ) ;
#8197 = CLOSED_SHELL ( 'NONE', ( #4708, #10039, #4007, #4472, #8670, #10352, #8241, #2195, #276, #6563, #7505, #4762, #5223, #540, #2259, #6829 ) ) ;
#8198 = CARTESIAN_POINT ( 'NONE',  ( 6.949999999999999289, 0.1100000000000000006, -3.550000000000000266 ) ) ;
#8199 = ORIENTED_EDGE ( 'NONE', *, *, #2772, .T. ) ;
#8200 = STYLED_ITEM ( 'NONE', ( #7491 ), #1242 ) ;
#8201 = SURFACE_STYLE_USAGE ( .BOTH. , #961 ) ;
#8202 = LINE ( 'NONE', #1676, #8720 ) ;
#8203 = DIRECTION ( 'NONE',  ( -1.000000000000000000, -0.000000000000000000, -0.000000000000000000 ) ) ;
#8204 = SURFACE_STYLE_FILL_AREA ( #1389 ) ;
#8205 = SURFACE_STYLE_USAGE ( .BOTH. , #6639 ) ;
#8206 = VECTOR ( 'NONE', #10318, 1000.000000000000227 ) ;
#8207 = ORIENTED_EDGE ( 'NONE', *, *, #6248, .T. ) ;
#8208 = ORIENTED_EDGE ( 'NONE', *, *, #2297, .T. ) ;
#8209 =( NAMED_UNIT ( * ) PLANE_ANGLE_UNIT ( ) SI_UNIT ( $, .RADIAN. ) );
#8210 = AXIS2_PLACEMENT_3D ( 'NONE', #1992, #9277, #2850 ) ;
#8211 =( NAMED_UNIT ( * ) SI_UNIT ( $, .STERADIAN. ) SOLID_ANGLE_UNIT ( ) );
#8212 = UNCERTAINTY_MEASURE_WITH_UNIT (LENGTH_MEASURE( 1.000000000000000082E-05 ), #8583, 'distance_accuracy_value', 'NONE');
#8213 = AXIS2_PLACEMENT_3D ( 'NONE', #700, #3909, #8493 ) ;
#8214 =( NAMED_UNIT ( * ) PLANE_ANGLE_UNIT ( ) SI_UNIT ( $, .RADIAN. ) );
#8215 = LINE ( 'NONE', #864, #7956 ) ;
#8216 = CIRCLE ( 'NONE', #9579, 0.04999999999999969746 ) ;
#8217 = DIRECTION ( 'NONE',  ( 0.000000000000000000, 0.06377704802100914172, -0.9979641717745812990 ) ) ;
#8218 = VECTOR ( 'NONE', #4085, 1000.000000000000000 ) ;
#8219 = ORIENTED_EDGE ( 'NONE', *, *, #407, .F. ) ;
#8220 = CYLINDRICAL_SURFACE ( 'NONE', #1564, 0.04999999999999969746 ) ;
#8221 = DIRECTION ( 'NONE',  ( 0.3803951736463099254, -0.9229412608411878827, -0.05898254744814166589 ) ) ;
#8222 = LINE ( 'NONE', #9873, #3290 ) ;
#8223 = DIRECTION ( 'NONE',  ( -0.2193360129683985249, -0.9736631258226969843, -0.06222403738348531582 ) ) ;
#8224 = VECTOR ( 'NONE', #2293, 1000.000000000000114 ) ;
#8225 = MECHANICAL_DESIGN_GEOMETRIC_PRESENTATION_REPRESENTATION (  '', ( #9516 ), #1189 ) ;
#8226 = ORIENTED_EDGE ( 'NONE', *, *, #7246, .F. ) ;
#8227 = VECTOR ( 'NONE', #7674, 1000.000000000000000 ) ;
#8228 = DIRECTION ( 'NONE',  ( 0.000000000000000000, 0.000000000000000000, 1.000000000000000000 ) ) ;
#8229 = ORIENTED_EDGE ( 'NONE', *, *, #7686, .T. ) ;
#8230 = DIRECTION ( 'NONE',  ( 0.000000000000000000, -0.9979641717745812990, 0.06377704802100914172 ) ) ;
#8231 = ORIENTED_EDGE ( 'NONE', *, *, #9664, .F. ) ;
#8232 = EDGE_CURVE ( 'NONE', #4032, #1662, #6087, .T. ) ;
#8233 = VECTOR ( 'NONE', #4577, 1000.000000000000000 ) ;
#8234 = FILL_AREA_STYLE_COLOUR ( '', #8445 ) ;
#8235 = EDGE_CURVE ( 'NONE', #1016, #6961, #4181, .T. ) ;
#8236 = DIRECTION ( 'NONE',  ( -1.000000000000000000, -0.000000000000000000, -0.000000000000000000 ) ) ;
#8237 = VECTOR ( 'NONE', #8685, 1000.000000000000227 ) ;
#8238 = DIRECTION ( 'NONE',  ( -0.000000000000000000, 1.000000000000000000, 0.000000000000000000 ) ) ;
#8239 = DIRECTION ( 'NONE',  ( -1.000000000000000000, -0.000000000000000000, -0.000000000000000000 ) ) ;
#8240 = CARTESIAN_POINT ( 'NONE',  ( -8.290000000000000924, -0.1100000000000000006, 3.550000000000000266 ) ) ;
#8241 = ADVANCED_FACE ( 'NONE', ( #422 ), #6070, .T. ) ;
#8242 = ORIENTED_EDGE ( 'NONE', *, *, #4880, .T. ) ;
#8243 = STYLED_ITEM ( 'NONE', ( #1544 ), #5252 ) ;
#8244 = CARTESIAN_POINT ( 'NONE',  ( 4.410000000000000142, -0.1568111475989498460, 3.745646205093807080 ) ) ;
#8245 = ORIENTED_EDGE ( 'NONE', *, *, #5538, .F. ) ;
#8246 = CYLINDRICAL_SURFACE ( 'NONE', #7794, 0.04999999999999969746 ) ;
#8247 =( LENGTH_UNIT ( ) NAMED_UNIT ( * ) SI_UNIT ( .MILLI., .METRE. ) );
#8248 = PRESENTATION_LAYER_ASSIGNMENT (  '', '', ( #7179 ) ) ;
#8249 = DIRECTION ( 'NONE',  ( -0.000000000000000000, -0.000000000000000000, 1.000000000000000000 ) ) ;
#8250 = VECTOR ( 'NONE', #1083, 1000.000000000000000 ) ;
#8251 = FACE_OUTER_BOUND ( 'NONE', #8391, .T. ) ;
#8252 = DIRECTION ( 'NONE',  ( 0.000000000000000000, 0.000000000000000000, 1.000000000000000000 ) ) ;
#8253 = DIRECTION ( 'NONE',  ( 0.000000000000000000, -0.9979641717745812990, 0.06377704802100914172 ) ) ;
#8254 = EDGE_CURVE ( 'NONE', #1965, #8751, #9877, .T. ) ;
#8255 = ORIENTED_EDGE ( 'NONE', *, *, #3045, .F. ) ;
#8256 = CARTESIAN_POINT ( 'NONE',  ( 3.281936167392619730, -1.374999999999998890, 3.823497185254835173 ) ) ;
#8257 = VERTEX_POINT ( 'NONE', #10151 ) ;
#8258 = CARTESIAN_POINT ( 'NONE',  ( -5.750000000000000000, -0.1100000000000000006, 3.550000000000000266 ) ) ;
#8259 = VECTOR ( 'NONE', #7375, 1000.000000000000000 ) ;
#8260 = EDGE_CURVE ( 'NONE', #3889, #4014, #1407, .T. ) ;
#8261 = PRESENTATION_LAYER_ASSIGNMENT (  '', '', ( #2853 ) ) ;
#8262 = MECHANICAL_DESIGN_GEOMETRIC_PRESENTATION_REPRESENTATION (  '', ( #3055 ), #9894 ) ;
#8263 = CARTESIAN_POINT ( 'NONE',  ( 1.870000000000000107, -0.1100000000000000006, 3.550000000000000266 ) ) ;
#8264 = VERTEX_POINT ( 'NONE', #8486 ) ;
#8265 = PRESENTATION_LAYER_ASSIGNMENT (  '', '', ( #852 ) ) ;
#8266 = VECTOR ( 'NONE', #667, 1000.000000000000114 ) ;
#8267 = FILL_AREA_STYLE_COLOUR ( '', #5430 ) ;
#8268 = CARTESIAN_POINT ( 'NONE',  ( 1.020000000000000018, -4.674999999999999822, -4.034390786870895695 ) ) ;
#8269 = DIRECTION ( 'NONE',  ( 0.000000000000000000, -0.9979641717745812990, -0.06377704802100914172 ) ) ;
#8270 = CARTESIAN_POINT ( 'NONE',  ( 8.421615491570639378, -1.374999999999999556, 3.823497185254835173 ) ) ;
#8271 = PLANE ( 'NONE',  #7937 ) ;
#8272 = VECTOR ( 'NONE', #4127, 999.9999999999998863 ) ;
#8273 = VERTEX_POINT ( 'NONE', #3756 ) ;
#8274 = UNCERTAINTY_MEASURE_WITH_UNIT (LENGTH_MEASURE( 1.000000000000000082E-05 ), #2674, 'distance_accuracy_value', 'NONE');
#8275 = MECHANICAL_DESIGN_GEOMETRIC_PRESENTATION_REPRESENTATION (  '', ( #3947 ), #4482 ) ;
#8276 =( NAMED_UNIT ( * ) PLANE_ANGLE_UNIT ( ) SI_UNIT ( $, .RADIAN. ) );
#8277 = VECTOR ( 'NONE', #2804, 1000.000000000000000 ) ;
#8278 = COLOUR_RGB ( '',0.7529411764705882248, 0.7529411764705882248, 0.7529411764705882248 ) ;
#8279 = PLANE ( 'NONE',  #4912 ) ;
#8280 = ORIENTED_EDGE ( 'NONE', *, *, #3509, .T. ) ;
#8281 = ORIENTED_EDGE ( 'NONE', *, *, #3035, .T. ) ;
#8282 = ORIENTED_EDGE ( 'NONE', *, *, #8565, .F. ) ;
#8283 = VECTOR ( 'NONE', #7764, 1000.000000000000000 ) ;
#8284 = PLANE ( 'NONE',  #7150 ) ;
#8285 = VERTEX_POINT ( 'NONE', #9314 ) ;
#8286 = UNCERTAINTY_MEASURE_WITH_UNIT (LENGTH_MEASURE( 1.000000000000000082E-05 ), #4737, 'distance_accuracy_value', 'NONE');
#8287 = SURFACE_STYLE_USAGE ( .BOTH. , #1821 ) ;
#8288 = VECTOR ( 'NONE', #3785, 1000.000000000000000 ) ;
#8289 = CYLINDRICAL_SURFACE ( 'NONE', #7033, 0.05000000000000012768 ) ;
#8290 = ADVANCED_FACE ( 'NONE', ( #9502 ), #6107, .T. ) ;
#8291 = EDGE_LOOP ( 'NONE', ( #5291, #924, #4621, #3767 ) ) ;
#8292 = LINE ( 'NONE', #2737, #6154 ) ;
#8293 = DIRECTION ( 'NONE',  ( -1.000000000000000000, 0.000000000000000000, 0.000000000000000000 ) ) ;
#8294 = VERTEX_POINT ( 'NONE', #4468 ) ;
#8295 = CARTESIAN_POINT ( 'NONE',  ( -1.870000000000000107, -1.055665328710545747, 3.897297636193110648 ) ) ;
#8296 = DIRECTION ( 'NONE',  ( 0.000000000000000000, -1.000000000000000000, 0.000000000000000000 ) ) ;
#8297 = DIRECTION ( 'NONE',  ( -1.000000000000000000, -0.000000000000000000, -0.000000000000000000 ) ) ;
#8298 = CARTESIAN_POINT ( 'NONE',  ( -6.949999999999999289, -1.055665328710549522, -4.250000000000000888 ) ) ;
#8299 = VECTOR ( 'NONE', #7801, 1000.000000000000000 ) ;
#8300 = CARTESIAN_POINT ( 'NONE',  ( 5.821936167392620654, -1.374999999999998890, -4.250000000000000888 ) ) ;
#8301 = EDGE_CURVE ( 'NONE', #6036, #893, #5845, .T. ) ;
#8302 = SURFACE_STYLE_USAGE ( .BOTH. , #1087 ) ;
#8303 = ORIENTED_EDGE ( 'NONE', *, *, #3849, .F. ) ;
#8304 = VECTOR ( 'NONE', #10383, 1000.000000000000000 ) ;
#8305 = AXIS2_PLACEMENT_3D ( 'NONE', #1737, #8128, #8992 ) ;
#8306 = ORIENTED_EDGE ( 'NONE', *, *, #5881, .T. ) ;
#8307 = PLANE ( 'NONE',  #1402 ) ;
#8308 = CARTESIAN_POINT ( 'NONE',  ( -5.821936167392618877, -1.374999999999998668, 4.039106398383939478 ) ) ;
#8309 = FACE_OUTER_BOUND ( 'NONE', #6075, .T. ) ;
#8310 = LINE ( 'NONE', #2291, #3494 ) ;
#8311 = STYLED_ITEM ( 'NONE', ( #2855 ), #6617 ) ;
#8312 = CARTESIAN_POINT ( 'NONE',  ( 8.290000000000000924, -0.1599999999999999756, -3.695747996505077904 ) ) ;
#8313 = ORIENTED_EDGE ( 'NONE', *, *, #5729, .F. ) ;
#8314 = ORIENTED_EDGE ( 'NONE', *, *, #8388, .F. ) ;
#8315 = EDGE_CURVE ( 'NONE', #2872, #5406, #8478, .T. ) ;
#8316 = LINE ( 'NONE', #4554, #9709 ) ;
#8317 = DIRECTION ( 'NONE',  ( -1.000000000000000000, -0.000000000000000000, -0.000000000000000000 ) ) ;
#8318 = DIRECTION ( 'NONE',  ( 0.000000000000000000, 0.9979641717745812990, 0.06377704802100914172 ) ) ;
#8319 = CARTESIAN_POINT ( 'NONE',  ( 6.949999999999999289, 0.1099999999999998618, -3.897297636193110648 ) ) ;
#8320 = EDGE_CURVE ( 'NONE', #9677, #7381, #1538, .T. ) ;
#8321 = DIRECTION ( 'NONE',  ( -0.000000000000000000, -1.000000000000000000, -0.000000000000000000 ) ) ;
#8322 = STYLED_ITEM ( 'NONE', ( #1658 ), #5289 ) ;
#8323 = EDGE_CURVE ( 'NONE', #1622, #5540, #680, .T. ) ;
#8324 = VERTEX_POINT ( 'NONE', #10252 ) ;
#8325 = EDGE_LOOP ( 'NONE', ( #9463, #9597, #9727, #260 ) ) ;
#8326 = PRESENTATION_LAYER_ASSIGNMENT (  '', '', ( #3574 ) ) ;
#8327 = CARTESIAN_POINT ( 'NONE',  ( -3.210000000000000853, -4.674999999999999822, -4.034390786870895695 ) ) ;
#8328 = VECTOR ( 'NONE', #8115, 1000.000000000000000 ) ;
#8329 = CARTESIAN_POINT ( 'NONE',  ( -0.6700000000000004841, -4.674999999999999822, 4.249999999999999112 ) ) ;
#8330 = PRESENTATION_STYLE_ASSIGNMENT (( #1768 ) ) ;
#8331 = ORIENTED_EDGE ( 'NONE', *, *, #7115, .T. ) ;
#8332 = PLANE ( 'NONE',  #3441 ) ;
#8333 = ORIENTED_EDGE ( 'NONE', *, *, #9730, .T. ) ;
#8334 = PLANE ( 'NONE',  #6237 ) ;
#8335 = DIRECTION ( 'NONE',  ( 0.000000000000000000, -0.000000000000000000, 1.000000000000000000 ) ) ;
#8336 = FILL_AREA_STYLE ('',( #9929 ) ) ;
#8337 = CARTESIAN_POINT ( 'NONE',  ( -3.209999999999999964, -1.055665328710549522, -3.803089415876316437 ) ) ;
#8338 = PRESENTATION_STYLE_ASSIGNMENT (( #938 ) ) ;
#8339 =( GEOMETRIC_REPRESENTATION_CONTEXT ( 3 ) GLOBAL_UNCERTAINTY_ASSIGNED_CONTEXT ( ( #3228 ) ) GLOBAL_UNIT_ASSIGNED_CONTEXT ( ( #6402, #3107, #7938 ) ) REPRESENTATION_CONTEXT ( 'NONE', 'WORKASPACE' ) );
#8340 =( NAMED_UNIT ( * ) PLANE_ANGLE_UNIT ( ) SI_UNIT ( $, .RADIAN. ) );
#8341 = VECTOR ( 'NONE', #8413, 1000.000000000000000 ) ;
#8342 = EDGE_LOOP ( 'NONE', ( #5776, #8196, #1631, #5184 ) ) ;
#8343 =( GEOMETRIC_REPRESENTATION_CONTEXT ( 3 ) GLOBAL_UNCERTAINTY_ASSIGNED_CONTEXT ( ( #9521 ) ) GLOBAL_UNIT_ASSIGNED_CONTEXT ( ( #5455, #2202, #3827 ) ) REPRESENTATION_CONTEXT ( 'NONE', 'WORKASPACE' ) );
#8345 = ORIENTED_EDGE ( 'NONE', *, *, #685, .T. ) ;
#8344 =( NAMED_UNIT ( * ) PLANE_ANGLE_UNIT ( ) SI_UNIT ( $, .RADIAN. ) );
#8346 = DIRECTION ( 'NONE',  ( 1.000000000000000000, 0.000000000000000000, 0.000000000000000000 ) ) ;
#8347 = ADVANCED_FACE ( 'NONE', ( #7720 ), #2992, .F. ) ;
#8348 = UNCERTAINTY_MEASURE_WITH_UNIT (LENGTH_MEASURE( 1.000000000000000082E-05 ), #10104, 'distance_accuracy_value', 'NONE');
#8349 = PLANE ( 'NONE',  #847 ) ;
#8350 = PRESENTATION_STYLE_ASSIGNMENT (( #10190 ) ) ;
#8351 = DIRECTION ( 'NONE',  ( 0.000000000000000000, -0.9848077530122080203, 0.1736481776669303589 ) ) ;
#8352 = LINE ( 'NONE', #5674, #2160 ) ;
#8353 = DIRECTION ( 'NONE',  ( -0.000000000000000000, 1.000000000000000000, -0.000000000000000000 ) ) ;
#8354 = ORIENTED_EDGE ( 'NONE', *, *, #4036, .T. ) ;
#8355 = ORIENTED_EDGE ( 'NONE', *, *, #9760, .T. ) ;
#8356 = STYLED_ITEM ( 'NONE', ( #6969 ), #2138 ) ;
#8357 = CIRCLE ( 'NONE', #501, 0.05000000000000012768 ) ;
#8358 = CARTESIAN_POINT ( 'NONE',  ( 3.560000000000000497, -4.674999999999999822, -4.034390786870895695 ) ) ;
#8359 =( GEOMETRIC_REPRESENTATION_CONTEXT ( 3 ) GLOBAL_UNCERTAINTY_ASSIGNED_CONTEXT ( ( #1546 ) ) GLOBAL_UNIT_ASSIGNED_CONTEXT ( ( #7550, #9322, #6326 ) ) REPRESENTATION_CONTEXT ( 'NONE', 'WORKASPACE' ) );
#8360 = ORIENTED_EDGE ( 'NONE', *, *, #5619, .T. ) ;
#8361 = ADVANCED_FACE ( 'NONE', ( #7959 ), #923, .F. ) ;
#8362 = DIRECTION ( 'NONE',  ( -0.000000000000000000, -0.000000000000000000, 1.000000000000000000 ) ) ;
#8363 = CARTESIAN_POINT ( 'NONE',  ( -9.882742557828871455, 0.7750000000000000222, -3.432742557828870389 ) ) ;
#8364 = LINE ( 'NONE', #9260, #5713 ) ;
#8365 = EDGE_LOOP ( 'NONE', ( #3693, #8975, #6552, #9982 ) ) ;
#8366 = DIRECTION ( 'NONE',  ( 2.443272501375784959E-16, 0.000000000000000000, 1.000000000000000000 ) ) ;
#8367 = EDGE_CURVE ( 'NONE', #9013, #3623, #1160, .T. ) ;
#8368 = CARTESIAN_POINT ( 'NONE',  ( -1.519999999999999574, -4.674999999999999822, 4.034390786870896584 ) ) ;
#8369 = LINE ( 'NONE', #2730, #2693 ) ;
#8370 = LINE ( 'NONE', #1042, #953 ) ;
#8371 = CARTESIAN_POINT ( 'NONE',  ( 0.7419361673926192502, -1.374999999999998890, -4.250000000000000888 ) ) ;
#8372 = CARTESIAN_POINT ( 'NONE',  ( 1.520000000000000462, -0.1568111475989498460, 3.745646205093807080 ) ) ;
#8373 = SURFACE_STYLE_FILL_AREA ( #3289 ) ;
#8374 = VERTEX_POINT ( 'NONE', #5601 ) ;
#8375 = EDGE_CURVE ( 'NONE', #3404, #6275, #4834, .T. ) ;
#8376 = ORIENTED_EDGE ( 'NONE', *, *, #5532, .T. ) ;
#8377 =( LENGTH_UNIT ( ) NAMED_UNIT ( * ) SI_UNIT ( .MILLI., .METRE. ) );
#8378 = LINE ( 'NONE', #8387, #76 ) ;
#8379 = CARTESIAN_POINT ( 'NONE',  ( -4.410000000000001030, -0.1568111475989498460, -3.745646205093807080 ) ) ;
#8380 = AXIS2_PLACEMENT_3D ( 'NONE', #6423, #8029, #2420 ) ;
#8381 = EDGE_CURVE ( 'NONE', #9136, #5796, #3537, .T. ) ;
#8382 = DIRECTION ( 'NONE',  ( -0.000000000000000000, -0.000000000000000000, 1.000000000000000000 ) ) ;
#8383 = CARTESIAN_POINT ( 'NONE',  ( 5.750000000000000000, -1.055665328710541973, -3.803089415876315549 ) ) ;
#8384 = ORIENTED_EDGE ( 'NONE', *, *, #9343, .T. ) ;
#8385 = AXIS2_PLACEMENT_3D ( 'NONE', #3697, #4406, #6802 ) ;
#8386 = LINE ( 'NONE', #960, #3208 ) ;
#8387 = CARTESIAN_POINT ( 'NONE',  ( 9.999999999999998224, 0.1100000000000000006, -3.549999999999999378 ) ) ;
#8388 = EDGE_CURVE ( 'NONE', #767, #2274, #6338, .T. ) ;
#8389 = DIRECTION ( 'NONE',  ( -1.000000000000000000, 0.000000000000000000, -0.000000000000000000 ) ) ;
#8390 = EDGE_CURVE ( 'NONE', #5898, #6108, #8352, .T. ) ;
#8391 = EDGE_LOOP ( 'NONE', ( #756, #1151, #6137, #2771 ) ) ;
#8392 = ADVANCED_FACE ( 'NONE', ( #45 ), #2283, .T. ) ;
#8393 = DIRECTION ( 'NONE',  ( 1.000000000000000000, 0.000000000000000000, 0.000000000000000000 ) ) ;
#8394 = FACE_OUTER_BOUND ( 'NONE', #6816, .T. ) ;
#8395 = FACE_OUTER_BOUND ( 'NONE', #2659, .T. ) ;
#8396 = CARTESIAN_POINT ( 'NONE',  ( -9.882742557828871455, -0.7750000000000000222, -3.432742557828870389 ) ) ;
#8397 = AXIS2_PLACEMENT_3D ( 'NONE', #4001, #5660, #5630 ) ;
#8398 = ORIENTED_EDGE ( 'NONE', *, *, #1194, .F. ) ;
#8399 = AXIS2_PLACEMENT_3D ( 'NONE', #7858, #4772, #694 ) ;
#8400 = FACE_OUTER_BOUND ( 'NONE', #8479, .T. ) ;
#8401 =( LENGTH_UNIT ( ) NAMED_UNIT ( * ) SI_UNIT ( .MILLI., .METRE. ) );
#8402 = EDGE_LOOP ( 'NONE', ( #8207, #7285, #8878, #4383 ) ) ;
#8403 = UNCERTAINTY_MEASURE_WITH_UNIT (LENGTH_MEASURE( 1.000000000000000082E-05 ), #5956, 'distance_accuracy_value', 'NONE');
#8404 = CARTESIAN_POINT ( 'NONE',  ( -9.792175479862921250, -1.288631422724187736, 3.342175479862921961 ) ) ;
#8405 = DIRECTION ( 'NONE',  ( 0.000000000000000000, 0.000000000000000000, 1.000000000000000000 ) ) ;
#8406 = ORIENTED_EDGE ( 'NONE', *, *, #87, .T. ) ;
#8407 = VERTEX_POINT ( 'NONE', #9805 ) ;
#8408 = VECTOR ( 'NONE', #454, 1000.000000000000114 ) ;
#8409 = ORIENTED_EDGE ( 'NONE', *, *, #10423, .T. ) ;
#8410 = STYLED_ITEM ( 'NONE', ( #596 ), #9983 ) ;
#8411 = SURFACE_STYLE_USAGE ( .BOTH. , #334 ) ;
#8412 = VECTOR ( 'NONE', #6902, 1000.000000000000114 ) ;
#8413 = DIRECTION ( 'NONE',  ( -1.000000000000000000, 0.000000000000000000, -0.000000000000000000 ) ) ;
#8414 =( LENGTH_UNIT ( ) NAMED_UNIT ( * ) SI_UNIT ( .MILLI., .METRE. ) );
#8415 = UNCERTAINTY_MEASURE_WITH_UNIT (LENGTH_MEASURE( 1.000000000000000082E-05 ), #7139, 'distance_accuracy_value', 'NONE');
#8416 = LINE ( 'NONE', #5843, #3867 ) ;
#8417 = DIRECTION ( 'NONE',  ( 0.000000000000000000, -0.000000000000000000, 1.000000000000000000 ) ) ;
#8418 = EDGE_LOOP ( 'NONE', ( #8229, #7339, #2479, #8833 ) ) ;
#8419 = PRESENTATION_STYLE_ASSIGNMENT (( #2541 ) ) ;
#8420 =( NAMED_UNIT ( * ) SI_UNIT ( $, .STERADIAN. ) SOLID_ANGLE_UNIT ( ) );
#8421 = DIRECTION ( 'NONE',  ( -0.000000000000000000, -0.000000000000000000, 1.000000000000000000 ) ) ;
#8422 = AXIS2_PLACEMENT_3D ( 'NONE', #2355, #3894, #7763 ) ;
#8423 = VECTOR ( 'NONE', #8039, 1000.000000000000227 ) ;
#8424 = VERTEX_POINT ( 'NONE', #3336 ) ;
#8425 = ORIENTED_EDGE ( 'NONE', *, *, #4189, .T. ) ;
#8426 = PLANE ( 'NONE',  #4230 ) ;
#8427 = LINE ( 'NONE', #7079, #4 ) ;
#8428 = FILL_AREA_STYLE ('',( #3550 ) ) ;
#8429 = EDGE_CURVE ( 'NONE', #8285, #1838, #4691, .T. ) ;
#8430 = CARTESIAN_POINT ( 'NONE',  ( 0.6700000000000004841, -0.1568111475989498460, -3.745646205093807080 ) ) ;
#8431 = EDGE_LOOP ( 'NONE', ( #1384, #7605, #2624, #204 ) ) ;
#8432 = DIRECTION ( 'NONE',  ( -1.000000000000000000, -0.000000000000000000, -0.000000000000000000 ) ) ;
#8433 = EDGE_CURVE ( 'NONE', #6350, #2381, #6730, .T. ) ;
#8434 = FACE_OUTER_BOUND ( 'NONE', #9293, .T. ) ;
#8435 = LINE ( 'NONE', #9250, #5049 ) ;
#8436 = FACE_OUTER_BOUND ( 'NONE', #5527, .T. ) ;
#8437 = ORIENTED_EDGE ( 'NONE', *, *, #2574, .T. ) ;
#8438 = ORIENTED_EDGE ( 'NONE', *, *, #4117, .T. ) ;
#8439 = ORIENTED_EDGE ( 'NONE', *, *, #4324, .T. ) ;
#8440 = ADVANCED_FACE ( 'NONE', ( #1395 ), #4948, .F. ) ;
#8441 = PRESENTATION_LAYER_ASSIGNMENT (  '', '', ( #6850 ) ) ;
#8442 = FACE_OUTER_BOUND ( 'NONE', #9123, .T. ) ;
#8443 = CARTESIAN_POINT ( 'NONE',  ( 4.060000000000001386, -0.1568111475989498460, 3.745646205093807080 ) ) ;
#8444 = EDGE_CURVE ( 'NONE', #6436, #6485, #2923, .T. ) ;
#8445 = COLOUR_RGB ( '',0.7529411764705882248, 0.7529411764705882248, 0.7529411764705882248 ) ;
#8446 = CARTESIAN_POINT ( 'NONE',  ( 0.6700000000000004841, -1.055665328710549522, 3.803089415876315993 ) ) ;
#8447 = SURFACE_STYLE_USAGE ( .BOTH. , #7633 ) ;
#8448 = PRESENTATION_STYLE_ASSIGNMENT (( #602 ) ) ;
#8449 = ORIENTED_EDGE ( 'NONE', *, *, #4801, .F. ) ;
#8450 = DIRECTION ( 'NONE',  ( -0.000000000000000000, -0.000000000000000000, 1.000000000000000000 ) ) ;
#8451 = ORIENTED_EDGE ( 'NONE', *, *, #8038, .T. ) ;
#8452 = EDGE_CURVE ( 'NONE', #6482, #4630, #8466, .T. ) ;
#8453 = ORIENTED_EDGE ( 'NONE', *, *, #1036, .F. ) ;
#8454 = AXIS2_PLACEMENT_3D ( 'NONE', #2178, #5150, #652 ) ;
#8455 =( NAMED_UNIT ( * ) SI_UNIT ( $, .STERADIAN. ) SOLID_ANGLE_UNIT ( ) );
#8456 = VECTOR ( 'NONE', #10395, 1000.000000000000000 ) ;
#8457 = ORIENTED_EDGE ( 'NONE', *, *, #4655, .T. ) ;
#8458 = ORIENTED_EDGE ( 'NONE', *, *, #9264, .F. ) ;
#8459 = ORIENTED_EDGE ( 'NONE', *, *, #1891, .F. ) ;
#8460 = ORIENTED_EDGE ( 'NONE', *, *, #9485, .F. ) ;
#8461 = AXIS2_PLACEMENT_3D ( 'NONE', #4477, #6007, #10300 ) ;
#8462 = CARTESIAN_POINT ( 'NONE',  ( 9.490000000000000213, -0.1599999999999999756, -3.695747996505077904 ) ) ;
#8463 = VECTOR ( 'NONE', #8964, 1000.000000000000000 ) ;
#8464 = CARTESIAN_POINT ( 'NONE',  ( 6.949999999999999289, 0.06318885240105015511, 3.947195844781839824 ) ) ;
#8465 = LINE ( 'NONE', #9919, #6727 ) ;
#8466 = LINE ( 'NONE', #4259, #9119 ) ;
#8467 =( LENGTH_UNIT ( ) NAMED_UNIT ( * ) SI_UNIT ( .MILLI., .METRE. ) );
#8468 = ORIENTED_EDGE ( 'NONE', *, *, #30, .T. ) ;
#8469 = FACE_OUTER_BOUND ( 'NONE', #4137, .T. ) ;
#8470 = DIRECTION ( 'NONE',  ( 0.000000000000000000, 0.9979641717745812990, -0.06377704802100926662 ) ) ;
#8471 = CARTESIAN_POINT ( 'NONE',  ( -5.750000000000000000, 0.1099999999999998618, -3.897297636193110648 ) ) ;
#8472 = UNCERTAINTY_MEASURE_WITH_UNIT (LENGTH_MEASURE( 1.000000000000000082E-05 ), #8247, 'distance_accuracy_value', 'NONE');
#8473 = AXIS2_PLACEMENT_3D ( 'NONE', #5923, #8238, #219 ) ;
#8474 = MECHANICAL_DESIGN_GEOMETRIC_PRESENTATION_REPRESENTATION (  '', ( #933 ), #3074 ) ;
#8475 = SURFACE_SIDE_STYLE ('',( #6777 ) ) ;
#8476 = DIRECTION ( 'NONE',  ( 0.000000000000000000, 0.000000000000000000, -1.000000000000000000 ) ) ;
#8477 =( LENGTH_UNIT ( ) NAMED_UNIT ( * ) SI_UNIT ( .MILLI., .METRE. ) );
#8478 = LINE ( 'NONE', #504, #3670 ) ;
#8479 = EDGE_LOOP ( 'NONE', ( #8799, #8173, #4223, #9753, #5764, #1709, #7695, #1590, #2987, #10080 ) ) ;
#8480 = CARTESIAN_POINT ( 'NONE',  ( 9.490000000000000213, 0.06318885240105015511, 3.947195844781839824 ) ) ;
#8481 =( NAMED_UNIT ( * ) PLANE_ANGLE_UNIT ( ) SI_UNIT ( $, .RADIAN. ) );
#8482 = VERTEX_POINT ( 'NONE', #5859 ) ;
#8483 = VECTOR ( 'NONE', #1252, 1000.000000000000000 ) ;
#8484 = MECHANICAL_DESIGN_GEOMETRIC_PRESENTATION_REPRESENTATION (  '', ( #2853 ), #3590 ) ;
#8485 = ORIENTED_EDGE ( 'NONE', *, *, #8050, .F. ) ;
#8486 = CARTESIAN_POINT ( 'NONE',  ( -6.599999999999999645, -4.674999999999999822, -4.034390786870895695 ) ) ;
#8487 = ORIENTED_EDGE ( 'NONE', *, *, #8260, .F. ) ;
#8488 = ADVANCED_FACE ( 'NONE', ( #7837 ), #9068, .F. ) ;
#8489 = EDGE_CURVE ( 'NONE', #387, #7170, #7337, .T. ) ;
#8490 = VECTOR ( 'NONE', #10055, 1000.000000000000227 ) ;
#8491 = VECTOR ( 'NONE', #5773, 1000.000000000000000 ) ;
#8492 = CARTESIAN_POINT ( 'NONE',  ( -3.210000000000000853, -4.674999999999999822, 4.034390786870895695 ) ) ;
#8493 = DIRECTION ( 'NONE',  ( 1.000000000000000000, 0.000000000000000000, 0.000000000000000000 ) ) ;
#8494 = ORIENTED_EDGE ( 'NONE', *, *, #5261, .F. ) ;
#8495 = PRESENTATION_LAYER_ASSIGNMENT (  '', '', ( #5810 ) ) ;
#8496 = DIRECTION ( 'NONE',  ( -1.000000000000000000, -0.000000000000000000, -0.000000000000000000 ) ) ;
#8497 = CARTESIAN_POINT ( 'NONE',  ( -5.750000000000000000, -0.1100000000000000006, -3.695747996505077460 ) ) ;
#8498 = EDGE_LOOP ( 'NONE', ( #9608, #1660, #873, #2352, #79, #7095, #9187, #4087 ) ) ;
#8499 = FILL_AREA_STYLE ('',( #6838 ) ) ;
#8500 =( NAMED_UNIT ( * ) SI_UNIT ( $, .STERADIAN. ) SOLID_ANGLE_UNIT ( ) );
#8501 =( NAMED_UNIT ( * ) PLANE_ANGLE_UNIT ( ) SI_UNIT ( $, .RADIAN. ) );
#8502 = FACE_OUTER_BOUND ( 'NONE', #5012, .T. ) ;
#8503 = ADVANCED_FACE ( 'NONE', ( #7709 ), #6567, .F. ) ;
#8504 = EDGE_CURVE ( 'NONE', #4660, #1836, #5952, .T. ) ;
#8505 = SURFACE_SIDE_STYLE ('',( #474 ) ) ;
#8506 = PRESENTATION_STYLE_ASSIGNMENT (( #1897 ) ) ;
#8507 = VERTEX_POINT ( 'NONE', #5141 ) ;
#8508 = EDGE_CURVE ( 'NONE', #5540, #5412, #3282, .T. ) ;
#8509 = DIRECTION ( 'NONE',  ( 0.000000000000000000, 0.000000000000000000, 1.000000000000000000 ) ) ;
#8510 = CARTESIAN_POINT ( 'NONE',  ( 5.750000000000000000, 0.1099999999999998618, 3.897297636193110648 ) ) ;
#8511 = PRESENTATION_STYLE_ASSIGNMENT (( #8550 ) ) ;
#8512 = EDGE_CURVE ( 'NONE', #3771, #3417, #4823, .T. ) ;
#8513 = ORIENTED_EDGE ( 'NONE', *, *, #2092, .F. ) ;
#8514 = CYLINDRICAL_SURFACE ( 'NONE', #5197, 0.05000000000000012768 ) ;
#8515 = CARTESIAN_POINT ( 'NONE',  ( -6.099999999999999645, 0.06318885240105015511, -3.947195844781839824 ) ) ;
#8516 = DIRECTION ( 'NONE',  ( 0.000000000000000000, 0.06377704802100914172, -0.9979641717745812990 ) ) ;
#8517 = DIRECTION ( 'NONE',  ( 1.000000000000000000, 0.000000000000000000, 0.000000000000000000 ) ) ;
#8518 =( GEOMETRIC_REPRESENTATION_CONTEXT ( 3 ) GLOBAL_UNCERTAINTY_ASSIGNED_CONTEXT ( ( #1933 ) ) GLOBAL_UNIT_ASSIGNED_CONTEXT ( ( #7793, #2220, #10229 ) ) REPRESENTATION_CONTEXT ( 'NONE', 'WORKASPACE' ) );
#8519 = FILL_AREA_STYLE_COLOUR ( '', #3325 ) ;
#8520 = ORIENTED_EDGE ( 'NONE', *, *, #3638, .F. ) ;
#8521 = MECHANICAL_DESIGN_GEOMETRIC_PRESENTATION_REPRESENTATION (  '', ( #6931 ), #3576 ) ;
#8522 = DIRECTION ( 'NONE',  ( 0.000000000000000000, 0.000000000000000000, 1.000000000000000000 ) ) ;
#8523 = SURFACE_STYLE_FILL_AREA ( #242 ) ;
#8524 = CIRCLE ( 'NONE', #8101, 0.04999999999999969746 ) ;
#8525 = LINE ( 'NONE', #3420, #9674 ) ;
#8526 = VERTEX_POINT ( 'NONE', #5107 ) ;
#8527 = ORIENTED_EDGE ( 'NONE', *, *, #10327, .F. ) ;
#8528 = CIRCLE ( 'NONE', #5170, 0.04999999999999969746 ) ;
#8529 = ORIENTED_EDGE ( 'NONE', *, *, #5121, .F. ) ;
#8530 = UNCERTAINTY_MEASURE_WITH_UNIT (LENGTH_MEASURE( 1.000000000000000082E-05 ), #6419, 'distance_accuracy_value', 'NONE');
#8531 = SURFACE_STYLE_USAGE ( .BOTH. , #10341 ) ;
#8532 = CIRCLE ( 'NONE', #9083, 0.04999999999999969746 ) ;
#8533 = MECHANICAL_DESIGN_GEOMETRIC_PRESENTATION_REPRESENTATION (  '', ( #5237 ), #8339 ) ;
#8534 = CARTESIAN_POINT ( 'NONE',  ( -3.210000000000000853, -1.055665328710555295, -3.897297636193110648 ) ) ;
#8535 = CARTESIAN_POINT ( 'NONE',  ( 1.520000000000000462, -4.675000000000000711, -4.034390786870895695 ) ) ;
#8536 = COLOUR_RGB ( '',0.7529411764705882248, 0.7529411764705882248, 0.7529411764705882248 ) ;
#8537 = CARTESIAN_POINT ( 'NONE',  ( -3.559999999999999165, -4.674999999999999822, 4.249999999999999112 ) ) ;
#8538 = AXIS2_PLACEMENT_3D ( 'NONE', #9450, #8560, #4614 ) ;
#8539 = FILL_AREA_STYLE_COLOUR ( '', #8564 ) ;
#8540 = ORIENTED_EDGE ( 'NONE', *, *, #7630, .F. ) ;
#8541 = VECTOR ( 'NONE', #903, 1000.000000000000000 ) ;
#8542 = ORIENTED_EDGE ( 'NONE', *, *, #6556, .F. ) ;
#8543 = MANIFOLD_SOLID_BREP ( 'Cut-Extrude2[5]', #10162 ) ;
#8544 = SURFACE_STYLE_USAGE ( .BOTH. , #2227 ) ;
#8545 = CARTESIAN_POINT ( 'NONE',  ( -1.798063832607380563, -1.374999999999998890, -4.250000000000000888 ) ) ;
#8546 =( LENGTH_UNIT ( ) NAMED_UNIT ( * ) SI_UNIT ( .MILLI., .METRE. ) );
#8547 = SURFACE_STYLE_FILL_AREA ( #4459 ) ;
#8548 =( GEOMETRIC_REPRESENTATION_CONTEXT ( 3 ) GLOBAL_UNCERTAINTY_ASSIGNED_CONTEXT ( ( #4394 ) ) GLOBAL_UNIT_ASSIGNED_CONTEXT ( ( #5068, #5772, #3395 ) ) REPRESENTATION_CONTEXT ( 'NONE', 'WORKASPACE' ) );
#8549 = STYLED_ITEM ( 'NONE', ( #6647 ), #10039 ) ;
#8550 = SURFACE_STYLE_USAGE ( .BOTH. , #6952 ) ;
#8551 = VERTEX_POINT ( 'NONE', #9942 ) ;
#8552 = LINE ( 'NONE', #9571, #8304 ) ;
#8553 = PLANE ( 'NONE',  #1174 ) ;
#8554 = DIRECTION ( 'NONE',  ( 0.000000000000000000, 0.9979641717745812990, 0.06377704802100914172 ) ) ;
#8555 = ORIENTED_EDGE ( 'NONE', *, *, #1562, .F. ) ;
#8556 = ORIENTED_EDGE ( 'NONE', *, *, #5904, .T. ) ;
#8557 = SURFACE_STYLE_FILL_AREA ( #4625 ) ;
#8558 = CARTESIAN_POINT ( 'NONE',  ( -0.6700000000000004841, -4.674999999999999822, 4.034390786870895695 ) ) ;
#8559 = CARTESIAN_POINT ( 'NONE',  ( -6.599999999999999645, -1.374999999999999112, -4.039106398383939478 ) ) ;
#8560 = DIRECTION ( 'NONE',  ( 0.000000000000000000, -1.000000000000000000, 0.000000000000000000 ) ) ;
#8561 = CARTESIAN_POINT ( 'NONE',  ( 1.020000000000000018, -4.674999999999999822, -4.250000000000000888 ) ) ;
#8562 = VERTEX_POINT ( 'NONE', #3500 ) ;
#8563 = ORIENTED_EDGE ( 'NONE', *, *, #2284, .F. ) ;
#8564 = COLOUR_RGB ( '',0.7529411764705882248, 0.7529411764705882248, 0.7529411764705882248 ) ;
#8565 = EDGE_CURVE ( 'NONE', #5406, #893, #7962, .T. ) ;
#8566 = VECTOR ( 'NONE', #9670, 1000.000000000000000 ) ;
#8567 = PRESENTATION_STYLE_ASSIGNMENT (( #10438 ) ) ;
#8568 = DIRECTION ( 'NONE',  ( 0.9755535465928818484, 0.2197618659596111135, 0.000000000000000000 ) ) ;
#8569 = EDGE_LOOP ( 'NONE', ( #9649, #1161, #5469, #3986 ) ) ;
#8570 = ORIENTED_EDGE ( 'NONE', *, *, #8433, .F. ) ;
#8571 = EDGE_CURVE ( 'NONE', #1507, #9741, #4549, .T. ) ;
#8572 = FILL_AREA_STYLE ('',( #2930 ) ) ;
#8573 = EDGE_LOOP ( 'NONE', ( #10087, #7545, #819, #5278 ) ) ;
#8574 = EDGE_CURVE ( 'NONE', #4368, #8153, #7576, .T. ) ;
#8575 = ORIENTED_EDGE ( 'NONE', *, *, #4599, .F. ) ;
#8576 =( NAMED_UNIT ( * ) SI_UNIT ( $, .STERADIAN. ) SOLID_ANGLE_UNIT ( ) );
#8577 = CARTESIAN_POINT ( 'NONE',  ( -3.210000000000000853, 0.1099999999999998618, 3.897297636193110648 ) ) ;
#8578 = VECTOR ( 'NONE', #8318, 1000.000000000000114 ) ;
#8579 = AXIS2_PLACEMENT_3D ( 'NONE', #217, #9098, #9236 ) ;
#8580 = ORIENTED_EDGE ( 'NONE', *, *, #211, .F. ) ;
#8581 = VERTEX_POINT ( 'NONE', #367 ) ;
#8582 = PRESENTATION_LAYER_ASSIGNMENT (  '', '', ( #1207 ) ) ;
#8583 =( LENGTH_UNIT ( ) NAMED_UNIT ( * ) SI_UNIT ( .MILLI., .METRE. ) );
#8584 = DIRECTION ( 'NONE',  ( 0.000000000000000000, 0.000000000000000000, 1.000000000000000000 ) ) ;
#8585 = EDGE_CURVE ( 'NONE', #9220, #5800, #1530, .T. ) ;
#8586 = VECTOR ( 'NONE', #1550, 1000.000000000000000 ) ;
#8587 = VECTOR ( 'NONE', #2818, 1000.000000000000000 ) ;
#8588 = COLOUR_RGB ( '',0.7529411764705882248, 0.7529411764705882248, 0.7529411764705882248 ) ;
#8589 = ORIENTED_EDGE ( 'NONE', *, *, #5207, .F. ) ;
#8590 = SURFACE_STYLE_FILL_AREA ( #9443 ) ;
#8591 = SURFACE_STYLE_USAGE ( .BOTH. , #6058 ) ;
#8592 = EDGE_CURVE ( 'NONE', #7462, #2503, #9980, .T. ) ;
#8593 = UNCERTAINTY_MEASURE_WITH_UNIT (LENGTH_MEASURE( 1.000000000000000082E-05 ), #156, 'distance_accuracy_value', 'NONE');
#8594 = CARTESIAN_POINT ( 'NONE',  ( -3.210000000000000853, 0.1099999999999998618, -3.897297636193110648 ) ) ;
#8595 = MECHANICAL_DESIGN_GEOMETRIC_PRESENTATION_REPRESENTATION (  '', ( #6448 ), #1360 ) ;
#8596 = CARTESIAN_POINT ( 'NONE',  ( 1.520000000000000462, -1.374999999999998890, -3.823497185254834729 ) ) ;
#8597 =( LENGTH_UNIT ( ) NAMED_UNIT ( * ) SI_UNIT ( .MILLI., .METRE. ) );
#8598 =( GEOMETRIC_REPRESENTATION_CONTEXT ( 3 ) GLOBAL_UNCERTAINTY_ASSIGNED_CONTEXT ( ( #9062 ) ) GLOBAL_UNIT_ASSIGNED_CONTEXT ( ( #2024, #2846, #9376 ) ) REPRESENTATION_CONTEXT ( 'NONE', 'WORKASPACE' ) );
#8599 = SURFACE_STYLE_FILL_AREA ( #4228 ) ;
#8600 = ADVANCED_FACE ( 'NONE', ( #7828 ), #1918, .F. ) ;
#8601 = MECHANICAL_DESIGN_GEOMETRIC_PRESENTATION_REPRESENTATION (  '', ( #9696 ), #7198 ) ;
#8602 = LINE ( 'NONE', #9771, #4837 ) ;
#8603 = DIRECTION ( 'NONE',  ( -1.000000000000000000, -0.000000000000000000, -0.000000000000000000 ) ) ;
#8604 = DIRECTION ( 'NONE',  ( 0.000000000000000000, 0.9979641717745812990, -0.06377704802100914172 ) ) ;
#8605 = CARTESIAN_POINT ( 'NONE',  ( -7.895585702691873209, -0.09870989375590084880, 3.957542332561889253 ) ) ;
#8606 = SURFACE_SIDE_STYLE ('',( #2414 ) ) ;
#8607 = ORIENTED_EDGE ( 'NONE', *, *, #2019, .F. ) ;
#8608 = UNCERTAINTY_MEASURE_WITH_UNIT (LENGTH_MEASURE( 1.000000000000000082E-05 ), #3046, 'distance_accuracy_value', 'NONE');
#8609 = CARTESIAN_POINT ( 'NONE',  ( 4.410000000000000142, -0.1100000000000000006, 3.695747996505077460 ) ) ;
#8610 = DIRECTION ( 'NONE',  ( 0.000000000000000000, 0.000000000000000000, 1.000000000000000000 ) ) ;
#8611 = SURFACE_STYLE_USAGE ( .BOTH. , #7037 ) ;
#8612 = DIRECTION ( 'NONE',  ( 0.000000000000000000, -0.000000000000000000, 1.000000000000000000 ) ) ;
#8613 = VECTOR ( 'NONE', #3038, 1000.000000000000000 ) ;
#8614 = LINE ( 'NONE', #4423, #9245 ) ;
#8615 = VERTEX_POINT ( 'NONE', #7565 ) ;
#8616 = DIRECTION ( 'NONE',  ( 1.000000000000000000, 0.000000000000000000, 0.000000000000000000 ) ) ;
#8617 = ADVANCED_FACE ( 'NONE', ( #293 ), #9272, .T. ) ;
#8618 =( GEOMETRIC_REPRESENTATION_CONTEXT ( 3 ) GLOBAL_UNCERTAINTY_ASSIGNED_CONTEXT ( ( #7946 ) ) GLOBAL_UNIT_ASSIGNED_CONTEXT ( ( #4559, #5376, #627 ) ) REPRESENTATION_CONTEXT ( 'NONE', 'WORKASPACE' ) );
#8619 = ORIENTED_EDGE ( 'NONE', *, *, #543, .T. ) ;
#8620 = CARTESIAN_POINT ( 'NONE',  ( -8.290000000000000924, 0.06000000000000001166, 3.897297636193110648 ) ) ;
#8621 = VECTOR ( 'NONE', #1234, 1000.000000000000000 ) ;
#8622 = CARTESIAN_POINT ( 'NONE',  ( -0.6700000000000004841, -1.374999999999998890, 4.039106398383938590 ) ) ;
#8623 = PLANE ( 'NONE',  #8644 ) ;
#8624 = ORIENTED_EDGE ( 'NONE', *, *, #7683, .T. ) ;
#8625 = DIRECTION ( 'NONE',  ( -1.000000000000000000, -0.000000000000000000, -0.000000000000000000 ) ) ;
#8626 = CARTESIAN_POINT ( 'NONE',  ( 1.870000000000000107, -0.1100000000000000006, -3.550000000000000266 ) ) ;
#8627 = DIRECTION ( 'NONE',  ( 0.000000000000000000, 0.000000000000000000, 1.000000000000000000 ) ) ;
#8628 = ORIENTED_EDGE ( 'NONE', *, *, #5884, .T. ) ;
#8629 = SURFACE_STYLE_USAGE ( .BOTH. , #1501 ) ;
#8630 = LINE ( 'NONE', #2447, #2569 ) ;
#8631 = DIRECTION ( 'NONE',  ( 0.000000000000000000, 0.000000000000000000, 1.000000000000000000 ) ) ;
#8632 = CARTESIAN_POINT ( 'NONE',  ( -6.099999999999999645, -4.674999999999999822, 4.249999999999999112 ) ) ;
#8633 = ORIENTED_EDGE ( 'NONE', *, *, #1277, .F. ) ;
#8634 = EDGE_CURVE ( 'NONE', #1074, #8285, #2146, .T. ) ;
#8635 = CARTESIAN_POINT ( 'NONE',  ( -1.869999999999999218, -1.055665328710549522, -4.018698629005419853 ) ) ;
#8636 = LINE ( 'NONE', #713, #2066 ) ;
#8637 = SURFACE_STYLE_USAGE ( .BOTH. , #1371 ) ;
#8638 = DIRECTION ( 'NONE',  ( -1.000000000000000000, -0.000000000000000000, -0.000000000000000000 ) ) ;
#8639 = PLANE ( 'NONE',  #1290 ) ;
#8640 = CARTESIAN_POINT ( 'NONE',  ( 6.950000000000001066, -1.055665328710549522, -3.803089415876316437 ) ) ;
#8641 = CARTESIAN_POINT ( 'NONE',  ( 1.798063832607381451, -1.374999999999998890, -4.250000000000000888 ) ) ;
#8642 = SURFACE_SIDE_STYLE ('',( #3881 ) ) ;
#8643 = ORIENTED_EDGE ( 'NONE', *, *, #7422, .F. ) ;
#8644 = AXIS2_PLACEMENT_3D ( 'NONE', #7727, #4513, #10160 ) ;
#8645 = EDGE_CURVE ( 'NONE', #6153, #8005, #5439, .T. ) ;
#8646 = VECTOR ( 'NONE', #3597, 1000.000000000000114 ) ;
#8647 = VECTOR ( 'NONE', #3816, 1000.000000000000000 ) ;
#8648 = CARTESIAN_POINT ( 'NONE',  ( -5.557257267839601056, -0.2000534821418784581, 3.748409699540486972 ) ) ;
#8649 = DIRECTION ( 'NONE',  ( 1.000000000000000000, -0.000000000000000000, 0.000000000000000000 ) ) ;
#8650 = PLANE ( 'NONE',  #5714 ) ;
#8651 = VERTEX_POINT ( 'NONE', #8446 ) ;
#8652 = EDGE_CURVE ( 'NONE', #3815, #5953, #9481, .T. ) ;
#8653 = ORIENTED_EDGE ( 'NONE', *, *, #7443, .T. ) ;
#8654 = DIRECTION ( 'NONE',  ( -1.000000000000000000, -0.000000000000000000, -0.000000000000000000 ) ) ;
#8655 = DIRECTION ( 'NONE',  ( 0.000000000000000000, 0.000000000000000000, -1.000000000000000000 ) ) ;
#8656 = CARTESIAN_POINT ( 'NONE',  ( -1.519999999999999574, -1.374999999999999112, -3.823497185254835173 ) ) ;
#8657 = PRESENTATION_STYLE_ASSIGNMENT (( #3869 ) ) ;
#8658 = VECTOR ( 'NONE', #1301, 1000.000000000000000 ) ;
#8659 = PLANE ( 'NONE',  #3235 ) ;
#8660 =( GEOMETRIC_REPRESENTATION_CONTEXT ( 3 ) GLOBAL_UNCERTAINTY_ASSIGNED_CONTEXT ( ( #9702 ) ) GLOBAL_UNIT_ASSIGNED_CONTEXT ( ( #3430, #9911, #8997 ) ) REPRESENTATION_CONTEXT ( 'NONE', 'WORKASPACE' ) );
#8661 =( NAMED_UNIT ( * ) SI_UNIT ( $, .STERADIAN. ) SOLID_ANGLE_UNIT ( ) );
#8662 = CARTESIAN_POINT ( 'NONE',  ( -1.519999999999999574, -1.374999999999998890, -4.250000000000000888 ) ) ;
#8663 = ORIENTED_EDGE ( 'NONE', *, *, #5664, .F. ) ;
#8664 = VERTEX_POINT ( 'NONE', #7668 ) ;
#8665 = MECHANICAL_DESIGN_GEOMETRIC_PRESENTATION_REPRESENTATION (  '', ( #5629 ), #6314 ) ;
#8666 = CARTESIAN_POINT ( 'NONE',  ( -0.6700000000000004841, -0.1100000000000000006, -3.550000000000000266 ) ) ;
#8667 = VERTEX_POINT ( 'NONE', #5208 ) ;
#8668 = ORIENTED_EDGE ( 'NONE', *, *, #564, .T. ) ;
#8669 = UNCERTAINTY_MEASURE_WITH_UNIT (LENGTH_MEASURE( 1.000000000000000082E-05 ), #5348, 'distance_accuracy_value', 'NONE');
#8670 = ADVANCED_FACE ( 'NONE', ( #6845 ), #4422, .F. ) ;
#8671 = DIRECTION ( 'NONE',  ( -1.000000000000000000, -0.000000000000000000, 0.000000000000000000 ) ) ;
#8672 = LINE ( 'NONE', #8534, #609 ) ;
#8673 = LINE ( 'NONE', #9411, #9056 ) ;
#8674 = VECTOR ( 'NONE', #4093, 1000.000000000000000 ) ;
#8675 = CARTESIAN_POINT ( 'NONE',  ( -9.115000000000000213, -0.1100000000000000006, -3.550000000000000266 ) ) ;
#8676 = EDGE_LOOP ( 'NONE', ( #1284, #1742, #8628, #637 ) ) ;
#8677 = DIRECTION ( 'NONE',  ( -1.000000000000000000, -0.000000000000000000, -0.000000000000000000 ) ) ;
#8678 = FACE_OUTER_BOUND ( 'NONE', #4364, .T. ) ;
#8679 = FILL_AREA_STYLE_COLOUR ( '', #2033 ) ;
#8680 = DIRECTION ( 'NONE',  ( 0.000000000000000000, 0.9979641717745812990, -0.06377704802100914172 ) ) ;
#8681 = STYLED_ITEM ( 'NONE', ( #5936 ), #9103 ) ;
#8682 =( LENGTH_UNIT ( ) NAMED_UNIT ( * ) SI_UNIT ( .MILLI., .METRE. ) );
#8683 = PLANE ( 'NONE',  #6757 ) ;
#8684 = CYLINDRICAL_SURFACE ( 'NONE', #9622, 0.04999999999999969746 ) ;
#8685 = DIRECTION ( 'NONE',  ( 0.1710878697460355424, 0.9702875252478138091, 0.1710878697460355147 ) ) ;
#8686 = STYLED_ITEM ( 'NONE', ( #5312 ), #1721 ) ;
#8687 = PRESENTATION_STYLE_ASSIGNMENT (( #174 ) ) ;
#8688 = PLANE ( 'NONE',  #585 ) ;
#8689 = ORIENTED_EDGE ( 'NONE', *, *, #7820, .F. ) ;
#8690 = ORIENTED_EDGE ( 'NONE', *, *, #564, .F. ) ;
#8691 = VECTOR ( 'NONE', #6192, 1000.000000000000000 ) ;
#8692 =( NAMED_UNIT ( * ) SI_UNIT ( $, .STERADIAN. ) SOLID_ANGLE_UNIT ( ) );
#8693 = PRESENTATION_LAYER_ASSIGNMENT (  '', '', ( #5793 ) ) ;
#8694 = COLOUR_RGB ( '',0.7529411764705882248, 0.7529411764705882248, 0.7529411764705882248 ) ;
#8695 = CARTESIAN_POINT ( 'NONE',  ( -6.599999999999999645, -1.374999999999998890, -4.250000000000000888 ) ) ;
#8696 = SURFACE_STYLE_USAGE ( .BOTH. , #3052 ) ;
#8697 = DIRECTION ( 'NONE',  ( -1.000000000000000000, -0.000000000000000000, -0.000000000000000000 ) ) ;
#8698 =( NAMED_UNIT ( * ) PLANE_ANGLE_UNIT ( ) SI_UNIT ( $, .RADIAN. ) );
#8699 = FILL_AREA_STYLE ('',( #3711 ) ) ;
#8700 = PRESENTATION_STYLE_ASSIGNMENT (( #817 ) ) ;
#8701 = VERTEX_POINT ( 'NONE', #6170 ) ;
#8702 = ORIENTED_EDGE ( 'NONE', *, *, #407, .T. ) ;
#8703 = DIRECTION ( 'NONE',  ( -0.000000000000000000, 0.9979641717745812990, -0.06377704802100912784 ) ) ;
#8704 = VERTEX_POINT ( 'NONE', #10071 ) ;
#8705 = CARTESIAN_POINT ( 'NONE',  ( -5.821936167392618877, -1.374999999999999112, -4.039106398383939478 ) ) ;
#8706 = DIRECTION ( 'NONE',  ( -0.000000000000000000, -0.000000000000000000, 1.000000000000000000 ) ) ;
#8707 =( NAMED_UNIT ( * ) SI_UNIT ( $, .STERADIAN. ) SOLID_ANGLE_UNIT ( ) );
#8708 = COLOUR_RGB ( '',0.7529411764705882248, 0.7529411764705882248, 0.7529411764705882248 ) ;
#8709 = FACE_OUTER_BOUND ( 'NONE', #6466, .T. ) ;
#8710 = VECTOR ( 'NONE', #9478, 1000.000000000000114 ) ;
#8711 = DIRECTION ( 'NONE',  ( 0.000000000000000000, 0.000000000000000000, 1.000000000000000000 ) ) ;
#8712 = ORIENTED_EDGE ( 'NONE', *, *, #8731, .F. ) ;
#8713 = AXIS2_PLACEMENT_3D ( 'NONE', #5876, #7490, #9788 ) ;
#8714 = EDGE_CURVE ( 'NONE', #5093, #6259, #6959, .T. ) ;
#8715 = ORIENTED_EDGE ( 'NONE', *, *, #4946, .F. ) ;
#8716 = ADVANCED_FACE ( 'NONE', ( #5306 ), #2911, .F. ) ;
#8717 = ORIENTED_EDGE ( 'NONE', *, *, #2075, .F. ) ;
#8718 = AXIS2_PLACEMENT_3D ( 'NONE', #7495, #7556, #6197 ) ;
#8719 = FILL_AREA_STYLE ('',( #3064 ) ) ;
#8720 = VECTOR ( 'NONE', #8249, 1000.000000000000000 ) ;
#8721 =( NAMED_UNIT ( * ) PLANE_ANGLE_UNIT ( ) SI_UNIT ( $, .RADIAN. ) );
#8722 = EDGE_CURVE ( 'NONE', #7415, #2669, #2015, .T. ) ;
#8723 = PRESENTATION_STYLE_ASSIGNMENT (( #9589 ) ) ;
#8724 =( LENGTH_UNIT ( ) NAMED_UNIT ( * ) SI_UNIT ( .MILLI., .METRE. ) );
#8725 = ORIENTED_EDGE ( 'NONE', *, *, #7850, .T. ) ;
#8726 = ORIENTED_EDGE ( 'NONE', *, *, #500, .F. ) ;
#8727 = DIRECTION ( 'NONE',  ( -1.000000000000000000, 0.000000000000000000, -0.000000000000000000 ) ) ;
#8728 = ORIENTED_EDGE ( 'NONE', *, *, #712, .T. ) ;
#8729 = ADVANCED_FACE ( 'NONE', ( #4814 ), #9306, .F. ) ;
#8730 = AXIS2_PLACEMENT_3D ( 'NONE', #5980, #4343, #289 ) ;
#8731 = EDGE_CURVE ( 'NONE', #4619, #8033, #10359, .T. ) ;
#8732 = CIRCLE ( 'NONE', #10099, 0.04999999999999969746 ) ;
#8733 = DIRECTION ( 'NONE',  ( 1.000000000000000000, 0.000000000000000000, 0.000000000000000000 ) ) ;
#8734 = CARTESIAN_POINT ( 'NONE',  ( 4.410000000000000142, 0.06000000000000001166, 3.897297636193110648 ) ) ;
#8735 =( NAMED_UNIT ( * ) SI_UNIT ( $, .STERADIAN. ) SOLID_ANGLE_UNIT ( ) );
#8736 = LINE ( 'NONE', #9173, #4305 ) ;
#8737 = CARTESIAN_POINT ( 'NONE',  ( -3.559999999999999165, -0.1568111475989498460, 3.745646205093807080 ) ) ;
#8738 = LINE ( 'NONE', #719, #3163 ) ;
#8739 = AXIS2_PLACEMENT_3D ( 'NONE', #412, #5334, #9258 ) ;
#8740 = VERTEX_POINT ( 'NONE', #6924 ) ;
#8741 = CARTESIAN_POINT ( 'NONE',  ( 9.490000000000000213, -0.1599999999999999756, 3.695747996505077904 ) ) ;
#8742 = CARTESIAN_POINT ( 'NONE',  ( -3.210000000000000853, -0.1568111475989498460, -3.745646205093807080 ) ) ;
#8743 = EDGE_CURVE ( 'NONE', #397, #2252, #24, .T. ) ;
#8744 = CARTESIAN_POINT ( 'NONE',  ( 8.290000000000000924, -1.055665328710549522, -4.250000000000000888 ) ) ;
#8745 = CARTESIAN_POINT ( 'NONE',  ( 1.870000000000000107, -4.674999999999999822, 4.034390786870895695 ) ) ;
#8746 = SURFACE_STYLE_FILL_AREA ( #2399 ) ;
#8747 = DIRECTION ( 'NONE',  ( -1.000000000000000000, -0.000000000000000000, -0.000000000000000000 ) ) ;
#8748 = DIRECTION ( 'NONE',  ( 0.000000000000000000, 0.000000000000000000, 1.000000000000000000 ) ) ;
#8749 = LINE ( 'NONE', #3032, #7596 ) ;
#8750 = ORIENTED_EDGE ( 'NONE', *, *, #6862, .T. ) ;
#8751 = VERTEX_POINT ( 'NONE', #3676 ) ;
#8752 = AXIS2_PLACEMENT_3D ( 'NONE', #3125, #747, #7126 ) ;
#8753 =( LENGTH_UNIT ( ) NAMED_UNIT ( * ) SI_UNIT ( .MILLI., .METRE. ) );
#8754 = MECHANICAL_DESIGN_GEOMETRIC_PRESENTATION_REPRESENTATION (  '', ( #6599 ), #2591 ) ;
#8755 = CARTESIAN_POINT ( 'NONE',  ( 5.750000000000000000, -0.1100000000000000006, 3.550000000000000266 ) ) ;
#8756 = DIRECTION ( 'NONE',  ( 0.000000000000000000, 0.000000000000000000, 1.000000000000000000 ) ) ;
#8757 = FILL_AREA_STYLE ('',( #7928 ) ) ;
#8758 = ORIENTED_EDGE ( 'NONE', *, *, #1754, .T. ) ;
#8759 = CARTESIAN_POINT ( 'NONE',  ( 5.567812261714685462, -0.2469085707813085118, 3.967013287941472122 ) ) ;
#8760 = ORIENTED_EDGE ( 'NONE', *, *, #4999, .T. ) ;
#8761 =( NAMED_UNIT ( * ) PLANE_ANGLE_UNIT ( ) SI_UNIT ( $, .RADIAN. ) );
#8762 =( NAMED_UNIT ( * ) PLANE_ANGLE_UNIT ( ) SI_UNIT ( $, .RADIAN. ) );
#8763 = ORIENTED_EDGE ( 'NONE', *, *, #3631, .T. ) ;
#8764 = VECTOR ( 'NONE', #2709, 1000.000000000000000 ) ;
#8765 = CARTESIAN_POINT ( 'NONE',  ( 8.290000000000000924, -0.1568111475989498460, 3.745646205093807080 ) ) ;
#8766 =( GEOMETRIC_REPRESENTATION_CONTEXT ( 3 ) GLOBAL_UNCERTAINTY_ASSIGNED_CONTEXT ( ( #7691 ) ) GLOBAL_UNIT_ASSIGNED_CONTEXT ( ( #7129, #8778, #4685 ) ) REPRESENTATION_CONTEXT ( 'NONE', 'WORKASPACE' ) );
#8767 = LINE ( 'NONE', #7419, #7494 ) ;
#8768 = PRODUCT_RELATED_PRODUCT_CATEGORY ( 'part', '', ( #6140 ) ) ;
#8769 = CARTESIAN_POINT ( 'NONE',  ( -8.290000000000000924, -0.1568111475989498460, 3.745646205093807080 ) ) ;
#8770 = CARTESIAN_POINT ( 'NONE',  ( -5.750000000000000000, -0.1100000000000000006, -3.550000000000000266 ) ) ;
#8771 = ORIENTED_EDGE ( 'NONE', *, *, #5091, .T. ) ;
#8772 = ADVANCED_FACE ( 'NONE', ( #7459 ), #8553, .F. ) ;
#8773 = FILL_AREA_STYLE_COLOUR ( '', #127 ) ;
#8774 = DIRECTION ( 'NONE',  ( 0.000000000000000000, 0.000000000000000000, -1.000000000000000000 ) ) ;
#8775 = FACE_OUTER_BOUND ( 'NONE', #1145, .T. ) ;
#8776 = CARTESIAN_POINT ( 'NONE',  ( 6.949999999999999289, 0.06000000000000001166, -3.897297636193110648 ) ) ;
#8777 = COLOUR_RGB ( '',0.7529411764705882248, 0.7529411764705882248, 0.7529411764705882248 ) ;
#8778 =( NAMED_UNIT ( * ) PLANE_ANGLE_UNIT ( ) SI_UNIT ( $, .RADIAN. ) );
#8779 = EDGE_LOOP ( 'NONE', ( #1845, #5431, #8926, #9620 ) ) ;
#8780 =( NAMED_UNIT ( * ) PLANE_ANGLE_UNIT ( ) SI_UNIT ( $, .RADIAN. ) );
#8781 = COLOUR_RGB ( '',0.7921568627450980005, 0.8196078431372548767, 0.9333333333333333481 ) ;
#8782 = ADVANCED_FACE ( 'NONE', ( #4411 ), #1496, .F. ) ;
#8783 = CARTESIAN_POINT ( 'NONE',  ( -0.6700000000000004841, -0.1568111475989498460, -3.745646205093807080 ) ) ;
#8784 = EDGE_CURVE ( 'NONE', #2088, #8273, #10097, .T. ) ;
#8785 = EDGE_CURVE ( 'NONE', #2669, #4867, #3652, .T. ) ;
#8786 =( NAMED_UNIT ( * ) PLANE_ANGLE_UNIT ( ) SI_UNIT ( $, .RADIAN. ) );
#8787 = VERTEX_POINT ( 'NONE', #5453 ) ;
#8788 = DIRECTION ( 'NONE',  ( 0.2193360129683985527, 0.9736631258226969843, -0.06222403738348494112 ) ) ;
#8789 = SURFACE_SIDE_STYLE ('',( #5658 ) ) ;
#8790 = LINE ( 'NONE', #167, #2344 ) ;
#8791 = PLANE ( 'NONE',  #7266 ) ;
#8792 =( NAMED_UNIT ( * ) PLANE_ANGLE_UNIT ( ) SI_UNIT ( $, .RADIAN. ) );
#8793 = AXIS2_PLACEMENT_3D ( 'NONE', #2062, #5245, #395 ) ;
#8794 = LINE ( 'NONE', #6709, #5891 ) ;
#8795 = CARTESIAN_POINT ( 'NONE',  ( -9.115000000000000213, -0.1099999999999999312, -3.695747996505077460 ) ) ;
#8796 = LINE ( 'NONE', #1804, #2726 ) ;
#8797 = DIRECTION ( 'NONE',  ( 0.000000000000000000, -1.000000000000000000, 0.000000000000000000 ) ) ;
#8798 = AXIS2_PLACEMENT_3D ( 'NONE', #5206, #392, #493 ) ;
#8799 = ORIENTED_EDGE ( 'NONE', *, *, #6082, .T. ) ;
#8800 = EDGE_LOOP ( 'NONE', ( #5638, #4359, #3431, #8951 ) ) ;
#8801 = ORIENTED_EDGE ( 'NONE', *, *, #7300, .F. ) ;
#8802 = EDGE_CURVE ( 'NONE', #1552, #3565, #1031, .T. ) ;
#8803 =( NAMED_UNIT ( * ) PLANE_ANGLE_UNIT ( ) SI_UNIT ( $, .RADIAN. ) );
#8804 = CARTESIAN_POINT ( 'NONE',  ( 1.870000000000000107, -0.1599999999999999756, 3.695747996505077904 ) ) ;
#8805 = LINE ( 'NONE', #569, #7167 ) ;
#8806 = VECTOR ( 'NONE', #2112, 1000.000000000000000 ) ;
#8807 = EDGE_CURVE ( 'NONE', #8188, #4897, #7209, .T. ) ;
#8808 = DIRECTION ( 'NONE',  ( -1.000000000000000000, -0.000000000000000000, -0.000000000000000000 ) ) ;
#8809 = ORIENTED_EDGE ( 'NONE', *, *, #6428, .T. ) ;
#8810 = MECHANICAL_DESIGN_GEOMETRIC_PRESENTATION_REPRESENTATION (  '', ( #1418 ), #315 ) ;
#8811 = LINE ( 'NONE', #5646, #4126 ) ;
#8812 = CARTESIAN_POINT ( 'NONE',  ( 6.100000000000001421, -4.674999999999999822, 4.249999999999999112 ) ) ;
#8813 = CARTESIAN_POINT ( 'NONE',  ( 6.949999999999999289, 0.1100000000000000006, 3.550000000000000266 ) ) ;
#8814 = ORIENTED_EDGE ( 'NONE', *, *, #3250, .F. ) ;
#8815 = UNCERTAINTY_MEASURE_WITH_UNIT (LENGTH_MEASURE( 1.000000000000000082E-05 ), #9561, 'distance_accuracy_value', 'NONE');
#8816 = PRESENTATION_STYLE_ASSIGNMENT (( #7049 ) ) ;
#8817 =( NAMED_UNIT ( * ) PLANE_ANGLE_UNIT ( ) SI_UNIT ( $, .RADIAN. ) );
#8818 = PRESENTATION_LAYER_ASSIGNMENT (  '', '', ( #4473 ) ) ;
#8819 = VERTEX_POINT ( 'NONE', #4753 ) ;
#8820 = SURFACE_STYLE_FILL_AREA ( #6468 ) ;
#8821 =( NAMED_UNIT ( * ) SI_UNIT ( $, .STERADIAN. ) SOLID_ANGLE_UNIT ( ) );
#8822 = CARTESIAN_POINT ( 'NONE',  ( -3.210000000000000853, 0.06000000000000001166, 3.897297636193110648 ) ) ;
#8823 = MECHANICAL_DESIGN_GEOMETRIC_PRESENTATION_REPRESENTATION (  '', ( #5043 ), #9029 ) ;
#8824 = ORIENTED_EDGE ( 'NONE', *, *, #4581, .F. ) ;
#8825 = ORIENTED_EDGE ( 'NONE', *, *, #4251, .T. ) ;
#8826 = CARTESIAN_POINT ( 'NONE',  ( 5.821936167392620654, -1.374999999999998890, -4.250000000000000888 ) ) ;
#8827 = DIRECTION ( 'NONE',  ( -0.000000000000000000, -0.000000000000000000, 1.000000000000000000 ) ) ;
#8828 =( GEOMETRIC_REPRESENTATION_CONTEXT ( 3 ) GLOBAL_UNCERTAINTY_ASSIGNED_CONTEXT ( ( #228 ) ) GLOBAL_UNIT_ASSIGNED_CONTEXT ( ( #2289, #7272, #2364 ) ) REPRESENTATION_CONTEXT ( 'NONE', 'WORKASPACE' ) );
#8829 = DIRECTION ( 'NONE',  ( 0.000000000000000000, 0.9979641717745812990, -0.06377704802100914172 ) ) ;
#8830 = ADVANCED_FACE ( 'NONE', ( #2648 ), #4719, .T. ) ;
#8831 = COLOUR_RGB ( '',0.7529411764705882248, 0.7529411764705882248, 0.7529411764705882248 ) ;
#8832 = COLOUR_RGB ( '',0.7529411764705882248, 0.7529411764705882248, 0.7529411764705882248 ) ;
#8833 = ORIENTED_EDGE ( 'NONE', *, *, #9461, .F. ) ;
#8834 = ORIENTED_EDGE ( 'NONE', *, *, #229, .T. ) ;
#8835 = DIRECTION ( 'NONE',  ( 0.000000000000000000, 0.000000000000000000, -1.000000000000000000 ) ) ;
#8836 = EDGE_LOOP ( 'NONE', ( #8589, #7334, #1333, #2453 ) ) ;
#8837 = VERTEX_POINT ( 'NONE', #8656 ) ;
#8838 = AXIS2_PLACEMENT_3D ( 'NONE', #2322, #760, #6433 ) ;
#8839 =( NAMED_UNIT ( * ) PLANE_ANGLE_UNIT ( ) SI_UNIT ( $, .RADIAN. ) );
#8840 =( NAMED_UNIT ( * ) SI_UNIT ( $, .STERADIAN. ) SOLID_ANGLE_UNIT ( ) );
#8841 =( NAMED_UNIT ( * ) PLANE_ANGLE_UNIT ( ) SI_UNIT ( $, .RADIAN. ) );
#8842 = ORIENTED_EDGE ( 'NONE', *, *, #6566, .T. ) ;
#8843 = ORIENTED_EDGE ( 'NONE', *, *, #5892, .T. ) ;
#8844 = CARTESIAN_POINT ( 'NONE',  ( -5.750000000000000000, -0.1100000000000000006, 3.550000000000000266 ) ) ;
#8845 = SURFACE_SIDE_STYLE ('',( #3326 ) ) ;
#8846 = EDGE_CURVE ( 'NONE', #2090, #3722, #5296, .T. ) ;
#8847 = CARTESIAN_POINT ( 'NONE',  ( 3.209999999999999964, 0.06000000000000001166, 3.897297636193110648 ) ) ;
#8848 =( LENGTH_UNIT ( ) NAMED_UNIT ( * ) SI_UNIT ( .MILLI., .METRE. ) );
#8849 = LINE ( 'NONE', #5641, #6718 ) ;
#8850 = LINE ( 'NONE', #7303, #3789 ) ;
#8851 = AXIS2_PLACEMENT_3D ( 'NONE', #1876, #5954, #6664 ) ;
#8852 = DIRECTION ( 'NONE',  ( 0.000000000000000000, -0.9979641717745810769, -0.06377704802100964132 ) ) ;
#8853 = VECTOR ( 'NONE', #8382, 1000.000000000000000 ) ;
#8854 = ORIENTED_EDGE ( 'NONE', *, *, #5803, .F. ) ;
#8855 = ORIENTED_EDGE ( 'NONE', *, *, #3092, .T. ) ;
#8856 = AXIS2_PLACEMENT_3D ( 'NONE', #10155, #1547, #10377 ) ;
#8857 = DIRECTION ( 'NONE',  ( 0.000000000000000000, 0.000000000000000000, 1.000000000000000000 ) ) ;
#8858 = EDGE_CURVE ( 'NONE', #4183, #6879, #396, .T. ) ;
#8859 = PLANE ( 'NONE',  #3522 ) ;
#8860 = LINE ( 'NONE', #7607, #10370 ) ;
#8861 = VECTOR ( 'NONE', #10036, 1000.000000000000000 ) ;
#8862 = CARTESIAN_POINT ( 'NONE',  ( 6.100000000000001421, -1.374999999999999112, 3.823497185254834285 ) ) ;
#8863 = CARTESIAN_POINT ( 'NONE',  ( -3.210000000000000853, 0.1100000000000000006, -3.550000000000000266 ) ) ;
#8864 = COLOUR_RGB ( '',0.7529411764705882248, 0.7529411764705882248, 0.7529411764705882248 ) ;
#8865 = EDGE_CURVE ( 'NONE', #3201, #8264, #5681, .T. ) ;
#8866 = AXIS2_PLACEMENT_3D ( 'NONE', #8813, #5592, #7950 ) ;
#8867 = EDGE_CURVE ( 'NONE', #10328, #5898, #9847, .T. ) ;
#8868 = ORIENTED_EDGE ( 'NONE', *, *, #8111, .F. ) ;
#8869 = CARTESIAN_POINT ( 'NONE',  ( 6.100000000000001421, -1.374999999999999112, 4.039106398383937702 ) ) ;
#8870 = CARTESIAN_POINT ( 'NONE',  ( 1.870000000000000107, -1.374999999999998668, 3.823497185254834729 ) ) ;
#8871 = AXIS2_PLACEMENT_3D ( 'NONE', #2391, #1638, #7301 ) ;
#8872 = DIRECTION ( 'NONE',  ( 1.000000000000000000, 0.000000000000000000, -0.000000000000000000 ) ) ;
#8873 = CARTESIAN_POINT ( 'NONE',  ( 6.600000000000001421, -4.675000000000000711, -4.034390786870895695 ) ) ;
#8874 = EDGE_CURVE ( 'NONE', #2905, #2566, #3515, .T. ) ;
#8875 = LINE ( 'NONE', #9850, #3776 ) ;
#8876 = ORIENTED_EDGE ( 'NONE', *, *, #3980, .T. ) ;
#8877 = FILL_AREA_STYLE ('',( #2946 ) ) ;
#8878 = ORIENTED_EDGE ( 'NONE', *, *, #7907, .F. ) ;
#8879 = UNCERTAINTY_MEASURE_WITH_UNIT (LENGTH_MEASURE( 1.000000000000000082E-05 ), #3903, 'distance_accuracy_value', 'NONE');
#8880 = DIRECTION ( 'NONE',  ( 0.000000000000000000, 0.000000000000000000, -1.000000000000000000 ) ) ;
#8881 = CARTESIAN_POINT ( 'NONE',  ( -4.410000000000001030, 0.1099999999999998618, -3.897297636193110648 ) ) ;
#8882 = CARTESIAN_POINT ( 'NONE',  ( -3.210000000000000853, -0.1100000000000000006, -3.550000000000000266 ) ) ;
#8883 = CIRCLE ( 'NONE', #5283, 0.5241992011858079836 ) ;
#8884 = FACE_OUTER_BOUND ( 'NONE', #3384, .T. ) ;
#8885 = ADVANCED_FACE ( 'NONE', ( #8195 ), #1420, .F. ) ;
#8886 = VERTEX_POINT ( 'NONE', #8812 ) ;
#8887 = ORIENTED_EDGE ( 'NONE', *, *, #1736, .F. ) ;
#8888 = MECHANICAL_DESIGN_GEOMETRIC_PRESENTATION_REPRESENTATION (  '', ( #10299 ), #2387 ) ;
#8889 = FILL_AREA_STYLE ('',( #3233 ) ) ;
#8890 = CLOSED_SHELL ( 'NONE', ( #1242, #9888, #9298, #962, #5445, #7098, #10415, #7085, #3159, #10366, #1116, #3209, #7749 ) ) ;
#8891 = PRESENTATION_LAYER_ASSIGNMENT (  '', '', ( #8200 ) ) ;
#8892 = PRESENTATION_STYLE_ASSIGNMENT (( #164 ) ) ;
#8893 =( NAMED_UNIT ( * ) SI_UNIT ( $, .STERADIAN. ) SOLID_ANGLE_UNIT ( ) );
#8894 = LINE ( 'NONE', #9687, #1308 ) ;
#8895 = COLOUR_RGB ( '',0.7529411764705882248, 0.7529411764705882248, 0.7529411764705882248 ) ;
#8896 = DIRECTION ( 'NONE',  ( 0.000000000000000000, -0.9979641717745812990, 0.06377704802100914172 ) ) ;
#8897 = PLANE ( 'NONE',  #8121 ) ;
#8898 = FILL_AREA_STYLE ('',( #5682 ) ) ;
#8899 = DIRECTION ( 'NONE',  ( -1.000000000000000000, -0.000000000000000000, -0.000000000000000000 ) ) ;
#8900 = CLOSED_SHELL ( 'NONE', ( #9103, #1892, #8361, #7401, #2581, #2633, #7044, #5167, #7547, #1465, #4974, #2792, #3798, #2755, #7350, #10197 ) ) ;
#8901 = MECHANICAL_DESIGN_GEOMETRIC_PRESENTATION_REPRESENTATION (  '', ( #6050 ), #9440 ) ;
#8902 = VECTOR ( 'NONE', #1335, 1000.000000000000114 ) ;
#8903 = LINE ( 'NONE', #7332, #6765 ) ;
#8904 =( NAMED_UNIT ( * ) SI_UNIT ( $, .STERADIAN. ) SOLID_ANGLE_UNIT ( ) );
#8905 = DIRECTION ( 'NONE',  ( -0.000000000000000000, 0.06377704802100914172, 0.9979641717745812990 ) ) ;
#8906 = DIRECTION ( 'NONE',  ( -2.443272501375784959E-16, 0.000000000000000000, -1.000000000000000000 ) ) ;
#8907 = EDGE_LOOP ( 'NONE', ( #1957, #4139, #1874, #1363 ) ) ;
#8908 = SURFACE_STYLE_USAGE ( .BOTH. , #5763 ) ;
#8909 = DIRECTION ( 'NONE',  ( 0.000000000000000000, -1.000000000000000000, 0.000000000000000000 ) ) ;
#8910 = VECTOR ( 'NONE', #6912, 1000.000000000000000 ) ;
#8911 = EDGE_CURVE ( 'NONE', #6283, #4032, #9093, .T. ) ;
#8912 = ORIENTED_EDGE ( 'NONE', *, *, #1096, .T. ) ;
#8913 = DIRECTION ( 'NONE',  ( 0.000000000000000000, 0.9979641717745812990, -0.06377704802100926662 ) ) ;
#8914 = DIRECTION ( 'NONE',  ( -2.443272501375784959E-16, -0.000000000000000000, -1.000000000000000000 ) ) ;
#8915 = SURFACE_STYLE_USAGE ( .BOTH. , #7333 ) ;
#8916 = EDGE_LOOP ( 'NONE', ( #8360, #9436, #5626, #3071, #2382, #8760, #5464, #605 ) ) ;
#8917 = LINE ( 'NONE', #3908, #738 ) ;
#8918 = EDGE_CURVE ( 'NONE', #7857, #5704, #3896, .T. ) ;
#8919 = VECTOR ( 'NONE', #1471, 1000.000000000000000 ) ;
#8920 = DIRECTION ( 'NONE',  ( -0.000000000000000000, -0.000000000000000000, 1.000000000000000000 ) ) ;
#8921 = SURFACE_SIDE_STYLE ('',( #9069 ) ) ;
#8922 = ORIENTED_EDGE ( 'NONE', *, *, #7850, .F. ) ;
#8923 = VERTEX_POINT ( 'NONE', #9547 ) ;
#8924 = VECTOR ( 'NONE', #2670, 1000.000000000000000 ) ;
#8925 = SURFACE_SIDE_STYLE ('',( #8599 ) ) ;
#8926 = ORIENTED_EDGE ( 'NONE', *, *, #6281, .F. ) ;
#8927 = ORIENTED_EDGE ( 'NONE', *, *, #6216, .F. ) ;
#8928 = AXIS2_PLACEMENT_3D ( 'NONE', #4229, #4297, #2681 ) ;
#8929 = EDGE_CURVE ( 'NONE', #1760, #9855, #5545, .T. ) ;
#8930 = DIRECTION ( 'NONE',  ( -0.2197618659596110857, -0.9755535465928817374, 0.000000000000000000 ) ) ;
#8931 = LINE ( 'NONE', #5262, #6539 ) ;
#8932 = CARTESIAN_POINT ( 'NONE',  ( -3.559999999999999165, -1.374999999999998890, -4.250000000000000888 ) ) ;
#8933 = VECTOR ( 'NONE', #10176, 1000.000000000000000 ) ;
#8934 = DIRECTION ( 'NONE',  ( -1.000000000000000000, 0.000000000000000000, -0.000000000000000000 ) ) ;
#8935 = SURFACE_STYLE_FILL_AREA ( #8985 ) ;
#8936 = AXIS2_PLACEMENT_3D ( 'NONE', #1141, #257, #6761 ) ;
#8937 = ADVANCED_FACE ( 'NONE', ( #6316 ), #4863, .F. ) ;
#8938 = ORIENTED_EDGE ( 'NONE', *, *, #8989, .F. ) ;
#8939 = EDGE_CURVE ( 'NONE', #1038, #894, #10346, .T. ) ;
#8940 = LINE ( 'NONE', #3492, #371 ) ;
#8941 = UNCERTAINTY_MEASURE_WITH_UNIT (LENGTH_MEASURE( 1.000000000000000082E-05 ), #5051, 'distance_accuracy_value', 'NONE');
#8942 = CARTESIAN_POINT ( 'NONE',  ( 5.750000000000000000, 0.1099999999999998618, -3.897297636193110648 ) ) ;
#8943 = CARTESIAN_POINT ( 'NONE',  ( 6.100000000000001421, 0.06318885240105015511, 3.947195844781839824 ) ) ;
#8944 = CARTESIAN_POINT ( 'NONE',  ( 6.950000000000001066, -1.055665328710549522, -4.250000000000000888 ) ) ;
#8945 = CARTESIAN_POINT ( 'NONE',  ( 3.209999999999999964, 0.1099999999999998618, 3.897297636193110648 ) ) ;
#8946 = PRESENTATION_STYLE_ASSIGNMENT (( #5625 ) ) ;
#8947 = EDGE_CURVE ( 'NONE', #5908, #3844, #3641, .T. ) ;
#8948 =( LENGTH_UNIT ( ) NAMED_UNIT ( * ) SI_UNIT ( .MILLI., .METRE. ) );
#8949 = DIRECTION ( 'NONE',  ( 0.000000000000000000, -0.000000000000000000, -1.000000000000000000 ) ) ;
#8950 = CARTESIAN_POINT ( 'NONE',  ( -9.115000000000000213, -4.674999999999999822, -4.250000000000000888 ) ) ;
#8951 = ORIENTED_EDGE ( 'NONE', *, *, #6069, .F. ) ;
#8952 = ORIENTED_EDGE ( 'NONE', *, *, #7883, .T. ) ;
#8953 = STYLED_ITEM ( 'NONE', ( #8700 ), #9043 ) ;
#8954 =( NAMED_UNIT ( * ) SI_UNIT ( $, .STERADIAN. ) SOLID_ANGLE_UNIT ( ) );
#8955 = AXIS2_PLACEMENT_3D ( 'NONE', #5000, #7398, #5812 ) ;
#8956 = DIRECTION ( 'NONE',  ( -1.000000000000000000, -0.000000000000000000, -0.000000000000000000 ) ) ;
#8957 = FACE_OUTER_BOUND ( 'NONE', #10374, .T. ) ;
#8958 = VECTOR ( 'NONE', #2695, 1000.000000000000000 ) ;
#8959 = DIRECTION ( 'NONE',  ( -0.2197618659596110857, -0.9755535465928817374, 0.000000000000000000 ) ) ;
#8960 = CLOSED_SHELL ( 'NONE', ( #7297, #2891, #120, #2423, #6195, #3147, #4331, #7921, #7199, #4821, #4597, #7151, #4416, #7979, #8772, #527 ) ) ;
#8961 = ORIENTED_EDGE ( 'NONE', *, *, #3980, .F. ) ;
#8962 = VERTEX_POINT ( 'NONE', #4065 ) ;
#8963 = DIRECTION ( 'NONE',  ( -1.000000000000000000, -0.000000000000000000, 0.000000000000000000 ) ) ;
#8964 = DIRECTION ( 'NONE',  ( -1.000000000000000000, 0.000000000000000000, -0.000000000000000000 ) ) ;
#8965 = CARTESIAN_POINT ( 'NONE',  ( 6.949999999999999289, -0.1568111475989498460, 3.745646205093807080 ) ) ;
#8966 = VECTOR ( 'NONE', #4925, 1000.000000000000000 ) ;
#8967 = DIRECTION ( 'NONE',  ( -0.000000000000000000, -0.000000000000000000, -1.000000000000000000 ) ) ;
#8968 = PRESENTATION_LAYER_ASSIGNMENT (  '', '', ( #6260 ) ) ;
#8969 = LINE ( 'NONE', #1843, #10223 ) ;
#8970 = CARTESIAN_POINT ( 'NONE',  ( 6.949999999999999289, 0.06000000000000001166, 3.897297636193110648 ) ) ;
#8971 = VECTOR ( 'NONE', #7324, 1000.000000000000000 ) ;
#8972 = DIRECTION ( 'NONE',  ( -1.000000000000000000, 0.000000000000000000, -0.000000000000000000 ) ) ;
#8973 = ORIENTED_EDGE ( 'NONE', *, *, #6157, .F. ) ;
#8974 = CARTESIAN_POINT ( 'NONE',  ( -8.290000000000000924, -0.1100000000000000006, -3.695747996505077460 ) ) ;
#8975 = ORIENTED_EDGE ( 'NONE', *, *, #229, .F. ) ;
#8976 = ORIENTED_EDGE ( 'NONE', *, *, #5621, .F. ) ;
#8977 = ORIENTED_EDGE ( 'NONE', *, *, #3154, .T. ) ;
#8978 = DIRECTION ( 'NONE',  ( 0.000000000000000000, 0.000000000000000000, 1.000000000000000000 ) ) ;
#8979 = CARTESIAN_POINT ( 'NONE',  ( -3.210000000000000853, 0.1100000000000000006, -3.550000000000000266 ) ) ;
#8980 = COLOUR_RGB ( '',0.7529411764705882248, 0.7529411764705882248, 0.7529411764705882248 ) ;
#8981 = ORIENTED_EDGE ( 'NONE', *, *, #2986, .F. ) ;
#8982 = ORIENTED_EDGE ( 'NONE', *, *, #7321, .F. ) ;
#8983 = AXIS2_PLACEMENT_3D ( 'NONE', #877, #4090, #8978 ) ;
#8984 = DIRECTION ( 'NONE',  ( 0.000000000000000000, 0.000000000000000000, -1.000000000000000000 ) ) ;
#8985 = FILL_AREA_STYLE ('',( #984 ) ) ;
#8986 =( NAMED_UNIT ( * ) SI_UNIT ( $, .STERADIAN. ) SOLID_ANGLE_UNIT ( ) );
#8987 = DIRECTION ( 'NONE',  ( -1.000000000000000000, -0.000000000000000000, 0.000000000000000000 ) ) ;
#8988 = LINE ( 'NONE', #2430, #1767 ) ;
#8989 = EDGE_CURVE ( 'NONE', #2274, #7149, #647, .T. ) ;
#8990 = VECTOR ( 'NONE', #3682, 1000.000000000000000 ) ;
#8991 = EDGE_CURVE ( 'NONE', #8294, #4774, #4401, .T. ) ;
#8993 = ORIENTED_EDGE ( 'NONE', *, *, #4439, .F. ) ;
#8992 = DIRECTION ( 'NONE',  ( -0.2197618659596110857, 0.9755535465928817374, 0.000000000000000000 ) ) ;
#8994 = CARTESIAN_POINT ( 'NONE',  ( -6.949999999999999289, -0.1568111475989498460, -3.745646205093807080 ) ) ;
#8995 = ADVANCED_FACE ( 'NONE', ( #1246 ), #784, .F. ) ;
#8996 = MECHANICAL_DESIGN_GEOMETRIC_PRESENTATION_REPRESENTATION (  '', ( #9393 ), #3418 ) ;
#8997 =( NAMED_UNIT ( * ) SI_UNIT ( $, .STERADIAN. ) SOLID_ANGLE_UNIT ( ) );
#8998 = DIRECTION ( 'NONE',  ( 0.000000000000000000, -0.000000000000000000, 1.000000000000000000 ) ) ;
#8999 = VECTOR ( 'NONE', #8852, 1000.000000000000114 ) ;
#9000 = STYLED_ITEM ( 'NONE', ( #3442 ), #7199 ) ;
#9001 = CARTESIAN_POINT ( 'NONE',  ( 4.410000000000000142, -0.1568111475989498460, -3.745646205093807080 ) ) ;
#9002 = CARTESIAN_POINT ( 'NONE',  ( 8.290000000000000924, 0.06000000000000001166, -3.897297636193110648 ) ) ;
#9003 = EDGE_CURVE ( 'NONE', #6207, #2, #9209, .T. ) ;
#9004 = SURFACE_STYLE_USAGE ( .BOTH. , #7448 ) ;
#9005 = EDGE_LOOP ( 'NONE', ( #1753, #854, #8199, #8715, #565, #7657, #6848 ) ) ;
#9006 = CARTESIAN_POINT ( 'NONE',  ( 4.060000000000001386, -1.374999999999998890, -4.250000000000000888 ) ) ;
#9007 = SURFACE_STYLE_FILL_AREA ( #6212 ) ;
#9008 = FILL_AREA_STYLE ('',( #3247 ) ) ;
#9009 = COLOUR_RGB ( '',0.7529411764705882248, 0.7529411764705882248, 0.7529411764705882248 ) ;
#9010 = LINE ( 'NONE', #5993, #7986 ) ;
#9011 = EDGE_CURVE ( 'NONE', #516, #8153, #5421, .T. ) ;
#9012 = STYLED_ITEM ( 'NONE', ( #2377 ), #6181 ) ;
#9013 = VERTEX_POINT ( 'NONE', #8022 ) ;
#9014 = DIRECTION ( 'NONE',  ( 0.000000000000000000, 0.000000000000000000, -1.000000000000000000 ) ) ;
#9015 = VERTEX_POINT ( 'NONE', #3288 ) ;
#9016 =( GEOMETRIC_REPRESENTATION_CONTEXT ( 3 ) GLOBAL_UNCERTAINTY_ASSIGNED_CONTEXT ( ( #4006 ) ) GLOBAL_UNIT_ASSIGNED_CONTEXT ( ( #5937, #10040, #8420 ) ) REPRESENTATION_CONTEXT ( 'NONE', 'WORKASPACE' ) );
#9017 = CARTESIAN_POINT ( 'NONE',  ( -8.665000000000000924, -0.1568111475989498460, -3.745646205093807080 ) ) ;
#9018 = CARTESIAN_POINT ( 'NONE',  ( 6.949999999999999289, -0.1100000000000000006, -3.695747996505077460 ) ) ;
#9019 = AXIS2_PLACEMENT_3D ( 'NONE', #8944, #5761, #842 ) ;
#9020 = VECTOR ( 'NONE', #3454, 1000.000000000000114 ) ;
#9021 = DIRECTION ( 'NONE',  ( 0.000000000000000000, 0.000000000000000000, -1.000000000000000000 ) ) ;
#9022 = SURFACE_SIDE_STYLE ('',( #8373 ) ) ;
#9023 =( NAMED_UNIT ( * ) SI_UNIT ( $, .STERADIAN. ) SOLID_ANGLE_UNIT ( ) );
#9024 = VERTEX_POINT ( 'NONE', #77 ) ;
#9025 = DIRECTION ( 'NONE',  ( 0.000000000000000000, -0.000000000000000000, 1.000000000000000000 ) ) ;
#9026 = DIRECTION ( 'NONE',  ( 0.000000000000000000, 0.000000000000000000, -1.000000000000000000 ) ) ;
#9027 =( LENGTH_UNIT ( ) NAMED_UNIT ( * ) SI_UNIT ( .MILLI., .METRE. ) );
#9028 = VECTOR ( 'NONE', #9140, 999.9999999999998863 ) ;
#9029 =( GEOMETRIC_REPRESENTATION_CONTEXT ( 3 ) GLOBAL_UNCERTAINTY_ASSIGNED_CONTEXT ( ( #10277 ) ) GLOBAL_UNIT_ASSIGNED_CONTEXT ( ( #8477, #9297, #4452 ) ) REPRESENTATION_CONTEXT ( 'NONE', 'WORKASPACE' ) );
#9030 = DIRECTION ( 'NONE',  ( 0.000000000000000000, 0.9848077530122080203, -0.1736481776669303589 ) ) ;
#9031 = CARTESIAN_POINT ( 'NONE',  ( 8.665000000000000924, -0.1568111475989498460, -3.745646205093807080 ) ) ;
#9032 = CARTESIAN_POINT ( 'NONE',  ( 1.870000000000000107, -0.1599999999999999756, -3.695747996505077904 ) ) ;
#9033 = MECHANICAL_DESIGN_GEOMETRIC_PRESENTATION_REPRESENTATION (  '', ( #4486 ), #6472 ) ;
#9034 = COLOUR_RGB ( '',0.7529411764705882248, 0.7529411764705882248, 0.7529411764705882248 ) ;
#9035 = VERTEX_POINT ( 'NONE', #10427 ) ;
#9036 = PLANE ( 'NONE',  #9240 ) ;
#9037 = SURFACE_SIDE_STYLE ('',( #5829 ) ) ;
#9038 = DIRECTION ( 'NONE',  ( 0.000000000000000000, -0.000000000000000000, 1.000000000000000000 ) ) ;
#9039 =( NAMED_UNIT ( * ) SI_UNIT ( $, .STERADIAN. ) SOLID_ANGLE_UNIT ( ) );
#9040 = PLANE ( 'NONE',  #5686 ) ;
#9041 = VECTOR ( 'NONE', #5839, 1000.000000000000000 ) ;
#9042 = VERTEX_POINT ( 'NONE', #848 ) ;
#9043 = ADVANCED_FACE ( 'NONE', ( #10213 ), #9965, .F. ) ;
#9044 = DIRECTION ( 'NONE',  ( -0.000000000000000000, 0.000000000000000000, 1.000000000000000000 ) ) ;
#9045 = DIRECTION ( 'NONE',  ( -1.000000000000000000, -0.000000000000000000, -0.000000000000000000 ) ) ;
#9046 = DIRECTION ( 'NONE',  ( 1.000000000000000000, 0.000000000000000000, 0.000000000000000000 ) ) ;
#9047 = FILL_AREA_STYLE ('',( #3484 ) ) ;
#9048 = ORIENTED_EDGE ( 'NONE', *, *, #1948, .F. ) ;
#9049 = EDGE_CURVE ( 'NONE', #2381, #2669, #8071, .T. ) ;
#9050 = VERTEX_POINT ( 'NONE', #2412 ) ;
#9051 = LINE ( 'NONE', #6913, #9434 ) ;
#9052 = FILL_AREA_STYLE_COLOUR ( '', #6184 ) ;
#9053 = CARTESIAN_POINT ( 'NONE',  ( 9.490000000000000213, 0.1100000000000000006, -3.550000000000000266 ) ) ;
#9054 = VERTEX_POINT ( 'NONE', #3485 ) ;
#9055 = PRESENTATION_LAYER_ASSIGNMENT (  '', '', ( #6555 ) ) ;
#9056 = VECTOR ( 'NONE', #6204, 1000.000000000000000 ) ;
#9057 = CARTESIAN_POINT ( 'NONE',  ( 1.870000000000000107, -0.1568111475989498460, -3.745646205093807080 ) ) ;
#9058 = FILL_AREA_STYLE_COLOUR ( '', #1842 ) ;
#9059 = DIRECTION ( 'NONE',  ( -0.2197618659596110857, -0.9755535465928817374, 0.000000000000000000 ) ) ;
#9060 = CARTESIAN_POINT ( 'NONE',  ( -6.949999999999999289, -1.055665328710549522, 3.803089415876315993 ) ) ;
#9061 =( NAMED_UNIT ( * ) SI_UNIT ( $, .STERADIAN. ) SOLID_ANGLE_UNIT ( ) );
#9062 = UNCERTAINTY_MEASURE_WITH_UNIT (LENGTH_MEASURE( 1.000000000000000082E-05 ), #2024, 'distance_accuracy_value', 'NONE');
#9063 = PRESENTATION_LAYER_ASSIGNMENT (  '', '', ( #9398 ) ) ;
#9064 = ORIENTED_EDGE ( 'NONE', *, *, #2565, .F. ) ;
#9065 = ORIENTED_EDGE ( 'NONE', *, *, #1882, .T. ) ;
#9066 = CARTESIAN_POINT ( 'NONE',  ( -8.290000000000000924, -1.374999999999999556, -3.823497185254835173 ) ) ;
#9067 = EDGE_CURVE ( 'NONE', #7298, #9849, #5162, .T. ) ;
#9068 = PLANE ( 'NONE',  #9694 ) ;
#9069 = SURFACE_STYLE_FILL_AREA ( #829 ) ;
#9070 = FILL_AREA_STYLE ('',( #5609 ) ) ;
#9071 = EDGE_CURVE ( 'NONE', #2502, #8819, #2513, .T. ) ;
#9072 = ORIENTED_EDGE ( 'NONE', *, *, #4505, .F. ) ;
#9073 = AXIS2_PLACEMENT_3D ( 'NONE', #723, #7817, #5528 ) ;
#9074 = EDGE_CURVE ( 'NONE', #3725, #980, #636, .T. ) ;
#9075 = FILL_AREA_STYLE ('',( #6438 ) ) ;
#9076 = FACE_OUTER_BOUND ( 'NONE', #9212, .T. ) ;
#9077 = UNCERTAINTY_MEASURE_WITH_UNIT (LENGTH_MEASURE( 1.000000000000000082E-05 ), #4037, 'distance_accuracy_value', 'NONE');
#9078 = SURFACE_STYLE_USAGE ( .BOTH. , #6540 ) ;
#9079 = ORIENTED_EDGE ( 'NONE', *, *, #1619, .T. ) ;
#9080 = AXIS2_PLACEMENT_3D ( 'NONE', #9569, #6369, #3171 ) ;
#9081 = DIRECTION ( 'NONE',  ( -0.000000000000000000, 1.000000000000000000, 4.022841720910280989E-15 ) ) ;
#9082 = COLOUR_RGB ( '',0.7529411764705882248, 0.7529411764705882248, 0.7529411764705882248 ) ;
#9083 = AXIS2_PLACEMENT_3D ( 'NONE', #10262, #549, #7110 ) ;
#9084 = EDGE_LOOP ( 'NONE', ( #4718, #8226, #4010, #4344 ) ) ;
#9085 = ORIENTED_EDGE ( 'NONE', *, *, #6091, .F. ) ;
#9086 = CARTESIAN_POINT ( 'NONE',  ( 6.100000000000001421, -4.674999999999999822, -4.034390786870895695 ) ) ;
#9087 = FILL_AREA_STYLE ('',( #9183 ) ) ;
#9088 = CARTESIAN_POINT ( 'NONE',  ( 4.410000000000000142, 0.1100000000000000006, -3.550000000000000266 ) ) ;
#9089 = CARTESIAN_POINT ( 'NONE',  ( -5.750000000000000000, -0.1568111475989498460, -3.745646205093807080 ) ) ;
#9090 = FACE_OUTER_BOUND ( 'NONE', #2375, .T. ) ;
#9091 = SURFACE_SIDE_STYLE ('',( #5092 ) ) ;
#9092 = LINE ( 'NONE', #591, #5934 ) ;
#9093 = LINE ( 'NONE', #3150, #1504 ) ;
#9094 = VERTEX_POINT ( 'NONE', #3416 ) ;
#9095 = ORIENTED_EDGE ( 'NONE', *, *, #1688, .T. ) ;
#9096 = ORIENTED_EDGE ( 'NONE', *, *, #6446, .F. ) ;
#9097 = CARTESIAN_POINT ( 'NONE',  ( -8.290000000000000924, 0.1099999999999998618, 3.897297636193110648 ) ) ;
#9098 = DIRECTION ( 'NONE',  ( 0.000000000000000000, -0.06377704802100926662, -0.9979641717745812990 ) ) ;
#9099 = PRESENTATION_LAYER_ASSIGNMENT (  '', '', ( #10373 ) ) ;
#9100 = FILL_AREA_STYLE_COLOUR ( '', #4237 ) ;
#9101 = FILL_AREA_STYLE_COLOUR ( '', #10059 ) ;
#9102 = CARTESIAN_POINT ( 'NONE',  ( 1.870000000000000107, -1.374999999999998890, -4.039106398383939478 ) ) ;
#9103 = ADVANCED_FACE ( 'NONE', ( #2251 ), #7393, .F. ) ;
#9104 = DIRECTION ( 'NONE',  ( -0.000000000000000000, -0.000000000000000000, 1.000000000000000000 ) ) ;
#9105 = VERTEX_POINT ( 'NONE', #2622 ) ;
#9106 = FACE_OUTER_BOUND ( 'NONE', #10010, .T. ) ;
#9107 = ORIENTED_EDGE ( 'NONE', *, *, #4061, .F. ) ;
#9108 = VECTOR ( 'NONE', #6090, 1000.000000000000114 ) ;
#9109 = ORIENTED_EDGE ( 'NONE', *, *, #8652, .T. ) ;
#9110 = DIRECTION ( 'NONE',  ( 0.000000000000000000, -0.000000000000000000, -1.000000000000000000 ) ) ;
#9111 = VECTOR ( 'NONE', #9391, 1000.000000000000000 ) ;
#9112 = DIRECTION ( 'NONE',  ( 0.000000000000000000, -0.1736481776669303867, 0.9848077530122081313 ) ) ;
#9113 = COLOUR_RGB ( '',0.7529411764705882248, 0.7529411764705882248, 0.7529411764705882248 ) ;
#9114 = MECHANICAL_DESIGN_GEOMETRIC_PRESENTATION_REPRESENTATION (  '', ( #10326 ), #7101 ) ;
#9115 = EDGE_CURVE ( 'NONE', #7338, #3354, #1373, .T. ) ;
#9116 = COLOUR_RGB ( '',0.7529411764705882248, 0.7529411764705882248, 0.7529411764705882248 ) ;
#9117 = CARTESIAN_POINT ( 'NONE',  ( -3.559999999999999165, -4.674999999999999822, -4.250000000000000888 ) ) ;
#9118 = CARTESIAN_POINT ( 'NONE',  ( 5.750000000000000000, -0.1100000000000000006, 3.550000000000000266 ) ) ;
#9119 = VECTOR ( 'NONE', #9104, 1000.000000000000000 ) ;
#9120 = CARTESIAN_POINT ( 'NONE',  ( -9.207097143600909916, 0.5749999999999999556, -4.336808689942017736E-16 ) ) ;
#9121 = LINE ( 'NONE', #6390, #5583 ) ;
#9122 = SURFACE_SIDE_STYLE ('',( #3761 ) ) ;
#9123 = EDGE_LOOP ( 'NONE', ( #8977, #8580, #9533, #7731 ) ) ;
#9124 = EDGE_CURVE ( 'NONE', #5526, #2503, #8183, .T. ) ;
#9125 = EDGE_CURVE ( 'NONE', #3396, #10244, #1869, .T. ) ;
#9126 =( LENGTH_UNIT ( ) NAMED_UNIT ( * ) SI_UNIT ( .MILLI., .METRE. ) );
#9127 = VECTOR ( 'NONE', #8827, 1000.000000000000000 ) ;
#9128 = CARTESIAN_POINT ( 'NONE',  ( -0.6700000000000004841, 0.1100000000000000006, 3.550000000000000266 ) ) ;
#9129 = SURFACE_STYLE_FILL_AREA ( #8699 ) ;
#9130 = COLOUR_RGB ( '',0.7529411764705882248, 0.7529411764705882248, 0.7529411764705882248 ) ;
#9131 = ORIENTED_EDGE ( 'NONE', *, *, #1216, .T. ) ;
#9132 = UNCERTAINTY_MEASURE_WITH_UNIT (LENGTH_MEASURE( 1.000000000000000082E-05 ), #4167, 'distance_accuracy_value', 'NONE');
#9133 = CARTESIAN_POINT ( 'NONE',  ( 3.209999999999999964, 0.06318885240105015511, 3.947195844781839824 ) ) ;
#9134 = STYLED_ITEM ( 'NONE', ( #7855 ), #5273 ) ;
#9135 = FILL_AREA_STYLE_COLOUR ( '', #9739 ) ;
#9136 = VERTEX_POINT ( 'NONE', #6593 ) ;
#9137 = MECHANICAL_DESIGN_GEOMETRIC_PRESENTATION_REPRESENTATION (  '', ( #7896 ), #5541 ) ;
#9138 = SURFACE_STYLE_FILL_AREA ( #8499 ) ;
#9139 = LINE ( 'NONE', #4102, #9644 ) ;
#9140 = DIRECTION ( 'NONE',  ( 0.000000000000000000, 0.9979641717745812990, -0.06377704802100926662 ) ) ;
#9141 = EDGE_CURVE ( 'NONE', #2242, #1459, #5415, .T. ) ;
#9142 = EDGE_LOOP ( 'NONE', ( #8457, #3464, #2354, #2563 ) ) ;
#9143 = ORIENTED_EDGE ( 'NONE', *, *, #294, .T. ) ;
#9144 = EDGE_CURVE ( 'NONE', #2304, #5879, #4392, .T. ) ;
#9145 = ADVANCED_FACE ( 'NONE', ( #9457 ), #9928, .F. ) ;
#9146 = STYLED_ITEM ( 'NONE', ( #8687 ), #6128 ) ;
#9147 = VECTOR ( 'NONE', #8706, 1000.000000000000000 ) ;
#9148 = DIRECTION ( 'NONE',  ( -1.000000000000000000, -0.000000000000000000, -0.000000000000000000 ) ) ;
#9149 =( GEOMETRIC_REPRESENTATION_CONTEXT ( 3 ) GLOBAL_UNCERTAINTY_ASSIGNED_CONTEXT ( ( #8274 ) ) GLOBAL_UNIT_ASSIGNED_CONTEXT ( ( #2674, #3534, #301 ) ) REPRESENTATION_CONTEXT ( 'NONE', 'WORKASPACE' ) );
#9150 = SURFACE_SIDE_STYLE ('',( #9190 ) ) ;
#9151 = ORIENTED_EDGE ( 'NONE', *, *, #7885, .F. ) ;
#9152 = SURFACE_STYLE_USAGE ( .BOTH. , #4308 ) ;
#9153 = PRESENTATION_LAYER_ASSIGNMENT (  '', '', ( #4281 ) ) ;
#9154 = PRESENTATION_STYLE_ASSIGNMENT (( #8637 ) ) ;
#9155 = DIRECTION ( 'NONE',  ( -0.000000000000000000, 0.000000000000000000, 1.000000000000000000 ) ) ;
#9156 = COLOUR_RGB ( '',0.7529411764705882248, 0.7529411764705882248, 0.7529411764705882248 ) ;
#9157 = COLOUR_RGB ( '',0.7529411764705882248, 0.7529411764705882248, 0.7529411764705882248 ) ;
#9158 = ADVANCED_FACE ( 'NONE', ( #4141 ), #7619, .F. ) ;
#9159 = COLOUR_RGB ( '',0.7529411764705882248, 0.7529411764705882248, 0.7529411764705882248 ) ;
#9160 = EDGE_LOOP ( 'NONE', ( #1443, #8087, #3751, #6464 ) ) ;
#9161 = PRESENTATION_LAYER_ASSIGNMENT (  '', '', ( #2672 ) ) ;
#9162 = CARTESIAN_POINT ( 'NONE',  ( -6.099999999999999645, -1.374999999999998890, 4.039106398383938590 ) ) ;
#9163 =( NAMED_UNIT ( * ) SI_UNIT ( $, .STERADIAN. ) SOLID_ANGLE_UNIT ( ) );
#9164 = VECTOR ( 'NONE', #2332, 1000.000000000000000 ) ;
#9165 = VECTOR ( 'NONE', #453, 1000.000000000000000 ) ;
#9166 = ORIENTED_EDGE ( 'NONE', *, *, #8367, .F. ) ;
#9167 = FILL_AREA_STYLE ('',( #7542 ) ) ;
#9168 = CARTESIAN_POINT ( 'NONE',  ( -6.099999999999999645, -1.374999999999998890, -4.250000000000000888 ) ) ;
#9169 = DIRECTION ( 'NONE',  ( -1.000000000000000000, -0.000000000000000000, -0.000000000000000000 ) ) ;
#9170 = ORIENTED_EDGE ( 'NONE', *, *, #2369, .T. ) ;
#9171 = DIRECTION ( 'NONE',  ( -0.1710878697460355424, 0.9702875252478138091, -0.1710878697460355147 ) ) ;
#9172 = VECTOR ( 'NONE', #7308, 1000.000000000000114 ) ;
#9173 = CARTESIAN_POINT ( 'NONE',  ( 1.870000000000000107, 0.1100000000000000006, -3.550000000000000266 ) ) ;
#9174 = VECTOR ( 'NONE', #7035, 1000.000000000000000 ) ;
#9175 =( GEOMETRIC_REPRESENTATION_CONTEXT ( 3 ) GLOBAL_UNCERTAINTY_ASSIGNED_CONTEXT ( ( #3750 ) ) GLOBAL_UNIT_ASSIGNED_CONTEXT ( ( #4635, #10271, #8735 ) ) REPRESENTATION_CONTEXT ( 'NONE', 'WORKASPACE' ) );
#9176 = ORIENTED_EDGE ( 'NONE', *, *, #5463, .T. ) ;
#9177 = LINE ( 'NONE', #4415, #6020 ) ;
#9178 = ORIENTED_EDGE ( 'NONE', *, *, #1556, .F. ) ;
#9179 = ORIENTED_EDGE ( 'NONE', *, *, #3164, .F. ) ;
#9180 = CARTESIAN_POINT ( 'NONE',  ( -1.870000000000000107, 0.1100000000000000006, -3.550000000000000266 ) ) ;
#9181 = PRESENTATION_STYLE_ASSIGNMENT (( #1403 ) ) ;
#9182 = DIRECTION ( 'NONE',  ( 0.2193360129683985527, 0.9736631258226969843, -0.06222403738348494112 ) ) ;
#9183 = FILL_AREA_STYLE_COLOUR ( '', #7418 ) ;
#9184 = FACE_OUTER_BOUND ( 'NONE', #7409, .T. ) ;
#9185 = EDGE_CURVE ( 'NONE', #2161, #2180, #3887, .T. ) ;
#9186 = UNCERTAINTY_MEASURE_WITH_UNIT (LENGTH_MEASURE( 1.000000000000000082E-05 ), #6336, 'distance_accuracy_value', 'NONE');
#9187 = ORIENTED_EDGE ( 'NONE', *, *, #2139, .F. ) ;
#9188 = LINE ( 'NONE', #552, #7667 ) ;
#9189 = PRESENTATION_LAYER_ASSIGNMENT (  '', '', ( #9932 ) ) ;
#9190 = SURFACE_STYLE_FILL_AREA ( #9988 ) ;
#9191 = CARTESIAN_POINT ( 'NONE',  ( -6.599999999999999645, 0.06318885240105015511, -3.947195844781839824 ) ) ;
#9192 = CARTESIAN_POINT ( 'NONE',  ( 1.870000000000000107, 0.1100000000000000006, -3.550000000000000266 ) ) ;
#9193 = LINE ( 'NONE', #1997, #6812 ) ;
#9194 = PRESENTATION_STYLE_ASSIGNMENT (( #3976 ) ) ;
#9195 = ADVANCED_FACE ( 'NONE', ( #8434 ), #6840, .F. ) ;
#9196 = STYLED_ITEM ( 'NONE', ( #9685 ), #6563 ) ;
#9197 = CARTESIAN_POINT ( 'NONE',  ( -5.750000000000000000, -0.1100000000000000006, -3.550000000000000266 ) ) ;
#9198 = VERTEX_POINT ( 'NONE', #450 ) ;
#9199 = VERTEX_POINT ( 'NONE', #1971 ) ;
#9200 = EDGE_CURVE ( 'NONE', #7204, #4966, #1738, .T. ) ;
#9201 = LINE ( 'NONE', #10021, #1732 ) ;
#9202 = MANIFOLD_SOLID_BREP ( 'Cut-Extrude2[6]', #8900 ) ;
#9203 = DIRECTION ( 'NONE',  ( 0.000000000000000000, 1.000000000000000000, 0.000000000000000000 ) ) ;
#9204 = CARTESIAN_POINT ( 'NONE',  ( -0.4772572678396001522, -0.2000534821418786524, 3.748409699540487416 ) ) ;
#9205 = EDGE_CURVE ( 'NONE', #3548, #1353, #7, .T. ) ;
#9206 = MECHANICAL_DESIGN_GEOMETRIC_PRESENTATION_REPRESENTATION (  '', ( #5620 ), #240 ) ;
#9207 = VECTOR ( 'NONE', #72, 1000.000000000000000 ) ;
#9208 = ADVANCED_FACE ( 'NONE', ( #135 ), #324, .F. ) ;
#9209 = LINE ( 'NONE', #4097, #385 ) ;
#9210 = PLANE ( 'NONE',  #179 ) ;
#9211 = ORIENTED_EDGE ( 'NONE', *, *, #6790, .T. ) ;
#9212 = EDGE_LOOP ( 'NONE', ( #1180, #8643, #5194, #10293 ) ) ;
#9213 =( GEOMETRIC_REPRESENTATION_CONTEXT ( 3 ) GLOBAL_UNCERTAINTY_ASSIGNED_CONTEXT ( ( #5899 ) ) GLOBAL_UNIT_ASSIGNED_CONTEXT ( ( #4233, #7345, #6614 ) ) REPRESENTATION_CONTEXT ( 'NONE', 'WORKASPACE' ) );
#9214 = AXIS2_PLACEMENT_3D ( 'NONE', #1936, #1901, #207 ) ;
#9215 = CARTESIAN_POINT ( 'NONE',  ( -5.750000000000000000, 0.1100000000000000006, 3.550000000000000266 ) ) ;
#9216 = LINE ( 'NONE', #2473, #2774 ) ;
#9217 = CARTESIAN_POINT ( 'NONE',  ( -1.798063832607380563, -1.374999999999998890, -4.250000000000000888 ) ) ;
#9218 = DIRECTION ( 'NONE',  ( -0.1736481776669303589, 0.9848077530122080203, 0.000000000000000000 ) ) ;
#9219 = DIRECTION ( 'NONE',  ( 0.000000000000000000, -0.9848077530122080203, -0.1736481776669303589 ) ) ;
#9220 = VERTEX_POINT ( 'NONE', #5265 ) ;
#9221 = DIRECTION ( 'NONE',  ( 0.000000000000000000, 0.000000000000000000, 1.000000000000000000 ) ) ;
#9222 = DIRECTION ( 'NONE',  ( 0.000000000000000000, 0.9979641717745812990, 0.06377704802100914172 ) ) ;
#9223 = VERTEX_POINT ( 'NONE', #3523 ) ;
#9224 = ORIENTED_EDGE ( 'NONE', *, *, #5753, .T. ) ;
#9225 =( NAMED_UNIT ( * ) SI_UNIT ( $, .STERADIAN. ) SOLID_ANGLE_UNIT ( ) );
#9226 =( NAMED_UNIT ( * ) PLANE_ANGLE_UNIT ( ) SI_UNIT ( $, .RADIAN. ) );
#9227 = FACE_OUTER_BOUND ( 'NONE', #5593, .T. ) ;
#9228 = MECHANICAL_DESIGN_GEOMETRIC_PRESENTATION_REPRESENTATION (  '', ( #1636 ), #4211 ) ;
#9229 = ORIENTED_EDGE ( 'NONE', *, *, #889, .F. ) ;
#9230 = AXIS2_PLACEMENT_3D ( 'NONE', #7032, #8638, #3944 ) ;
#9232 = ORIENTED_EDGE ( 'NONE', *, *, #5078, .T. ) ;
#9231 = DIRECTION ( 'NONE',  ( 0.000000000000000000, 1.000000000000000000, 0.000000000000000000 ) ) ;
#9233 = DIRECTION ( 'NONE',  ( 0.000000000000000000, -0.9979641717745810769, -0.06377704802100964132 ) ) ;
#9234 = DIRECTION ( 'NONE',  ( -0.9755535465928818484, 0.2197618659596111135, 0.000000000000000000 ) ) ;
#9235 = DIRECTION ( 'NONE',  ( -0.2193360129683985527, -0.9736631258226969843, 0.06222403738348480234 ) ) ;
#9236 = DIRECTION ( 'NONE',  ( 0.000000000000000000, 0.9979641717745812990, -0.06377704802100926662 ) ) ;
#9237 = LINE ( 'NONE', #5020, #9749 ) ;
#9238 = LINE ( 'NONE', #6175, #8990 ) ;
#9239 = EDGE_LOOP ( 'NONE', ( #5671, #7597, #1033, #2791, #7543, #3594, #10037, #391, #8542, #5792 ) ) ;
#9240 = AXIS2_PLACEMENT_3D ( 'NONE', #3306, #830, #6607 ) ;
#9241 = COLOUR_RGB ( '',0.7529411764705882248, 0.7529411764705882248, 0.7529411764705882248 ) ;
#9242 = ORIENTED_EDGE ( 'NONE', *, *, #8508, .F. ) ;
#9243 = LINE ( 'NONE', #7919, #811 ) ;
#9244 = FACE_OUTER_BOUND ( 'NONE', #6947, .T. ) ;
#9245 = VECTOR ( 'NONE', #6308, 999.9999999999998863 ) ;
#9246 = ADVANCED_FACE ( 'NONE', ( #6182 ), #5196, .F. ) ;
#9247 = COLOUR_RGB ( '',0.7529411764705882248, 0.7529411764705882248, 0.7529411764705882248 ) ;
#9248 = VECTOR ( 'NONE', #3556, 1000.000000000000000 ) ;
#9249 = ORIENTED_EDGE ( 'NONE', *, *, #9804, .T. ) ;
#9250 = CARTESIAN_POINT ( 'NONE',  ( 1.520000000000000462, 0.06318885240105015511, -3.947195844781839824 ) ) ;
#9251 = CARTESIAN_POINT ( 'NONE',  ( 8.290000000000000924, 0.1100000000000000006, -3.550000000000000266 ) ) ;
#9252 = ORIENTED_EDGE ( 'NONE', *, *, #10416, .T. ) ;
#9253 = CARTESIAN_POINT ( 'NONE',  ( -9.115000000000000213, -0.1599999999999999756, 3.695747996505077904 ) ) ;
#9254 = MECHANICAL_DESIGN_GEOMETRIC_PRESENTATION_REPRESENTATION (  '', ( #5120 ), #548 ) ;
#9255 = EDGE_CURVE ( 'NONE', #4183, #4800, #3151, .T. ) ;
#9256 = CARTESIAN_POINT ( 'NONE',  ( 6.600000000000001421, -1.374999999999998890, -4.250000000000000888 ) ) ;
#9257 = COLOUR_RGB ( '',0.7529411764705882248, 0.7529411764705882248, 0.7529411764705882248 ) ;
#9258 = DIRECTION ( 'NONE',  ( 0.000000000000000000, -1.084202172485501673E-15, -1.000000000000000000 ) ) ;
#9259 = FILL_AREA_STYLE_COLOUR ( '', #8694 ) ;
#9260 = CARTESIAN_POINT ( 'NONE',  ( -6.599999999999999645, 0.06318885240105015511, 3.947195844781839824 ) ) ;
#9261 = PRESENTATION_LAYER_ASSIGNMENT (  '', '', ( #9196 ) ) ;
#9262 = ORIENTED_EDGE ( 'NONE', *, *, #5538, .T. ) ;
#9263 = UNCERTAINTY_MEASURE_WITH_UNIT (LENGTH_MEASURE( 1.000000000000000082E-05 ), #1802, 'distance_accuracy_value', 'NONE');
#9264 = EDGE_CURVE ( 'NONE', #777, #3521, #4317, .T. ) ;
#9265 = VERTEX_POINT ( 'NONE', #6804 ) ;
#9266 = CARTESIAN_POINT ( 'NONE',  ( -8.421615491570639378, -1.374999999999999556, -4.250000000000000888 ) ) ;
#9267 = DIRECTION ( 'NONE',  ( -0.3803951736463099254, 0.9229412608411878827, 0.05898254744814119405 ) ) ;
#9268 = LINE ( 'NONE', #1079, #5097 ) ;
#9269 = DIRECTION ( 'NONE',  ( 0.000000000000000000, -1.000000000000000000, 0.000000000000000000 ) ) ;
#9270 =( GEOMETRIC_REPRESENTATION_CONTEXT ( 3 ) GLOBAL_UNCERTAINTY_ASSIGNED_CONTEXT ( ( #9645 ) ) GLOBAL_UNIT_ASSIGNED_CONTEXT ( ( #8753, #2244, #4653 ) ) REPRESENTATION_CONTEXT ( 'NONE', 'WORKASPACE' ) );
#9271 = EDGE_CURVE ( 'NONE', #3897, #9829, #5559, .T. ) ;
#9272 = PLANE ( 'NONE',  #2451 ) ;
#9273 = CARTESIAN_POINT ( 'NONE',  ( 3.209999999999999964, -0.1100000000000000006, 3.550000000000000266 ) ) ;
#9274 = EDGE_LOOP ( 'NONE', ( #570, #7065, #1730, #7180, #1690, #9707, #2682 ) ) ;
#9275 =( GEOMETRIC_REPRESENTATION_CONTEXT ( 3 ) GLOBAL_UNCERTAINTY_ASSIGNED_CONTEXT ( ( #3814 ) ) GLOBAL_UNIT_ASSIGNED_CONTEXT ( ( #8467, #10125, #3624 ) ) REPRESENTATION_CONTEXT ( 'NONE', 'WORKASPACE' ) );
#9276 = DIRECTION ( 'NONE',  ( 0.2193360129683985527, 0.9736631258226969843, 0.06222403738348480234 ) ) ;
#9277 = DIRECTION ( 'NONE',  ( -1.000000000000000000, -0.000000000000000000, -0.000000000000000000 ) ) ;
#9278 = DIRECTION ( 'NONE',  ( -0.000000000000000000, -0.000000000000000000, 1.000000000000000000 ) ) ;
#9279 = EDGE_CURVE ( 'NONE', #2989, #9013, #9201, .T. ) ;
#9280 = VECTOR ( 'NONE', #7145, 1000.000000000000227 ) ;
#9281 = EDGE_LOOP ( 'NONE', ( #2707, #1475, #9299, #766 ) ) ;
#9282 = CARTESIAN_POINT ( 'NONE',  ( 9.115000000000000213, 0.06318885240105015511, 3.947195844781839824 ) ) ;
#9283 =( NAMED_UNIT ( * ) SI_UNIT ( $, .STERADIAN. ) SOLID_ANGLE_UNIT ( ) );
#9284 = FACE_OUTER_BOUND ( 'NONE', #4487, .T. ) ;
#9285 = LINE ( 'NONE', #7216, #5622 ) ;
#9286 = CARTESIAN_POINT ( 'NONE',  ( -1.019999999999999130, -4.675000000000000711, -4.034390786870895695 ) ) ;
#9287 = MECHANICAL_DESIGN_GEOMETRIC_PRESENTATION_REPRESENTATION (  '', ( #6039 ), #3720 ) ;
#9288 = DIRECTION ( 'NONE',  ( -1.000000000000000000, 0.000000000000000000, -0.000000000000000000 ) ) ;
#9289 = DIRECTION ( 'NONE',  ( -1.000000000000000000, -0.000000000000000000, -0.000000000000000000 ) ) ;
#9290 = PLANE ( 'NONE',  #1470 ) ;
#9291 = PRESENTATION_LAYER_ASSIGNMENT (  '', '', ( #6944 ) ) ;
#9292 = LINE ( 'NONE', #7218, #2962 ) ;
#9293 = EDGE_LOOP ( 'NONE', ( #9728, #2636, #7719, #2602 ) ) ;
#9294 = COLOUR_RGB ( '',0.7921568627450980005, 0.8196078431372548767, 0.9333333333333333481 ) ;
#9295 = DIRECTION ( 'NONE',  ( 2.443272501375784959E-16, -0.000000000000000000, 1.000000000000000000 ) ) ;
#9296 = DIRECTION ( 'NONE',  ( -1.000000000000000000, 0.000000000000000000, -0.000000000000000000 ) ) ;
#9297 =( NAMED_UNIT ( * ) PLANE_ANGLE_UNIT ( ) SI_UNIT ( $, .RADIAN. ) );
#9298 = ADVANCED_FACE ( 'NONE', ( #7309 ), #8064, .T. ) ;
#9299 = ORIENTED_EDGE ( 'NONE', *, *, #9200, .F. ) ;
#9300 = ORIENTED_EDGE ( 'NONE', *, *, #5335, .T. ) ;
#9301 = PRESENTATION_LAYER_ASSIGNMENT (  '', '', ( #3877 ) ) ;
#9302 = VERTEX_POINT ( 'NONE', #5303 ) ;
#9303 = DIRECTION ( 'NONE',  ( 0.000000000000000000, 0.000000000000000000, 1.000000000000000000 ) ) ;
#9304 = DIRECTION ( 'NONE',  ( -1.000000000000000000, -0.000000000000000000, -0.000000000000000000 ) ) ;
#9305 = VERTEX_POINT ( 'NONE', #2114 ) ;
#9306 = PLANE ( 'NONE',  #507 ) ;
#9307 = VECTOR ( 'NONE', #1385, 1000.000000000000114 ) ;
#9308 = CARTESIAN_POINT ( 'NONE',  ( 0.6700000000000004841, -0.1100000000000000006, 3.695747996505077460 ) ) ;
#9309 = FILL_AREA_STYLE ('',( #464 ) ) ;
#9310 =( LENGTH_UNIT ( ) NAMED_UNIT ( * ) SI_UNIT ( .MILLI., .METRE. ) );
#9311 = ORIENTED_EDGE ( 'NONE', *, *, #5900, .T. ) ;
#9312 = LINE ( 'NONE', #9779, #5907 ) ;
#9313 = EDGE_LOOP ( 'NONE', ( #4750, #8030, #1792, #4578 ) ) ;
#9314 = CARTESIAN_POINT ( 'NONE',  ( -8.665000000000000924, -1.374999999999999556, 3.823497185254835173 ) ) ;
#9315 = LINE ( 'NONE', #1794, #9821 ) ;
#9316 =( GEOMETRIC_REPRESENTATION_CONTEXT ( 3 ) GLOBAL_UNCERTAINTY_ASSIGNED_CONTEXT ( ( #5316 ) ) GLOBAL_UNIT_ASSIGNED_CONTEXT ( ( #4844, #5639, #727 ) ) REPRESENTATION_CONTEXT ( 'NONE', 'WORKASPACE' ) );
#9317 = LINE ( 'NONE', #5994, #5396 ) ;
#9318 = UNCERTAINTY_MEASURE_WITH_UNIT (LENGTH_MEASURE( 1.000000000000000082E-05 ), #6138, 'distance_accuracy_value', 'NONE');
#9319 = CARTESIAN_POINT ( 'NONE',  ( 0.6700000000000004841, 0.1100000000000000006, 3.550000000000000266 ) ) ;
#9320 = ORIENTED_EDGE ( 'NONE', *, *, #5085, .T. ) ;
#9321 = SURFACE_STYLE_USAGE ( .BOTH. , #3657 ) ;
#9322 =( NAMED_UNIT ( * ) PLANE_ANGLE_UNIT ( ) SI_UNIT ( $, .RADIAN. ) );
#9323 = LINE ( 'NONE', #4817, #7183 ) ;
#9324 = SURFACE_SIDE_STYLE ('',( #10397 ) ) ;
#9325 = EDGE_CURVE ( 'NONE', #6610, #8526, #8427, .T. ) ;
#9326 = DIRECTION ( 'NONE',  ( 0.000000000000000000, 0.000000000000000000, -1.000000000000000000 ) ) ;
#9327 = DIRECTION ( 'NONE',  ( -0.000000000000000000, 1.000000000000000000, -0.000000000000000000 ) ) ;
#9328 = ORIENTED_EDGE ( 'NONE', *, *, #5471, .T. ) ;
#9329 = SURFACE_STYLE_USAGE ( .BOTH. , #10018 ) ;
#9330 = EDGE_CURVE ( 'NONE', #7944, #3879, #4387, .T. ) ;
#9331 = VECTOR ( 'NONE', #4952, 1000.000000000000000 ) ;
#9332 = VERTEX_POINT ( 'NONE', #587 ) ;
#9333 = ORIENTED_EDGE ( 'NONE', *, *, #81, .F. ) ;
#9334 = PRESENTATION_LAYER_ASSIGNMENT (  '', '', ( #8243 ) ) ;
#9335 = EDGE_CURVE ( 'NONE', #1910, #3405, #3011, .T. ) ;
#9336 = ORIENTED_EDGE ( 'NONE', *, *, #9467, .F. ) ;
#9337 =( NAMED_UNIT ( * ) SI_UNIT ( $, .STERADIAN. ) SOLID_ANGLE_UNIT ( ) );
#9338 = MANIFOLD_SOLID_BREP ( 'Cut-Extrude3[1]', #7626 ) ;
#9339 = FILL_AREA_STYLE ('',( #1273 ) ) ;
#9340 = SURFACE_STYLE_USAGE ( .BOTH. , #8505 ) ;
#9341 = VECTOR ( 'NONE', #668, 1000.000000000000000 ) ;
#9342 = DIRECTION ( 'NONE',  ( -1.000000000000000000, -0.000000000000000000, -0.000000000000000000 ) ) ;
#9343 = EDGE_CURVE ( 'NONE', #6436, #7358, #4138, .T. ) ;
#9344 = PRESENTATION_STYLE_ASSIGNMENT (( #3738 ) ) ;
#9345 = FILL_AREA_STYLE_COLOUR ( '', #4705 ) ;
#9346 = VECTOR ( 'NONE', #2450, 1000.000000000000000 ) ;
#9347 = ORIENTED_EDGE ( 'NONE', *, *, #4868, .T. ) ;
#9348 = ORIENTED_EDGE ( 'NONE', *, *, #2625, .T. ) ;
#9349 = DIRECTION ( 'NONE',  ( 0.000000000000000000, 0.000000000000000000, -1.000000000000000000 ) ) ;
#9350 = ORIENTED_EDGE ( 'NONE', *, *, #5529, .T. ) ;
#9351 = EDGE_CURVE ( 'NONE', #9054, #9826, #3759, .T. ) ;
#9352 = PRESENTATION_LAYER_ASSIGNMENT (  '', '', ( #9689 ) ) ;
#9353 = CARTESIAN_POINT ( 'NONE',  ( -9.999999999999998224, -0.7750000000000000222, 3.432742557828871277 ) ) ;
#9354 = DIRECTION ( 'NONE',  ( -1.000000000000000000, -0.000000000000000000, -0.000000000000000000 ) ) ;
#9355 = DIRECTION ( 'NONE',  ( 0.000000000000000000, 0.1736481776669303867, -0.9848077530122081313 ) ) ;
#9356 =( GEOMETRIC_REPRESENTATION_CONTEXT ( 3 ) GLOBAL_UNCERTAINTY_ASSIGNED_CONTEXT ( ( #2121 ) ) GLOBAL_UNIT_ASSIGNED_CONTEXT ( ( #7851, #10437, #7021 ) ) REPRESENTATION_CONTEXT ( 'NONE', 'WORKASPACE' ) );
#9357 = EDGE_LOOP ( 'NONE', ( #6284, #3885, #8013, #720 ) ) ;
#9358 = ORIENTED_EDGE ( 'NONE', *, *, #1281, .T. ) ;
#9359 = ADVANCED_FACE ( 'NONE', ( #8178 ), #6180, .F. ) ;
#9360 = STYLED_ITEM ( 'NONE', ( #2214 ), #580 ) ;
#9361 =( NAMED_UNIT ( * ) SI_UNIT ( $, .STERADIAN. ) SOLID_ANGLE_UNIT ( ) );
#9362 = CARTESIAN_POINT ( 'NONE',  ( -8.290000000000000924, -1.055665328710549522, -3.897297636193110648 ) ) ;
#9363 = CYLINDRICAL_SURFACE ( 'NONE', #8210, 0.05000000000000012768 ) ;
#9364 = DIRECTION ( 'NONE',  ( -1.000000000000000000, -0.000000000000000000, -0.000000000000000000 ) ) ;
#9365 = CARTESIAN_POINT ( 'NONE',  ( -4.338063832607380377, -1.374999999999998890, -3.823497185254834729 ) ) ;
#9366 = VERTEX_POINT ( 'NONE', #2935 ) ;
#9367 =( NAMED_UNIT ( * ) PLANE_ANGLE_UNIT ( ) SI_UNIT ( $, .RADIAN. ) );
#9368 = AXIS2_PLACEMENT_3D ( 'NONE', #1615, #27, #7347 ) ;
#9369 = LINE ( 'NONE', #3872, #2922 ) ;
#9370 = CARTESIAN_POINT ( 'NONE',  ( -9.882742557828869678, -0.7750000000000000222, 3.432742557828871277 ) ) ;
#9371 = CARTESIAN_POINT ( 'NONE',  ( 8.290000000000000924, 0.1099999999999998618, 3.897297636193110648 ) ) ;
#9372 = DIRECTION ( 'NONE',  ( -0.000000000000000000, 1.000000000000000000, 0.000000000000000000 ) ) ;
#9373 = VECTOR ( 'NONE', #6502, 1000.000000000000000 ) ;
#9374 = VECTOR ( 'NONE', #1321, 999.9999999999998863 ) ;
#9375 = SURFACE_STYLE_USAGE ( .BOTH. , #10243 ) ;
#9376 =( NAMED_UNIT ( * ) SI_UNIT ( $, .STERADIAN. ) SOLID_ANGLE_UNIT ( ) );
#9377 = CARTESIAN_POINT ( 'NONE',  ( -3.210000000000000853, -0.1100000000000000006, -3.695747996505077460 ) ) ;
#9378 = ORIENTED_EDGE ( 'NONE', *, *, #2166, .T. ) ;
#9379 = DIRECTION ( 'NONE',  ( -1.000000000000000000, -0.000000000000000000, -0.000000000000000000 ) ) ;
#9380 = STYLED_ITEM ( 'NONE', ( #4258 ), #2806 ) ;
#9381 = DIRECTION ( 'NONE',  ( -0.000000000000000000, 1.000000000000000000, -0.000000000000000000 ) ) ;
#9382 = DIRECTION ( 'NONE',  ( 0.000000000000000000, -0.000000000000000000, 1.000000000000000000 ) ) ;
#9383 = LINE ( 'NONE', #9963, #10008 ) ;
#9384 = ORIENTED_EDGE ( 'NONE', *, *, #7454, .F. ) ;
#9385 = EDGE_CURVE ( 'NONE', #3734, #5562, #2383, .T. ) ;
#9386 = LINE ( 'NONE', #2621, #560 ) ;
#9387 = LINE ( 'NONE', #6663, #3953 ) ;
#9388 = CARTESIAN_POINT ( 'NONE',  ( -4.409999999999999254, -1.055665328710549522, -4.250000000000000888 ) ) ;
#9389 = ORIENTED_EDGE ( 'NONE', *, *, #1040, .F. ) ;
#9390 = DIRECTION ( 'NONE',  ( 0.000000000000000000, 0.9979641717745812990, 0.06377704802100914172 ) ) ;
#9391 = DIRECTION ( 'NONE',  ( -1.000000000000000000, -0.000000000000000000, -0.000000000000000000 ) ) ;
#9392 = UNCERTAINTY_MEASURE_WITH_UNIT (LENGTH_MEASURE( 1.000000000000000082E-05 ), #4548, 'distance_accuracy_value', 'NONE');
#9393 = STYLED_ITEM ( 'NONE', ( #10175 ), #4053 ) ;
#9394 = SURFACE_STYLE_USAGE ( .BOTH. , #2185 ) ;
#9395 = EDGE_LOOP ( 'NONE', ( #318, #7682, #5820, #6589, #3024, #4534, #3745, #2080 ) ) ;
#9396 =( NAMED_UNIT ( * ) SI_UNIT ( $, .STERADIAN. ) SOLID_ANGLE_UNIT ( ) );
#9397 = CARTESIAN_POINT ( 'NONE',  ( 1.870000000000000107, -1.055665328710549522, -3.897297636193110648 ) ) ;
#9398 = STYLED_ITEM ( 'NONE', ( #5260 ), #6506 ) ;
#9399 = EDGE_CURVE ( 'NONE', #7532, #7844, #8316, .T. ) ;
#9400 =( LENGTH_UNIT ( ) NAMED_UNIT ( * ) SI_UNIT ( .MILLI., .METRE. ) );
#9401 = FILL_AREA_STYLE ('',( #7010 ) ) ;
#9402 = ORIENTED_EDGE ( 'NONE', *, *, #3435, .T. ) ;
#9403 = ADVANCED_FACE ( 'NONE', ( #2638 ), #3005, .F. ) ;
#9404 = EDGE_CURVE ( 'NONE', #6019, #5662, #5921, .T. ) ;
#9405 =( NAMED_UNIT ( * ) SI_UNIT ( $, .STERADIAN. ) SOLID_ANGLE_UNIT ( ) );
#9406 = CARTESIAN_POINT ( 'NONE',  ( 6.600000000000001421, -1.374999999999998890, -4.039106398383939478 ) ) ;
#9407 = AXIS2_PLACEMENT_3D ( 'NONE', #6984, #1355, #6171 ) ;
#9408 = EDGE_CURVE ( 'NONE', #2903, #2475, #9188, .T. ) ;
#9409 = FACE_OUTER_BOUND ( 'NONE', #9838, .T. ) ;
#9410 = CARTESIAN_POINT ( 'NONE',  ( -0.6700000000000004841, 0.1100000000000000006, 3.550000000000000266 ) ) ;
#9411 = CARTESIAN_POINT ( 'NONE',  ( 4.410000000000000142, 0.1100000000000000006, 3.550000000000000266 ) ) ;
#9412 = AXIS2_PLACEMENT_3D ( 'NONE', #826, #8671, #8631 ) ;
#9413 = LINE ( 'NONE', #34, #2459 ) ;
#9414 = CARTESIAN_POINT ( 'NONE',  ( -1.870000000000000107, -0.1100000000000000006, 3.695747996505077460 ) ) ;
#9415 = ORIENTED_EDGE ( 'NONE', *, *, #8574, .T. ) ;
#9416 = CARTESIAN_POINT ( 'NONE',  ( -5.750000000000000000, -1.055665328710549522, 3.897297636193110648 ) ) ;
#9417 = AXIS2_PLACEMENT_3D ( 'NONE', #8105, #6367, #8009 ) ;
#9418 = PRESENTATION_STYLE_ASSIGNMENT (( #8531 ) ) ;
#9419 = CARTESIAN_POINT ( 'NONE',  ( -10.00000000000000000, 0.1100000000000000006, -3.549999999999999378 ) ) ;
#9420 = PRESENTATION_STYLE_ASSIGNMENT (( #9004 ) ) ;
#9421 = ADVANCED_FACE ( 'NONE', ( #4011 ), #8688, .F. ) ;
#9422 = CARTESIAN_POINT ( 'NONE',  ( -10.00000000000000000, 0.1099999999999999173, -0.5241992011858084277 ) ) ;
#9423 = LINE ( 'NONE', #8863, #9164 ) ;
#9424 = ORIENTED_EDGE ( 'NONE', *, *, #2504, .F. ) ;
#9425 = ORIENTED_EDGE ( 'NONE', *, *, #10356, .F. ) ;
#9426 = PRESENTATION_STYLE_ASSIGNMENT (( #6256 ) ) ;
#9427 = FILL_AREA_STYLE ('',( #1375 ) ) ;
#9428 = CARTESIAN_POINT ( 'NONE',  ( -1.870000000000000107, -0.1100000000000000006, -3.695747996505077460 ) ) ;
#9429 = VECTOR ( 'NONE', #6117, 1000.000000000000000 ) ;
#9430 = DIRECTION ( 'NONE',  ( -1.000000000000000000, -0.000000000000000000, -0.000000000000000000 ) ) ;
#9431 = STYLED_ITEM ( 'NONE', ( #2315 ), #1231 ) ;
#9432 = DIRECTION ( 'NONE',  ( 1.000000000000000000, 0.000000000000000000, 0.000000000000000000 ) ) ;
#9433 = ORIENTED_EDGE ( 'NONE', *, *, #9994, .T. ) ;
#9434 = VECTOR ( 'NONE', #3668, 1000.000000000000000 ) ;
#9435 = ORIENTED_EDGE ( 'NONE', *, *, #9745, .T. ) ;
#9436 = ORIENTED_EDGE ( 'NONE', *, *, #6758, .T. ) ;
#9437 = DIRECTION ( 'NONE',  ( -0.000000000000000000, 0.000000000000000000, 1.000000000000000000 ) ) ;
#9438 = CARTESIAN_POINT ( 'NONE',  ( -3.210000000000000853, 0.06318885240105015511, -3.947195844781839824 ) ) ;
#9439 = CIRCLE ( 'NONE', #3292, 0.04999999999999969746 ) ;
#9440 =( GEOMETRIC_REPRESENTATION_CONTEXT ( 3 ) GLOBAL_UNCERTAINTY_ASSIGNED_CONTEXT ( ( #2983 ) ) GLOBAL_UNIT_ASSIGNED_CONTEXT ( ( #4756, #3797, #8661 ) ) REPRESENTATION_CONTEXT ( 'NONE', 'WORKASPACE' ) );
#9441 =( GEOMETRIC_REPRESENTATION_CONTEXT ( 3 ) GLOBAL_UNCERTAINTY_ASSIGNED_CONTEXT ( ( #7621 ) ) GLOBAL_UNIT_ASSIGNED_CONTEXT ( ( #7935, #6867, #9283 ) ) REPRESENTATION_CONTEXT ( 'NONE', 'WORKASPACE' ) );
#9442 = CARTESIAN_POINT ( 'NONE',  ( 9.490000000000000213, -1.374999999999999556, 4.039106398383938590 ) ) ;
#9443 = FILL_AREA_STYLE ('',( #2979 ) ) ;
#9444 = EDGE_LOOP ( 'NONE', ( #3684, #8824, #8887, #8084 ) ) ;
#9445 = EDGE_LOOP ( 'NONE', ( #2275, #8976, #4427, #2492, #9939, #6807, #6689, #6781 ) ) ;
#9446 = CARTESIAN_POINT ( 'NONE',  ( -6.949999999999999289, -1.055665328710549522, 4.018698629005418965 ) ) ;
#9447 = DIRECTION ( 'NONE',  ( 0.000000000000000000, 0.9979641717745812990, -0.06377704802100926662 ) ) ;
#9448 = LINE ( 'NONE', #6799, #3003 ) ;
#9449 = DIRECTION ( 'NONE',  ( 0.2193360129683985527, 0.9736631258226969843, 0.06222403738348480234 ) ) ;
#9450 = CARTESIAN_POINT ( 'NONE',  ( -3.210000000000000853, 0.1100000000000000006, 3.550000000000000266 ) ) ;
#9451 = UNCERTAINTY_MEASURE_WITH_UNIT (LENGTH_MEASURE( 1.000000000000000082E-05 ), #7390, 'distance_accuracy_value', 'NONE');
#9452 = ORIENTED_EDGE ( 'NONE', *, *, #8058, .F. ) ;
#9453 = ORIENTED_EDGE ( 'NONE', *, *, #1216, .F. ) ;
#9454 = PRESENTATION_LAYER_ASSIGNMENT (  '', '', ( #1136 ) ) ;
#9455 = EDGE_CURVE ( 'NONE', #8407, #6266, #6681, .T. ) ;
#9456 = ADVANCED_FACE ( 'NONE', ( #9076 ), #3984, .F. ) ;
#9457 = FACE_OUTER_BOUND ( 'NONE', #8779, .T. ) ;
#9458 =( LENGTH_UNIT ( ) NAMED_UNIT ( * ) SI_UNIT ( .MILLI., .METRE. ) );
#9459 = DIRECTION ( 'NONE',  ( 0.000000000000000000, 0.000000000000000000, -1.000000000000000000 ) ) ;
#9460 = ORIENTED_EDGE ( 'NONE', *, *, #8929, .T. ) ;
#9461 = EDGE_CURVE ( 'NONE', #7716, #7450, #10452, .T. ) ;
#9462 = CARTESIAN_POINT ( 'NONE',  ( 6.949999999999999289, -1.055665328710557072, -3.897297636193110648 ) ) ;
#9463 = ORIENTED_EDGE ( 'NONE', *, *, #9003, .T. ) ;
#9464 = VERTEX_POINT ( 'NONE', #5615 ) ;
#9465 =( NAMED_UNIT ( * ) PLANE_ANGLE_UNIT ( ) SI_UNIT ( $, .RADIAN. ) );
#9466 = ADVANCED_FACE ( 'NONE', ( #5148 ), #6371, .F. ) ;
#9467 = EDGE_CURVE ( 'NONE', #5796, #1485, #9323, .T. ) ;
#9468 = VECTOR ( 'NONE', #1735, 1000.000000000000114 ) ;
#9469 = CARTESIAN_POINT ( 'NONE',  ( -9.115000000000000213, -4.674999999999999822, 4.034390786870896584 ) ) ;
#9470 = VECTOR ( 'NONE', #2345, 1000.000000000000227 ) ;
#9471 = ORIENTED_EDGE ( 'NONE', *, *, #9666, .F. ) ;
#9472 =( LENGTH_UNIT ( ) NAMED_UNIT ( * ) SI_UNIT ( .MILLI., .METRE. ) );
#9473 =( GEOMETRIC_REPRESENTATION_CONTEXT ( 3 ) GLOBAL_UNCERTAINTY_ASSIGNED_CONTEXT ( ( #5569 ) ) GLOBAL_UNIT_ASSIGNED_CONTEXT ( ( #8724, #10302, #5473 ) ) REPRESENTATION_CONTEXT ( 'NONE', 'WORKASPACE' ) );
#9474 = ORIENTED_EDGE ( 'NONE', *, *, #5193, .T. ) ;
#9475 = FILL_AREA_STYLE ('',( #10138 ) ) ;
#9476 = CARTESIAN_POINT ( 'NONE',  ( -5.750000000000000000, 0.1100000000000000006, 3.550000000000000266 ) ) ;
#9477 = EDGE_CURVE ( 'NONE', #624, #4410, #8552, .T. ) ;
#9478 = DIRECTION ( 'NONE',  ( 0.000000000000000000, -0.9979641717745812990, -0.06377704802100914172 ) ) ;
#9479 = ORIENTED_EDGE ( 'NONE', *, *, #3907, .F. ) ;
#9480 = LINE ( 'NONE', #7097, #8456 ) ;
#9481 = LINE ( 'NONE', #1985, #5944 ) ;
#9482 = VERTEX_POINT ( 'NONE', #8765 ) ;
#9483 = VERTEX_POINT ( 'NONE', #9642 ) ;
#9484 = CARTESIAN_POINT ( 'NONE',  ( -3.210000000000000853, -0.1100000000000000006, -3.550000000000000266 ) ) ;
#9485 = EDGE_CURVE ( 'NONE', #239, #9563, #5401, .T. ) ;
#9486 = DIRECTION ( 'NONE',  ( 1.000000000000000000, 0.000000000000000000, 0.000000000000000000 ) ) ;
#9487 = MECHANICAL_DESIGN_GEOMETRIC_PRESENTATION_REPRESENTATION (  '', ( #7526 ), #7648 ) ;
#9488 = SURFACE_SIDE_STYLE ('',( #1409 ) ) ;
#9489 = PRESENTATION_STYLE_ASSIGNMENT (( #9078 ) ) ;
#9490 = VECTOR ( 'NONE', #7778, 1000.000000000000000 ) ;
#9491 = AXIS2_PLACEMENT_3D ( 'NONE', #5288, #10078, #6105 ) ;
#9492 = ORIENTED_EDGE ( 'NONE', *, *, #4463, .F. ) ;
#9493 = LINE ( 'NONE', #793, #9880 ) ;
#9494 = DIRECTION ( 'NONE',  ( 0.2193360129683985527, -0.9736631258226969843, 0.06222403738348494112 ) ) ;
#9495 = CARTESIAN_POINT ( 'NONE',  ( 5.614987211741450324, -0.4563247477326362600, -3.764787266265075427 ) ) ;
#9496 = DIRECTION ( 'NONE',  ( -1.000000000000000000, 0.000000000000000000, -0.000000000000000000 ) ) ;
#9497 = PRESENTATION_STYLE_ASSIGNMENT (( #6458 ) ) ;
#9498 = ORIENTED_EDGE ( 'NONE', *, *, #835, .T. ) ;
#9499 = FILL_AREA_STYLE ('',( #3842 ) ) ;
#9500 = FILL_AREA_STYLE ('',( #6291 ) ) ;
#9501 = ORIENTED_EDGE ( 'NONE', *, *, #8508, .T. ) ;
#9502 = FACE_OUTER_BOUND ( 'NONE', #6294, .T. ) ;
#9503 =( GEOMETRIC_REPRESENTATION_CONTEXT ( 3 ) GLOBAL_UNCERTAINTY_ASSIGNED_CONTEXT ( ( #9077 ) ) GLOBAL_UNIT_ASSIGNED_CONTEXT ( ( #4037, #8817, #6523 ) ) REPRESENTATION_CONTEXT ( 'NONE', 'WORKASPACE' ) );
#9504 = LINE ( 'NONE', #6214, #3307 ) ;
#9505 = MECHANICAL_DESIGN_GEOMETRIC_PRESENTATION_REPRESENTATION (  '', ( #6260 ), #7402 ) ;
#9506 = ORIENTED_EDGE ( 'NONE', *, *, #3631, .F. ) ;
#9507 = DIRECTION ( 'NONE',  ( 0.000000000000000000, 0.000000000000000000, 1.000000000000000000 ) ) ;
#9508 = FILL_AREA_STYLE_COLOUR ( '', #5816 ) ;
#9509 = ADVANCED_FACE ( 'NONE', ( #7299 ), #6542, .F. ) ;
#9510 = UNCERTAINTY_MEASURE_WITH_UNIT (LENGTH_MEASURE( 1.000000000000000082E-05 ), #2794, 'distance_accuracy_value', 'NONE');
#9511 = DIRECTION ( 'NONE',  ( -0.000000000000000000, -0.000000000000000000, 1.000000000000000000 ) ) ;
#9512 = DIRECTION ( 'NONE',  ( -0.2193360129683985527, 0.9736631258226969843, -0.06222403738348480234 ) ) ;
#9513 = COLOUR_RGB ( '',0.7529411764705882248, 0.7529411764705882248, 0.7529411764705882248 ) ;
#9514 = ORIENTED_EDGE ( 'NONE', *, *, #753, .T. ) ;
#9515 = VERTEX_POINT ( 'NONE', #4919 ) ;
#9516 = STYLED_ITEM ( 'NONE', ( #7555 ), #3266 ) ;
#9517 = DIRECTION ( 'NONE',  ( 0.000000000000000000, 0.000000000000000000, -1.000000000000000000 ) ) ;
#9518 = FACE_OUTER_BOUND ( 'NONE', #3109, .T. ) ;
#9519 = DIRECTION ( 'NONE',  ( -1.000000000000000000, -0.000000000000000000, -0.000000000000000000 ) ) ;
#9520 = ADVANCED_FACE ( 'NONE', ( #261 ), #5717, .F. ) ;
#9521 = UNCERTAINTY_MEASURE_WITH_UNIT (LENGTH_MEASURE( 1.000000000000000082E-05 ), #5455, 'distance_accuracy_value', 'NONE');
#9522 = EDGE_CURVE ( 'NONE', #5307, #4543, #1847, .T. ) ;
#9523 = VERTEX_POINT ( 'NONE', #8141 ) ;
#9524 = EDGE_CURVE ( 'NONE', #8704, #3542, #8164, .T. ) ;
#9525 = FACE_OUTER_BOUND ( 'NONE', #3261, .T. ) ;
#9526 = FILL_AREA_STYLE ('',( #2108 ) ) ;
#9527 = CARTESIAN_POINT ( 'NONE',  ( 4.410000000000000142, -1.055665328710553519, 3.897297636193110648 ) ) ;
#9528 = CARTESIAN_POINT ( 'NONE',  ( -8.290000000000000924, 0.06318885240105015511, 3.947195844781839824 ) ) ;
#9529 = CARTESIAN_POINT ( 'NONE',  ( -8.290000000000000924, 0.1100000000000000006, -3.550000000000000266 ) ) ;
#9530 =( GEOMETRIC_REPRESENTATION_CONTEXT ( 3 ) GLOBAL_UNCERTAINTY_ASSIGNED_CONTEXT ( ( #9908 ) ) GLOBAL_UNIT_ASSIGNED_CONTEXT ( ( #9717, #9756, #8904 ) ) REPRESENTATION_CONTEXT ( 'NONE', 'WORKASPACE' ) );
#9531 = DIRECTION ( 'NONE',  ( 0.000000000000000000, 0.000000000000000000, -1.000000000000000000 ) ) ;
#9532 = LINE ( 'NONE', #8295, #9913 ) ;
#9533 = ORIENTED_EDGE ( 'NONE', *, *, #3509, .F. ) ;
#9534 = PRESENTATION_LAYER_ASSIGNMENT (  '', '', ( #4454 ) ) ;
#9535 = COLOUR_RGB ( '',0.7529411764705882248, 0.7529411764705882248, 0.7529411764705882248 ) ;
#9536 = EDGE_CURVE ( 'NONE', #7330, #275, #746, .T. ) ;
#9537 = FACE_OUTER_BOUND ( 'NONE', #9445, .T. ) ;
#9538 = CARTESIAN_POINT ( 'NONE',  ( -3.210000000000000853, 0.1099999999999998618, -3.897297636193110648 ) ) ;
#9539 =( LENGTH_UNIT ( ) NAMED_UNIT ( * ) SI_UNIT ( .MILLI., .METRE. ) );
#9540 = PLANE ( 'NONE',  #2071 ) ;
#9541 = SURFACE_STYLE_USAGE ( .BOTH. , #3120 ) ;
#9542 = EDGE_CURVE ( 'NONE', #9849, #10295, #9818, .T. ) ;
#9543 = VERTEX_POINT ( 'NONE', #97 ) ;
#9544 =( LENGTH_UNIT ( ) NAMED_UNIT ( * ) SI_UNIT ( .MILLI., .METRE. ) );
#9545 = PRESENTATION_LAYER_ASSIGNMENT (  '', '', ( #1959 ) ) ;
#9546 = CYLINDRICAL_SURFACE ( 'NONE', #10226, 0.05000000000000012768 ) ;
#9547 = CARTESIAN_POINT ( 'NONE',  ( -3.559999999999999165, -4.675000000000000711, -4.034390786870895695 ) ) ;
#9548 = AXIS2_PLACEMENT_3D ( 'NONE', #9006, #8972, #6645 ) ;
#9549 = FILL_AREA_STYLE ('',( #3892 ) ) ;
#9550 = DIRECTION ( 'NONE',  ( 0.000000000000000000, 0.000000000000000000, -1.000000000000000000 ) ) ;
#9551 = ORIENTED_EDGE ( 'NONE', *, *, #9863, .F. ) ;
#9552 = VERTEX_POINT ( 'NONE', #6580 ) ;
#9553 = AXIS2_PLACEMENT_3D ( 'NONE', #5774, #8239, #220 ) ;
#9554 = ORIENTED_EDGE ( 'NONE', *, *, #7314, .F. ) ;
#9555 = CARTESIAN_POINT ( 'NONE',  ( 3.027812261714685427, -0.2469085707813086228, -3.967013287941472122 ) ) ;
#9556 = SURFACE_STYLE_FILL_AREA ( #9427 ) ;
#9557 = FILL_AREA_STYLE_COLOUR ( '', #9130 ) ;
#9558 = VECTOR ( 'NONE', #6202, 1000.000000000000000 ) ;
#9559 = DIRECTION ( 'NONE',  ( -1.000000000000000000, -0.000000000000000000, -0.000000000000000000 ) ) ;
#9560 = VECTOR ( 'NONE', #3388, 1000.000000000000000 ) ;
#9561 =( LENGTH_UNIT ( ) NAMED_UNIT ( * ) SI_UNIT ( .MILLI., .METRE. ) );
#9562 = DIRECTION ( 'NONE',  ( 0.000000000000000000, -0.000000000000000000, 1.000000000000000000 ) ) ;
#9563 = VERTEX_POINT ( 'NONE', #8862 ) ;
#9564 = DIRECTION ( 'NONE',  ( -0.000000000000000000, -0.000000000000000000, -1.000000000000000000 ) ) ;
#9565 = CARTESIAN_POINT ( 'NONE',  ( -3.281936167392618398, -1.374999999999998890, -4.250000000000000888 ) ) ;
#9566 = ORIENTED_EDGE ( 'NONE', *, *, #6897, .F. ) ;
#9567 = VECTOR ( 'NONE', #2728, 1000.000000000000000 ) ;
#9569 = CARTESIAN_POINT ( 'NONE',  ( -5.750000000000000000, 0.1100000000000000006, -3.550000000000000266 ) ) ;
#9568 =( LENGTH_UNIT ( ) NAMED_UNIT ( * ) SI_UNIT ( .MILLI., .METRE. ) );
#9570 = MECHANICAL_DESIGN_GEOMETRIC_PRESENTATION_REPRESENTATION (  '', ( #8686 ), #6672 ) ;
#9571 = CARTESIAN_POINT ( 'NONE',  ( 4.410000000000000142, -4.674999999999999822, 4.249999999999999112 ) ) ;
#9572 = ADVANCED_FACE ( 'NONE', ( #4255 ), #6034, .T. ) ;
#9573 = ORIENTED_EDGE ( 'NONE', *, *, #6989, .T. ) ;
#9574 = VERTEX_POINT ( 'NONE', #9751 ) ;
#9575 =( NAMED_UNIT ( * ) SI_UNIT ( $, .STERADIAN. ) SOLID_ANGLE_UNIT ( ) );
#9576 = CARTESIAN_POINT ( 'NONE',  ( 8.290000000000000924, -0.1100000000000000006, -3.695747996505077460 ) ) ;
#9577 = FILL_AREA_STYLE_COLOUR ( '', #1879 ) ;
#9578 = ORIENTED_EDGE ( 'NONE', *, *, #712, .F. ) ;
#9579 = AXIS2_PLACEMENT_3D ( 'NONE', #4913, #126, #5743 ) ;
#9580 = VECTOR ( 'NONE', #3555, 1000.000000000000000 ) ;
#9581 = CARTESIAN_POINT ( 'NONE',  ( -1.870000000000000107, 0.1100000000000000006, 3.550000000000000266 ) ) ;
#9582 = FILL_AREA_STYLE_COLOUR ( '', #7874 ) ;
#9583 = LINE ( 'NONE', #4694, #2512 ) ;
#9584 =( LENGTH_UNIT ( ) NAMED_UNIT ( * ) SI_UNIT ( .MILLI., .METRE. ) );
#9585 = UNCERTAINTY_MEASURE_WITH_UNIT (LENGTH_MEASURE( 1.000000000000000082E-05 ), #6394, 'distance_accuracy_value', 'NONE');
#9586 = ORIENTED_EDGE ( 'NONE', *, *, #4729, .F. ) ;
#9587 = ORIENTED_EDGE ( 'NONE', *, *, #2488, .F. ) ;
#9588 = ORIENTED_EDGE ( 'NONE', *, *, #4736, .T. ) ;
#9589 = SURFACE_STYLE_USAGE ( .BOTH. , #3932 ) ;
#9590 = FILL_AREA_STYLE ('',( #6210 ) ) ;
#9591 = EDGE_CURVE ( 'NONE', #1995, #6933, #9312, .T. ) ;
#9592 = PLANE ( 'NONE',  #8422 ) ;
#9593 = VECTOR ( 'NONE', #7056, 1000.000000000000114 ) ;
#9594 = CARTESIAN_POINT ( 'NONE',  ( 6.949999999999999289, -0.1568111475989498460, 3.745646205093807080 ) ) ;
#9595 = ORIENTED_EDGE ( 'NONE', *, *, #6033, .T. ) ;
#9596 = STYLED_ITEM ( 'NONE', ( #3006 ), #3560 ) ;
#9597 = ORIENTED_EDGE ( 'NONE', *, *, #1816, .F. ) ;
#9598 = AXIS2_PLACEMENT_3D ( 'NONE', #10209, #9234, #2059 ) ;
#9599 = CARTESIAN_POINT ( 'NONE',  ( -8.290000000000000924, -1.055665328710549522, 3.897297636193110648 ) ) ;
#9600 = FACE_OUTER_BOUND ( 'NONE', #9274, .T. ) ;
#9601 = DIRECTION ( 'NONE',  ( 1.000000000000000000, 0.000000000000000000, 0.000000000000000000 ) ) ;
#9602 = ORIENTED_EDGE ( 'NONE', *, *, #5413, .T. ) ;
#9603 = EDGE_CURVE ( 'NONE', #8667, #1561, #123, .T. ) ;
#9604 = VECTOR ( 'NONE', #4866, 1000.000000000000000 ) ;
#9605 = DIRECTION ( 'NONE',  ( -1.000000000000000000, -0.000000000000000000, -0.000000000000000000 ) ) ;
#9606 = CARTESIAN_POINT ( 'NONE',  ( -4.410000000000001030, -0.1100000000000000006, 3.695747996505077460 ) ) ;
#9607 =( NAMED_UNIT ( * ) PLANE_ANGLE_UNIT ( ) SI_UNIT ( $, .RADIAN. ) );
#9608 = ORIENTED_EDGE ( 'NONE', *, *, #5, .F. ) ;
#9609 = ORIENTED_EDGE ( 'NONE', *, *, #7981, .F. ) ;
#9610 = CARTESIAN_POINT ( 'NONE',  ( -6.099999999999999645, -4.674999999999999822, -4.250000000000000888 ) ) ;
#9611 = ORIENTED_EDGE ( 'NONE', *, *, #6785, .T. ) ;
#9612 = EDGE_CURVE ( 'NONE', #9198, #9305, #2493, .T. ) ;
#9613 = PRESENTATION_LAYER_ASSIGNMENT (  '', '', ( #6168 ) ) ;
#9614 = EDGE_CURVE ( 'NONE', #428, #4403, #1974, .T. ) ;
#9615 = CARTESIAN_POINT ( 'NONE',  ( -5.750000000000000000, -4.674999999999999822, -4.034390786870895695 ) ) ;
#9616 = FILL_AREA_STYLE_COLOUR ( '', #9159 ) ;
#9617 = PRESENTATION_LAYER_ASSIGNMENT (  '', '', ( #1287 ) ) ;
#9618 = ORIENTED_EDGE ( 'NONE', *, *, #6374, .F. ) ;
#9619 =( LENGTH_UNIT ( ) NAMED_UNIT ( * ) SI_UNIT ( .MILLI., .METRE. ) );
#9620 = ORIENTED_EDGE ( 'NONE', *, *, #4249, .T. ) ;
#9621 =( NAMED_UNIT ( * ) PLANE_ANGLE_UNIT ( ) SI_UNIT ( $, .RADIAN. ) );
#9622 = AXIS2_PLACEMENT_3D ( 'NONE', #283, #8297, #9221 ) ;
#9623 = FILL_AREA_STYLE ('',( #8060 ) ) ;
#9624 = FACE_OUTER_BOUND ( 'NONE', #4666, .T. ) ;
#9625 = FACE_OUTER_BOUND ( 'NONE', #8418, .T. ) ;
#9626 = PLANE ( 'NONE',  #1312 ) ;
#9627 = VECTOR ( 'NONE', #2388, 1000.000000000000227 ) ;
#9628 = SURFACE_SIDE_STYLE ('',( #10413 ) ) ;
#9629 = ORIENTED_EDGE ( 'NONE', *, *, #166, .T. ) ;
#9630 = ADVANCED_FACE ( 'NONE', ( #6286 ), #9676, .F. ) ;
#9631 = EDGE_LOOP ( 'NONE', ( #3629, #5219, #8868, #5835 ) ) ;
#9632 = AXIS2_PLACEMENT_3D ( 'NONE', #8371, #415, #1235 ) ;
#9633 = DIRECTION ( 'NONE',  ( -0.000000000000000000, 0.9979641717745811880, 0.06377704802100964132 ) ) ;
#9634 = DIRECTION ( 'NONE',  ( 0.000000000000000000, 0.000000000000000000, -1.000000000000000000 ) ) ;
#9635 = MECHANICAL_DESIGN_GEOMETRIC_PRESENTATION_REPRESENTATION (  '', ( #10373 ), #10161 ) ;
#9636 = ORIENTED_EDGE ( 'NONE', *, *, #5825, .T. ) ;
#9637 = FILL_AREA_STYLE ('',( #3979 ) ) ;
#9638 = DIRECTION ( 'NONE',  ( -1.000000000000000000, 0.000000000000000000, -0.000000000000000000 ) ) ;
#9639 = ORIENTED_EDGE ( 'NONE', *, *, #5, .T. ) ;
#9640 = CARTESIAN_POINT ( 'NONE',  ( 0.6700000000000004841, 0.06318885240105015511, 3.947195844781839824 ) ) ;
#9641 = LINE ( 'NONE', #3796, #4453 ) ;
#9642 = CARTESIAN_POINT ( 'NONE',  ( 8.290000000000000924, -1.055665328710549522, -4.018698629005419853 ) ) ;
#9643 = VECTOR ( 'NONE', #9432, 1000.000000000000000 ) ;
#9644 = VECTOR ( 'NONE', #83, 1000.000000000000114 ) ;
#9645 = UNCERTAINTY_MEASURE_WITH_UNIT (LENGTH_MEASURE( 1.000000000000000082E-05 ), #8753, 'distance_accuracy_value', 'NONE');
#9646 = MECHANICAL_DESIGN_GEOMETRIC_PRESENTATION_REPRESENTATION (  '', ( #2058 ), #4565 ) ;
#9647 = EDGE_LOOP ( 'NONE', ( #5722, #6600, #7537, #7698, #8876, #2117, #437, #513 ) ) ;
#9648 = DIRECTION ( 'NONE',  ( 0.000000000000000000, 0.9979641717745812990, -0.06377704802100914172 ) ) ;
#9649 = ORIENTED_EDGE ( 'NONE', *, *, #29, .T. ) ;
#9650 = DIRECTION ( 'NONE',  ( 0.000000000000000000, -1.000000000000000000, 0.000000000000000000 ) ) ;
#9651 = SURFACE_STYLE_FILL_AREA ( #6860 ) ;
#9652 = CARTESIAN_POINT ( 'NONE',  ( -9.882742557828871455, -0.7750000000000000222, -3.549999999999999378 ) ) ;
#9653 = COLOUR_RGB ( '',0.7529411764705882248, 0.7529411764705882248, 0.7529411764705882248 ) ;
#9654 = ORIENTED_EDGE ( 'NONE', *, *, #9011, .F. ) ;
#9655 = DIRECTION ( 'NONE',  ( -0.000000000000000000, 0.9979641717745811880, 0.06377704802100964132 ) ) ;
#9656 = AXIS2_PLACEMENT_3D ( 'NONE', #10421, #9650, #4748 ) ;
#9657 = EDGE_CURVE ( 'NONE', #4490, #1140, #8811, .T. ) ;
#9658 = EDGE_LOOP ( 'NONE', ( #7194, #7416, #3364, #235 ) ) ;
#9659 =( LENGTH_UNIT ( ) NAMED_UNIT ( * ) SI_UNIT ( .MILLI., .METRE. ) );
#9660 =( NAMED_UNIT ( * ) SI_UNIT ( $, .STERADIAN. ) SOLID_ANGLE_UNIT ( ) );
#9661 =( NAMED_UNIT ( * ) PLANE_ANGLE_UNIT ( ) SI_UNIT ( $, .RADIAN. ) );
#9662 = FACE_OUTER_BOUND ( 'NONE', #4243, .T. ) ;
#9663 = DIRECTION ( 'NONE',  ( -1.000000000000000000, -0.000000000000000000, -0.000000000000000000 ) ) ;
#9664 = EDGE_CURVE ( 'NONE', #9332, #4288, #10317, .T. ) ;
#9665 = DIRECTION ( 'NONE',  ( -0.000000000000000000, -0.000000000000000000, 1.000000000000000000 ) ) ;
#9666 = EDGE_CURVE ( 'NONE', #6688, #9054, #4771, .T. ) ;
#9667 = LINE ( 'NONE', #9787, #6515 ) ;
#9668 = DIRECTION ( 'NONE',  ( -1.000000000000000000, -0.000000000000000000, -0.000000000000000000 ) ) ;
#9669 = ORIENTED_EDGE ( 'NONE', *, *, #5552, .F. ) ;
#9670 = DIRECTION ( 'NONE',  ( -0.000000000000000000, -0.000000000000000000, -1.000000000000000000 ) ) ;
#9671 =( NAMED_UNIT ( * ) SI_UNIT ( $, .STERADIAN. ) SOLID_ANGLE_UNIT ( ) );
#9672 = PRESENTATION_LAYER_ASSIGNMENT (  '', '', ( #9134 ) ) ;
#9673 = EDGE_CURVE ( 'NONE', #3039, #3126, #8292, .T. ) ;
#9674 = VECTOR ( 'NONE', #7501, 999.9999999999998863 ) ;
#9675 = CARTESIAN_POINT ( 'NONE',  ( -4.409999999999999254, -1.055665328710549522, 3.803089415876315993 ) ) ;
#9676 = PLANE ( 'NONE',  #3401 ) ;
#9677 = VERTEX_POINT ( 'NONE', #1089 ) ;
#9678 = FACE_OUTER_BOUND ( 'NONE', #2320, .T. ) ;
#9679 = EDGE_LOOP ( 'NONE', ( #8073, #3227, #8192, #3860 ) ) ;
#9680 = ADVANCED_FACE ( 'NONE', ( #7172 ), #7533, .T. ) ;
#9681 = EDGE_CURVE ( 'NONE', #4791, #5778, #2362, .T. ) ;
#9682 = SURFACE_STYLE_USAGE ( .BOTH. , #7983 ) ;
#9683 = CARTESIAN_POINT ( 'NONE',  ( -9.999999999999998224, 0.1100000000000000006, 3.550000000000000266 ) ) ;
#9684 = DIRECTION ( 'NONE',  ( 0.000000000000000000, -0.9979641717745812990, 0.06377704802100914172 ) ) ;
#9685 = PRESENTATION_STYLE_ASSIGNMENT (( #2044 ) ) ;
#9686 = EDGE_CURVE ( 'NONE', #9105, #10347, #1723, .T. ) ;
#9687 = CARTESIAN_POINT ( 'NONE',  ( 4.410000000000000142, 0.1099999999999998618, 3.897297636193110648 ) ) ;
#9688 = ORIENTED_EDGE ( 'NONE', *, *, #1205, .T. ) ;
#9689 = STYLED_ITEM ( 'NONE', ( #7964 ), #5983 ) ;
#9690 = SURFACE_STYLE_USAGE ( .BOTH. , #6449 ) ;
#9691 = ORIENTED_EDGE ( 'NONE', *, *, #6648, .T. ) ;
#9692 = ORIENTED_EDGE ( 'NONE', *, *, #4956, .F. ) ;
#9693 = SURFACE_STYLE_FILL_AREA ( #1477 ) ;
#9694 = AXIS2_PLACEMENT_3D ( 'NONE', #88, #125, #5709 ) ;
#9695 = DIRECTION ( 'NONE',  ( 0.000000000000000000, -0.000000000000000000, 1.000000000000000000 ) ) ;
#9696 = STYLED_ITEM ( 'NONE', ( #9420 ), #628 ) ;
#9697 =( NAMED_UNIT ( * ) PLANE_ANGLE_UNIT ( ) SI_UNIT ( $, .RADIAN. ) );
#9698 = EDGE_LOOP ( 'NONE', ( #6683, #4674, #5003, #4407, #4009, #7219, #4587, #9378, #10451, #3345 ) ) ;
#9699 = VECTOR ( 'NONE', #8797, 1000.000000000000000 ) ;
#9700 = VERTEX_POINT ( 'NONE', #3531 ) ;
#9701 = SURFACE_STYLE_USAGE ( .BOTH. , #4911 ) ;
#9702 = UNCERTAINTY_MEASURE_WITH_UNIT (LENGTH_MEASURE( 1.000000000000000082E-05 ), #3430, 'distance_accuracy_value', 'NONE');
#9703 = PLANE ( 'NONE',  #7945 ) ;
#9704 = DIRECTION ( 'NONE',  ( 0.000000000000000000, -0.9979641717745812990, -0.06377704802100912784 ) ) ;
#9705 = MECHANICAL_DESIGN_GEOMETRIC_PRESENTATION_REPRESENTATION (  '', ( #6389 ), #9909 ) ;
#9706 = ORIENTED_EDGE ( 'NONE', *, *, #9730, .F. ) ;
#9707 = ORIENTED_EDGE ( 'NONE', *, *, #3375, .T. ) ;
#9708 = DIRECTION ( 'NONE',  ( -0.9755535465928818484, 0.2197618659596111135, 0.000000000000000000 ) ) ;
#9709 = VECTOR ( 'NONE', #7038, 1000.000000000000000 ) ;
#9710 = CARTESIAN_POINT ( 'NONE',  ( -3.210000000000000853, 0.06318885240105015511, 3.947195844781839824 ) ) ;
#9711 = CARTESIAN_POINT ( 'NONE',  ( 0.5349872117414492534, -0.4563247477326366486, -3.764787266265075427 ) ) ;
#9712 = COLOUR_RGB ( '',0.7529411764705882248, 0.7529411764705882248, 0.7529411764705882248 ) ;
#9713 = SURFACE_STYLE_FILL_AREA ( #8757 ) ;
#9714 = UNCERTAINTY_MEASURE_WITH_UNIT (LENGTH_MEASURE( 1.000000000000000082E-05 ), #8162, 'distance_accuracy_value', 'NONE');
#9715 = VECTOR ( 'NONE', #258, 1000.000000000000000 ) ;
#9716 = VERTEX_POINT ( 'NONE', #8308 ) ;
#9718 = VERTEX_POINT ( 'NONE', #9192 ) ;
#9717 =( LENGTH_UNIT ( ) NAMED_UNIT ( * ) SI_UNIT ( .MILLI., .METRE. ) );
#9719 = STYLED_ITEM ( 'NONE', ( #3774 ), #3159 ) ;
#9720 = DIRECTION ( 'NONE',  ( -1.000000000000000000, 0.000000000000000000, 0.000000000000000000 ) ) ;
#9721 =( NAMED_UNIT ( * ) PLANE_ANGLE_UNIT ( ) SI_UNIT ( $, .RADIAN. ) );
#9722 = CARTESIAN_POINT ( 'NONE',  ( 1.870000000000000107, 0.1100000000000000006, -3.550000000000000266 ) ) ;
#9723 = VECTOR ( 'NONE', #1623, 1000.000000000000000 ) ;
#9724 = DIRECTION ( 'NONE',  ( 1.000000000000000000, 0.000000000000000000, -0.000000000000000000 ) ) ;
#9725 = CIRCLE ( 'NONE', #5649, 0.05000000000000012768 ) ;
#9726 = SURFACE_STYLE_FILL_AREA ( #10283 ) ;
#9727 = ORIENTED_EDGE ( 'NONE', *, *, #6862, .F. ) ;
#9728 = ORIENTED_EDGE ( 'NONE', *, *, #7759, .T. ) ;
#9729 = DIRECTION ( 'NONE',  ( -1.000000000000000000, -0.000000000000000000, -0.000000000000000000 ) ) ;
#9730 = EDGE_CURVE ( 'NONE', #7460, #3897, #4500, .T. ) ;
#9731 = ORIENTED_EDGE ( 'NONE', *, *, #4270, .T. ) ;
#9732 = PLANE ( 'NONE',  #1225 ) ;
#9733 =( LENGTH_UNIT ( ) NAMED_UNIT ( * ) SI_UNIT ( .MILLI., .METRE. ) );
#9734 = ADVANCED_FACE ( 'NONE', ( #3123 ), #1805, .F. ) ;
#9735 = VECTOR ( 'NONE', #10004, 1000.000000000000000 ) ;
#9736 = AXIS2_PLACEMENT_3D ( 'NONE', #626, #7117, #3740 ) ;
#9737 = PRESENTATION_STYLE_ASSIGNMENT (( #2486 ) ) ;
#9738 = CARTESIAN_POINT ( 'NONE',  ( 6.949999999999999289, 0.06000000000000001166, 3.897297636193110648 ) ) ;
#9739 = COLOUR_RGB ( '',0.7921568627450980005, 0.8196078431372548767, 0.9333333333333333481 ) ;
#9740 = ORIENTED_EDGE ( 'NONE', *, *, #889, .T. ) ;
#9741 = VERTEX_POINT ( 'NONE', #5885 ) ;
#9742 = EDGE_LOOP ( 'NONE', ( #3780, #8409, #6179, #4590, #6309, #6579, #9252, #130 ) ) ;
#9743 = DIRECTION ( 'NONE',  ( -0.2193360129683985527, 0.9736631258226969843, -0.06222403738348480234 ) ) ;
#9744 = MECHANICAL_DESIGN_GEOMETRIC_PRESENTATION_REPRESENTATION (  '', ( #9196 ), #4877 ) ;
#9745 = EDGE_CURVE ( 'NONE', #5662, #6887, #3735, .T. ) ;
#9746 = CARTESIAN_POINT ( 'NONE',  ( -6.949999999999999289, 0.06318885240105015511, -3.947195844781839824 ) ) ;
#9747 = LINE ( 'NONE', #7752, #9111 ) ;
#9748 = PLANE ( 'NONE',  #2169 ) ;
#9749 = VECTOR ( 'NONE', #901, 1000.000000000000000 ) ;
#9750 = PRESENTATION_STYLE_ASSIGNMENT (( #8591 ) ) ;
#9751 = CARTESIAN_POINT ( 'NONE',  ( -8.290000000000000924, -1.055665328710549522, -3.803089415876315993 ) ) ;
#9752 = COLOUR_RGB ( '',0.7529411764705882248, 0.7529411764705882248, 0.7529411764705882248 ) ;
#9753 = ORIENTED_EDGE ( 'NONE', *, *, #8722, .F. ) ;
#9754 = EDGE_CURVE ( 'NONE', #435, #4543, #9938, .T. ) ;
#9755 = STYLED_ITEM ( 'NONE', ( #3427 ), #5492 ) ;
#9756 =( NAMED_UNIT ( * ) PLANE_ANGLE_UNIT ( ) SI_UNIT ( $, .RADIAN. ) );
#9757 = AXIS2_PLACEMENT_3D ( 'NONE', #8244, #1777, #1745 ) ;
#9758 = VECTOR ( 'NONE', #3407, 1000.000000000000000 ) ;
#9759 = LINE ( 'NONE', #4494, #5202 ) ;
#9760 = EDGE_CURVE ( 'NONE', #794, #1485, #8940, .T. ) ;
#9761 = VECTOR ( 'NONE', #4727, 1000.000000000000000 ) ;
#9762 = CARTESIAN_POINT ( 'NONE',  ( 9.490000000000000213, 0.06318885240105015511, 3.947195844781839824 ) ) ;
#9763 = DIRECTION ( 'NONE',  ( 0.000000000000000000, 0.000000000000000000, -1.000000000000000000 ) ) ;
#9764 = ORIENTED_EDGE ( 'NONE', *, *, #5619, .F. ) ;
#9765 = DIRECTION ( 'NONE',  ( 0.000000000000000000, -0.000000000000000000, 1.000000000000000000 ) ) ;
#9766 = ORIENTED_EDGE ( 'NONE', *, *, #2305, .F. ) ;
#9767 = VECTOR ( 'NONE', #7357, 1000.000000000000000 ) ;
#9768 = VERTEX_POINT ( 'NONE', #5072 ) ;
#9769 = ORIENTED_EDGE ( 'NONE', *, *, #8645, .T. ) ;
#9770 = MECHANICAL_DESIGN_GEOMETRIC_PRESENTATION_REPRESENTATION (  '', ( #4546 ), #3268 ) ;
#9771 = CARTESIAN_POINT ( 'NONE',  ( -3.017257267839600576, -0.2000534821418787634, 3.748409699540487416 ) ) ;
#9772 = DIRECTION ( 'NONE',  ( -0.000000000000000000, -0.000000000000000000, -1.000000000000000000 ) ) ;
#9773 = EDGE_LOOP ( 'NONE', ( #9731, #4397, #10003, #5546 ) ) ;
#9774 = MECHANICAL_DESIGN_GEOMETRIC_PRESENTATION_REPRESENTATION (  '', ( #5783 ), #6123 ) ;
#9775 = CARTESIAN_POINT ( 'NONE',  ( -7.132187738285314715, -0.2469085707813087338, 3.967013287941472122 ) ) ;
#9776 = CARTESIAN_POINT ( 'NONE',  ( 1.870000000000000107, -0.1100000000000000006, 3.550000000000000266 ) ) ;
#9777 = UNCERTAINTY_MEASURE_WITH_UNIT (LENGTH_MEASURE( 1.000000000000000082E-05 ), #3950, 'distance_accuracy_value', 'NONE');
#9778 = DIRECTION ( 'NONE',  ( 1.000000000000000000, 0.000000000000000000, 0.000000000000000000 ) ) ;
#9779 = CARTESIAN_POINT ( 'NONE',  ( -6.949999999999999289, 0.1100000000000000006, 3.550000000000000266 ) ) ;
#9780 = ORIENTED_EDGE ( 'NONE', *, *, #10201, .F. ) ;
#9781 = PRESENTATION_LAYER_ASSIGNMENT (  '', '', ( #6543 ) ) ;
#9782 = LINE ( 'NONE', #9528, #3083 ) ;
#9783 = ADVANCED_FACE ( 'NONE', ( #8678 ), #7502, .F. ) ;
#9784 = ORIENTED_EDGE ( 'NONE', *, *, #6102, .T. ) ;
#9785 = FACE_OUTER_BOUND ( 'NONE', #6699, .T. ) ;
#9786 = CARTESIAN_POINT ( 'NONE',  ( -9.999999999999998224, -0.1100000000000000006, 3.550000000000000266 ) ) ;
#9787 = CARTESIAN_POINT ( 'NONE',  ( -1.870000000000000107, 0.1100000000000000006, -3.550000000000000266 ) ) ;
#9788 = DIRECTION ( 'NONE',  ( 0.000000000000000000, 0.000000000000000000, 1.000000000000000000 ) ) ;
#9789 = PRESENTATION_STYLE_ASSIGNMENT (( #10013 ) ) ;
#9790 = EDGE_LOOP ( 'NONE', ( #5203, #5359, #8219, #3409 ) ) ;
#9791 = CARTESIAN_POINT ( 'NONE',  ( -5.750000000000000000, -4.674999999999999822, 4.034390786870895695 ) ) ;
#9792 = PRESENTATION_STYLE_ASSIGNMENT (( #4566 ) ) ;
#9793 = SURFACE_STYLE_FILL_AREA ( #523 ) ;
#9794 =( GEOMETRIC_REPRESENTATION_CONTEXT ( 3 ) GLOBAL_UNCERTAINTY_ASSIGNED_CONTEXT ( ( #2201 ) ) GLOBAL_UNIT_ASSIGNED_CONTEXT ( ( #106, #915, #2518 ) ) REPRESENTATION_CONTEXT ( 'NONE', 'WORKASPACE' ) );
#9795 = EDGE_CURVE ( 'NONE', #607, #9552, #1463, .T. ) ;
#9796 = CARTESIAN_POINT ( 'NONE',  ( 4.410000000000000142, 0.1100000000000000006, -3.550000000000000266 ) ) ;
#9797 = VERTEX_POINT ( 'NONE', #6633 ) ;
#9798 = DIRECTION ( 'NONE',  ( -0.000000000000000000, -0.000000000000000000, 1.000000000000000000 ) ) ;
#9799 = DIRECTION ( 'NONE',  ( -1.000000000000000000, -0.000000000000000000, -0.000000000000000000 ) ) ;
#9800 = PLANE ( 'NONE',  #522 ) ;
#9801 = ORIENTED_EDGE ( 'NONE', *, *, #5947, .F. ) ;
#9802 = MECHANICAL_DESIGN_GEOMETRIC_PRESENTATION_REPRESENTATION (  '', ( #9398 ), #7236 ) ;
#9803 = FACE_OUTER_BOUND ( 'NONE', #4552, .T. ) ;
#9804 = EDGE_CURVE ( 'NONE', #6037, #5037, #3238, .T. ) ;
#9805 = CARTESIAN_POINT ( 'NONE',  ( -6.949999999999999289, 0.1100000000000000006, -3.550000000000000266 ) ) ;
#9806 = CARTESIAN_POINT ( 'NONE',  ( 6.949999999999999289, -1.374999999999998668, 3.823497185254834729 ) ) ;
#9807 = ORIENTED_EDGE ( 'NONE', *, *, #10256, .F. ) ;
#9808 = EDGE_LOOP ( 'NONE', ( #1179, #3374, #5995, #5045 ) ) ;
#9809 =( NAMED_UNIT ( * ) SI_UNIT ( $, .STERADIAN. ) SOLID_ANGLE_UNIT ( ) );
#9810 = ORIENTED_EDGE ( 'NONE', *, *, #1197, .F. ) ;
#9811 =( GEOMETRIC_REPRESENTATION_CONTEXT ( 3 ) GLOBAL_UNCERTAINTY_ASSIGNED_CONTEXT ( ( #8023 ) ) GLOBAL_UNIT_ASSIGNED_CONTEXT ( ( #7669, #8481, #3640 ) ) REPRESENTATION_CONTEXT ( 'NONE', 'WORKASPACE' ) );
#9812 = EDGE_CURVE ( 'NONE', #3405, #10232, #7535, .T. ) ;
#9813 = DIRECTION ( 'NONE',  ( -0.000000000000000000, -0.000000000000000000, 1.000000000000000000 ) ) ;
#9814 = LINE ( 'NONE', #8622, #5142 ) ;
#9815 = SURFACE_SIDE_STYLE ('',( #3255 ) ) ;
#9816 = ORIENTED_EDGE ( 'NONE', *, *, #7447, .F. ) ;
#9817 = EDGE_CURVE ( 'NONE', #5940, #4897, #5767, .T. ) ;
#9818 = LINE ( 'NONE', #1719, #250 ) ;
#9819 = VERTEX_POINT ( 'NONE', #6086 ) ;
#9820 = DIRECTION ( 'NONE',  ( -0.9755535465928818484, 0.2197618659596111135, 0.000000000000000000 ) ) ;
#9821 = VECTOR ( 'NONE', #1867, 1000.000000000000114 ) ;
#9822 = VECTOR ( 'NONE', #6301, 1000.000000000000000 ) ;
#9823 = CARTESIAN_POINT ( 'NONE',  ( -0.6700000000000004841, 0.1100000000000000006, -3.550000000000000266 ) ) ;
#9824 = DIRECTION ( 'NONE',  ( 0.000000000000000000, 0.000000000000000000, -1.000000000000000000 ) ) ;
#9825 = CARTESIAN_POINT ( 'NONE',  ( 4.410000000000000142, -0.1599999999999999756, -3.695747996505077904 ) ) ;
#9826 = VERTEX_POINT ( 'NONE', #390 ) ;
#9827 = ORIENTED_EDGE ( 'NONE', *, *, #1412, .T. ) ;
#9828 = AXIS2_PLACEMENT_3D ( 'NONE', #9722, #8909, #8949 ) ;
#9829 = VERTEX_POINT ( 'NONE', #1241 ) ;
#9830 = DIRECTION ( 'NONE',  ( 0.000000000000000000, -1.000000000000000000, 0.000000000000000000 ) ) ;
#9831 = VECTOR ( 'NONE', #2047, 1000.000000000000000 ) ;
#9832 = CARTESIAN_POINT ( 'NONE',  ( 6.949999999999999289, -0.1100000000000000006, -3.550000000000000266 ) ) ;
#9833 = UNCERTAINTY_MEASURE_WITH_UNIT (LENGTH_MEASURE( 1.000000000000000082E-05 ), #7728, 'distance_accuracy_value', 'NONE');
#9834 = ADVANCED_FACE ( 'NONE', ( #4760 ), #862, .F. ) ;
#9835 = PRESENTATION_STYLE_ASSIGNMENT (( #4148 ) ) ;
#9836 = DIRECTION ( 'NONE',  ( -0.2193360129683985527, -0.9736631258226969843, 0.06222403738348480234 ) ) ;
#9837 = ORIENTED_EDGE ( 'NONE', *, *, #6242, .T. ) ;
#9838 = EDGE_LOOP ( 'NONE', ( #1102, #2048, #2296, #5769 ) ) ;
#9839 = FILL_AREA_STYLE_COLOUR ( '', #9752 ) ;
#9840 = DIRECTION ( 'NONE',  ( 0.2193360129683985527, -0.9736631258226969843, 0.06222403738348494112 ) ) ;
#9841 = CARTESIAN_POINT ( 'NONE',  ( -4.410000000000001030, -1.055665328710541973, 3.897297636193110648 ) ) ;
#9842 = PRESENTATION_LAYER_ASSIGNMENT (  '', '', ( #6050 ) ) ;
#9843 = CARTESIAN_POINT ( 'NONE',  ( 6.949999999999999289, 0.06318885240105015511, 3.947195844781839824 ) ) ;
#9844 = LINE ( 'NONE', #4157, #3392 ) ;
#9845 =( NAMED_UNIT ( * ) PLANE_ANGLE_UNIT ( ) SI_UNIT ( $, .RADIAN. ) );
#9846 = UNCERTAINTY_MEASURE_WITH_UNIT (LENGTH_MEASURE( 1.000000000000000082E-05 ), #5018, 'distance_accuracy_value', 'NONE');
#9847 = LINE ( 'NONE', #6344, #7566 ) ;
#9848 = CARTESIAN_POINT ( 'NONE',  ( 6.949999999999999289, -1.055665328710557072, -4.018698629005419853 ) ) ;
#9849 = VERTEX_POINT ( 'NONE', #4521 ) ;
#9850 = CARTESIAN_POINT ( 'NONE',  ( 0.6700000000000004841, -0.1100000000000000006, 3.550000000000000266 ) ) ;
#9851 = PLANE ( 'NONE',  #7601 ) ;
#9852 = LINE ( 'NONE', #1889, #8578 ) ;
#9853 = ORIENTED_EDGE ( 'NONE', *, *, #309, .T. ) ;
#9854 = EDGE_LOOP ( 'NONE', ( #4125, #6435, #285, #3696 ) ) ;
#9855 = VERTEX_POINT ( 'NONE', #3559 ) ;
#9856 = CARTESIAN_POINT ( 'NONE',  ( 3.209999999999999964, -0.1599999999999999756, 3.695747996505077904 ) ) ;
#9857 = DIRECTION ( 'NONE',  ( 1.000000000000000000, -0.000000000000000000, 0.000000000000000000 ) ) ;
#9858 = VERTEX_POINT ( 'NONE', #3592 ) ;
#9859 = DIRECTION ( 'NONE',  ( 1.000000000000000000, 0.000000000000000000, 0.000000000000000000 ) ) ;
#9860 =( LENGTH_UNIT ( ) NAMED_UNIT ( * ) SI_UNIT ( .MILLI., .METRE. ) );
#9861 =( NAMED_UNIT ( * ) PLANE_ANGLE_UNIT ( ) SI_UNIT ( $, .RADIAN. ) );
#9862 = LINE ( 'NONE', #6496, #3160 ) ;
#9863 = EDGE_CURVE ( 'NONE', #2254, #1448, #9051, .T. ) ;
#9864 = COLOUR_RGB ( '',0.7529411764705882248, 0.7529411764705882248, 0.7529411764705882248 ) ;
#9865 = VECTOR ( 'NONE', #3026, 1000.000000000000000 ) ;
#9866 = CARTESIAN_POINT ( 'NONE',  ( -9.115000000000000213, -0.1568111475989498460, 3.745646205093807080 ) ) ;
#9867 = VECTOR ( 'NONE', #9235, 1000.000000000000227 ) ;
#9868 = EDGE_CURVE ( 'NONE', #6544, #4405, #9177, .T. ) ;
#9870 = EDGE_LOOP ( 'NONE', ( #7870, #6930, #234, #4816 ) ) ;
#9869 =( NAMED_UNIT ( * ) SI_UNIT ( $, .STERADIAN. ) SOLID_ANGLE_UNIT ( ) );
#9871 = DIRECTION ( 'NONE',  ( -0.9755535465928818484, 0.2197618659596111135, 0.000000000000000000 ) ) ;
#9872 = PRESENTATION_STYLE_ASSIGNMENT (( #787 ) ) ;
#9873 = CARTESIAN_POINT ( 'NONE',  ( -3.210000000000000853, -1.374999999999998668, 3.823497185254834729 ) ) ;
#9874 = SURFACE_SIDE_STYLE ('',( #3050 ) ) ;
#9875 = EDGE_CURVE ( 'NONE', #8581, #9716, #7041, .T. ) ;
#9876 = FACE_OUTER_BOUND ( 'NONE', #2245, .T. ) ;
#9877 = LINE ( 'NONE', #9422, #3413 ) ;
#9878 = MECHANICAL_DESIGN_GEOMETRIC_PRESENTATION_REPRESENTATION (  '', ( #7179 ), #10412 ) ;
#9879 = DIRECTION ( 'NONE',  ( 0.2193360129683985527, -0.9736631258226969843, -0.06222403738348480234 ) ) ;
#9880 = VECTOR ( 'NONE', #6427, 1000.000000000000000 ) ;
#9881 = PLANE ( 'NONE',  #5302 ) ;
#9882 = DIRECTION ( 'NONE',  ( 0.000000000000000000, 0.000000000000000000, 1.000000000000000000 ) ) ;
#9883 = EDGE_CURVE ( 'NONE', #9024, #2989, #3863, .T. ) ;
#9884 = CARTESIAN_POINT ( 'NONE',  ( 4.410000000000000142, 0.1100000000000000006, 3.550000000000000266 ) ) ;
#9885 = EDGE_LOOP ( 'NONE', ( #3988, #7113, #5651, #8051 ) ) ;
#9886 = CARTESIAN_POINT ( 'NONE',  ( 6.878063832607382189, -1.374999999999998890, -4.250000000000000888 ) ) ;
#9887 = EDGE_CURVE ( 'NONE', #3400, #7306, #4632, .T. ) ;
#9888 = ADVANCED_FACE ( 'NONE', ( #4900 ), #10167, .F. ) ;
#9889 = MECHANICAL_DESIGN_GEOMETRIC_PRESENTATION_REPRESENTATION (  '', ( #9689 ), #370 ) ;
#9890 = ORIENTED_EDGE ( 'NONE', *, *, #8634, .F. ) ;
#9891 = DIRECTION ( 'NONE',  ( 1.000000000000000000, 0.000000000000000000, 0.000000000000000000 ) ) ;
#9892 = DIRECTION ( 'NONE',  ( -0.2197618659596110857, 0.9755535465928817374, 0.000000000000000000 ) ) ;
#9893 = ORIENTED_EDGE ( 'NONE', *, *, #5664, .T. ) ;
#9894 =( GEOMETRIC_REPRESENTATION_CONTEXT ( 3 ) GLOBAL_UNCERTAINTY_ASSIGNED_CONTEXT ( ( #2457 ) ) GLOBAL_UNIT_ASSIGNED_CONTEXT ( ( #7814, #231, #897 ) ) REPRESENTATION_CONTEXT ( 'NONE', 'WORKASPACE' ) );
#9895 = CARTESIAN_POINT ( 'NONE',  ( 1.870000000000000107, -4.674999999999999822, -4.034390786870895695 ) ) ;
#9896 = CARTESIAN_POINT ( 'NONE',  ( 1.520000000000000462, -1.374999999999998890, -4.250000000000000888 ) ) ;
#9897 = CARTESIAN_POINT ( 'NONE',  ( -6.599999999999999645, -4.674999999999999822, 4.034390786870896584 ) ) ;
#9898 = PRESENTATION_LAYER_ASSIGNMENT (  '', '', ( #5032 ) ) ;
#9899 = LINE ( 'NONE', #5230, #8490 ) ;
#9900 = LINE ( 'NONE', #6834, #7735 ) ;
#9901 = DIRECTION ( 'NONE',  ( -1.000000000000000000, -0.000000000000000000, -0.000000000000000000 ) ) ;
#9902 = EDGE_LOOP ( 'NONE', ( #7606, #5411, #5055, #8763, #2113, #9109, #4247, #6680 ) ) ;
#9903 = SURFACE_SIDE_STYLE ('',( #10345 ) ) ;
#9904 = ORIENTED_EDGE ( 'NONE', *, *, #9940, .T. ) ;
#9905 = SURFACE_SIDE_STYLE ('',( #7404 ) ) ;
#9906 = DIRECTION ( 'NONE',  ( 0.000000000000000000, -0.9979641717745812990, -0.06377704802100914172 ) ) ;
#9907 = FACE_OUTER_BOUND ( 'NONE', #7075, .T. ) ;
#9908 = UNCERTAINTY_MEASURE_WITH_UNIT (LENGTH_MEASURE( 1.000000000000000082E-05 ), #9717, 'distance_accuracy_value', 'NONE');
#9909 =( GEOMETRIC_REPRESENTATION_CONTEXT ( 3 ) GLOBAL_UNCERTAINTY_ASSIGNED_CONTEXT ( ( #6998 ) ) GLOBAL_UNIT_ASSIGNED_CONTEXT ( ( #4706, #10410, #5580 ) ) REPRESENTATION_CONTEXT ( 'NONE', 'WORKASPACE' ) );
#9910 = DIRECTION ( 'NONE',  ( 0.000000000000000000, -0.06377704802100965520, 0.9979641717745812990 ) ) ;
#9911 =( NAMED_UNIT ( * ) PLANE_ANGLE_UNIT ( ) SI_UNIT ( $, .RADIAN. ) );
#9912 = STYLED_ITEM ( 'NONE', ( #7972 ), #1572 ) ;
#9913 = VECTOR ( 'NONE', #7611, 1000.000000000000000 ) ;
#9914 = FILL_AREA_STYLE ('',( #4499 ) ) ;
#9915 = PLANE ( 'NONE',  #4464 ) ;
#9916 = ORIENTED_EDGE ( 'NONE', *, *, #5687, .T. ) ;
#9917 = PRESENTATION_STYLE_ASSIGNMENT (( #6900 ) ) ;
#9918 = DIRECTION ( 'NONE',  ( 1.000000000000000000, 0.000000000000000000, 0.000000000000000000 ) ) ;
#9919 = CARTESIAN_POINT ( 'NONE',  ( -6.949999999999999289, -0.1568111475989498460, -3.745646205093807080 ) ) ;
#9920 =( GEOMETRIC_REPRESENTATION_CONTEXT ( 3 ) GLOBAL_UNCERTAINTY_ASSIGNED_CONTEXT ( ( #10156 ) ) GLOBAL_UNIT_ASSIGNED_CONTEXT ( ( #1780, #8209, #3234 ) ) REPRESENTATION_CONTEXT ( 'NONE', 'WORKASPACE' ) );
#9921 = VECTOR ( 'NONE', #8017, 1000.000000000000000 ) ;
#9922 = ORIENTED_EDGE ( 'NONE', *, *, #8939, .T. ) ;
#9923 = FACE_OUTER_BOUND ( 'NONE', #9084, .T. ) ;
#9924 = CARTESIAN_POINT ( 'NONE',  ( 1.870000000000000107, 0.1100000000000000006, -3.550000000000000266 ) ) ;
#9925 = CARTESIAN_POINT ( 'NONE',  ( -6.599999999999999645, -1.374999999999999112, 3.823497185254834285 ) ) ;
#9926 = EDGE_LOOP ( 'NONE', ( #5179, #5248, #3936, #3198 ) ) ;
#9927 = EDGE_CURVE ( 'NONE', #8482, #699, #2740, .T. ) ;
#9928 = PLANE ( 'NONE',  #2928 ) ;
#9929 = FILL_AREA_STYLE_COLOUR ( '', #5981 ) ;
#9930 = ORIENTED_EDGE ( 'NONE', *, *, #6347, .T. ) ;
#9931 = LINE ( 'NONE', #5611, #2608 ) ;
#9932 = STYLED_ITEM ( 'NONE', ( #7638 ), #4156 ) ;
#9933 = FILL_AREA_STYLE ('',( #8267 ) ) ;
#9934 = CARTESIAN_POINT ( 'NONE',  ( 1.870000000000000107, -1.055665328710549522, -4.250000000000000888 ) ) ;
#9935 = ADVANCED_FACE ( 'NONE', ( #7163 ), #491, .F. ) ;
#9936 = AXIS2_PLACEMENT_3D ( 'NONE', #5349, #2197, #8584 ) ;
#9937 = ORIENTED_EDGE ( 'NONE', *, *, #6839, .T. ) ;
#9938 = LINE ( 'NONE', #6665, #4641 ) ;
#9939 = ORIENTED_EDGE ( 'NONE', *, *, #1460, .F. ) ;
#9940 = EDGE_CURVE ( 'NONE', #10244, #1995, #6782, .T. ) ;
#9941 = CYLINDRICAL_SURFACE ( 'NONE', #8461, 0.05000000000000012768 ) ;
#9942 = CARTESIAN_POINT ( 'NONE',  ( 3.209999999999999964, 0.1099999999999998618, -3.897297636193110648 ) ) ;
#9943 = PRESENTATION_STYLE_ASSIGNMENT (( #4079 ) ) ;
#9944 = LINE ( 'NONE', #3256, #5397 ) ;
#9945 =( NAMED_UNIT ( * ) SI_UNIT ( $, .STERADIAN. ) SOLID_ANGLE_UNIT ( ) );
#9946 = DIRECTION ( 'NONE',  ( -1.000000000000000000, 0.000000000000000000, -0.000000000000000000 ) ) ;
#9947 = EDGE_CURVE ( 'NONE', #9015, #4903, #4886, .T. ) ;
#9948 = ORIENTED_EDGE ( 'NONE', *, *, #688, .F. ) ;
#9949 = AXIS2_PLACEMENT_3D ( 'NONE', #9825, #8987, #145 ) ;
#9950 = EDGE_CURVE ( 'NONE', #8664, #3405, #2468, .T. ) ;
#9951 = ADVANCED_FACE ( 'NONE', ( #8400 ), #3741, .F. ) ;
#9952 = DIRECTION ( 'NONE',  ( -0.000000000000000000, 1.000000000000000000, -0.000000000000000000 ) ) ;
#9953 = ORIENTED_EDGE ( 'NONE', *, *, #81, .T. ) ;
#9954 = PRESENTATION_LAYER_ASSIGNMENT (  '', '', ( #5143 ) ) ;
#9955 = VECTOR ( 'NONE', #1370, 1000.000000000000000 ) ;
#9956 = PRESENTATION_STYLE_ASSIGNMENT (( #5503 ) ) ;
#9957 = EDGE_CURVE ( 'NONE', #4020, #8181, #3467, .T. ) ;
#9958 = ORIENTED_EDGE ( 'NONE', *, *, #4612, .F. ) ;
#9959 = ORIENTED_EDGE ( 'NONE', *, *, #2369, .F. ) ;
#9960 = DIRECTION ( 'NONE',  ( 0.000000000000000000, -0.9979641717745810769, -0.06377704802100964132 ) ) ;
#9961 = SURFACE_STYLE_USAGE ( .BOTH. , #9150 ) ;
#9962 = CARTESIAN_POINT ( 'NONE',  ( -8.290000000000000924, -0.1100000000000000006, 3.550000000000000266 ) ) ;
#9963 = CARTESIAN_POINT ( 'NONE',  ( 9.490000000000000213, -4.674999999999998934, -4.250000000000000888 ) ) ;
#9964 = UNCERTAINTY_MEASURE_WITH_UNIT (LENGTH_MEASURE( 1.000000000000000082E-05 ), #3658, 'distance_accuracy_value', 'NONE');
#9965 = CYLINDRICAL_SURFACE ( 'NONE', #5984, 0.05000000000000012768 ) ;
#9966 = STYLED_ITEM ( 'NONE', ( #3016 ), #9208 ) ;
#9967 = ORIENTED_EDGE ( 'NONE', *, *, #8867, .T. ) ;
#9968 = ORIENTED_EDGE ( 'NONE', *, *, #1948, .T. ) ;
#9969 = MECHANICAL_DESIGN_GEOMETRIC_PRESENTATION_REPRESENTATION (  '', ( #6944 ), #5103 ) ;
#9970 = FILL_AREA_STYLE ('',( #9101 ) ) ;
#9971 = DIRECTION ( 'NONE',  ( -0.000000000000000000, -0.000000000000000000, 1.000000000000000000 ) ) ;
#9972 = ORIENTED_EDGE ( 'NONE', *, *, #8444, .F. ) ;
#9973 = CARTESIAN_POINT ( 'NONE',  ( -9.115000000000000213, -4.674999999999999822, -4.250000000000000888 ) ) ;
#9974 =( GEOMETRIC_REPRESENTATION_CONTEXT ( 3 ) GLOBAL_UNCERTAINTY_ASSIGNED_CONTEXT ( ( #676 ) ) GLOBAL_UNIT_ASSIGNED_CONTEXT ( ( #3646, #5285, #6929 ) ) REPRESENTATION_CONTEXT ( 'NONE', 'WORKASPACE' ) );
#9975 = DIRECTION ( 'NONE',  ( -0.000000000000000000, -0.000000000000000000, 1.000000000000000000 ) ) ;
#9976 = DIRECTION ( 'NONE',  ( -0.000000000000000000, -0.000000000000000000, 1.000000000000000000 ) ) ;
#9977 = PRESENTATION_LAYER_ASSIGNMENT (  '', '', ( #8015 ) ) ;
#9978 = ORIENTED_EDGE ( 'NONE', *, *, #1866, .T. ) ;
#9979 = LINE ( 'NONE', #3221, #9604 ) ;
#9980 = CIRCLE ( 'NONE', #2658, 0.04999999999999969746 ) ;
#9981 = ORIENTED_EDGE ( 'NONE', *, *, #425, .F. ) ;
#9982 = ORIENTED_EDGE ( 'NONE', *, *, #8714, .T. ) ;
#9983 = ADVANCED_FACE ( 'NONE', ( #9678 ), #8650, .F. ) ;
#9984 = SURFACE_STYLE_FILL_AREA ( #927 ) ;
#9985 = CARTESIAN_POINT ( 'NONE',  ( -9.115000000000000213, 0.1100000000000000006, -3.550000000000000266 ) ) ;
#9986 =( GEOMETRIC_REPRESENTATION_CONTEXT ( 3 ) GLOBAL_UNCERTAINTY_ASSIGNED_CONTEXT ( ( #4872 ) ) GLOBAL_UNIT_ASSIGNED_CONTEXT ( ( #7650, #2729, #1081 ) ) REPRESENTATION_CONTEXT ( 'NONE', 'WORKASPACE' ) );
#9987 = EDGE_CURVE ( 'NONE', #2409, #6021, #8528, .T. ) ;
#9988 = FILL_AREA_STYLE ('',( #3482 ) ) ;
#9989 =( NAMED_UNIT ( * ) PLANE_ANGLE_UNIT ( ) SI_UNIT ( $, .RADIAN. ) );
#9990 = ORIENTED_EDGE ( 'NONE', *, *, #4794, .T. ) ;
#9991 = SURFACE_STYLE_USAGE ( .BOTH. , #2732 ) ;
#9992 = EDGE_LOOP ( 'NONE', ( #6106, #2770, #4384, #8668 ) ) ;
#9993 = ADVANCED_FACE ( 'NONE', ( #1450 ), #6298, .F. ) ;
#9994 = EDGE_CURVE ( 'NONE', #6207, #6564, #4489, .T. ) ;
#9995 = ORIENTED_EDGE ( 'NONE', *, *, #2959, .T. ) ;
#9996 = CARTESIAN_POINT ( 'NONE',  ( 4.410000000000000142, -0.1568111475989498460, -3.745646205093807080 ) ) ;
#9997 = COLOUR_RGB ( '',0.7529411764705882248, 0.7529411764705882248, 0.7529411764705882248 ) ;
#9998 = CARTESIAN_POINT ( 'NONE',  ( -6.099999999999999645, 0.06318885240105015511, 3.947195844781839824 ) ) ;
#9999 = VERTEX_POINT ( 'NONE', #5480 ) ;
#10000 = CARTESIAN_POINT ( 'NONE',  ( 9.115000000000000213, 0.1100000000000000006, -3.550000000000000266 ) ) ;
#10001 = DIRECTION ( 'NONE',  ( -0.000000000000000000, 0.9979641717745811880, 0.06377704802100964132 ) ) ;
#10002 = CARTESIAN_POINT ( 'NONE',  ( 4.410000000000000142, -1.374999999999998890, 4.039106398383938590 ) ) ;
#10003 = ORIENTED_EDGE ( 'NONE', *, *, #8714, .F. ) ;
#10004 = DIRECTION ( 'NONE',  ( -0.000000000000000000, -0.000000000000000000, 1.000000000000000000 ) ) ;
#10005 = ORIENTED_EDGE ( 'NONE', *, *, #3968, .T. ) ;
#10006 = SURFACE_SIDE_STYLE ('',( #9651 ) ) ;
#10007 = EDGE_CURVE ( 'NONE', #5953, #9677, #2353, .T. ) ;
#10008 = VECTOR ( 'NONE', #1143, 1000.000000000000000 ) ;
#10009 =( LENGTH_UNIT ( ) NAMED_UNIT ( * ) SI_UNIT ( .MILLI., .METRE. ) );
#10010 = EDGE_LOOP ( 'NONE', ( #2484, #445, #3653, #6193, #9425, #1859, #14, #8653, #4008, #10260 ) ) ;
#10011 = EDGE_CURVE ( 'NONE', #5920, #9482, #3215, .T. ) ;
#10012 =( LENGTH_UNIT ( ) NAMED_UNIT ( * ) SI_UNIT ( .MILLI., .METRE. ) );
#10013 = SURFACE_STYLE_USAGE ( .BOTH. , #6756 ) ;
#10014 =( LENGTH_UNIT ( ) NAMED_UNIT ( * ) SI_UNIT ( .MILLI., .METRE. ) );
#10015 =( GEOMETRIC_REPRESENTATION_CONTEXT ( 3 ) GLOBAL_UNCERTAINTY_ASSIGNED_CONTEXT ( ( #8080 ) ) GLOBAL_UNIT_ASSIGNED_CONTEXT ( ( #426, #2093, #4530 ) ) REPRESENTATION_CONTEXT ( 'NONE', 'WORKASPACE' ) );
#10016 = DIRECTION ( 'NONE',  ( -1.000000000000000000, -0.000000000000000000, -0.000000000000000000 ) ) ;
#10017 = ORIENTED_EDGE ( 'NONE', *, *, #3698, .F. ) ;
#10018 = SURFACE_SIDE_STYLE ('',( #1176 ) ) ;
#10019 = AXIS2_PLACEMENT_3D ( 'NONE', #1324, #2132, #7781 ) ;
#10020 = CIRCLE ( 'NONE', #8399, 0.04999999999999969746 ) ;
#10021 = CARTESIAN_POINT ( 'NONE',  ( -9.115000000000000213, -0.1100000000000000006, 3.550000000000000266 ) ) ;
#10022 = CARTESIAN_POINT ( 'NONE',  ( 4.410000000000000142, -1.374999999999998668, 3.823497185254834729 ) ) ;
#10023 = VECTOR ( 'NONE', #744, 1000.000000000000000 ) ;
#10024 = UNCERTAINTY_MEASURE_WITH_UNIT (LENGTH_MEASURE( 1.000000000000000082E-05 ), #9733, 'distance_accuracy_value', 'NONE');
#10025 =( LENGTH_UNIT ( ) NAMED_UNIT ( * ) SI_UNIT ( .MILLI., .METRE. ) );
#10026 = ORIENTED_EDGE ( 'NONE', *, *, #3505, .F. ) ;
#10027 = ADVANCED_FACE ( 'NONE', ( #5887 ), #5655, .F. ) ;
#10028 = STYLED_ITEM ( 'NONE', ( #9737 ), #2301 ) ;
#10029 = VECTOR ( 'NONE', #3754, 1000.000000000000227 ) ;
#10030 = AXIS2_PLACEMENT_3D ( 'NONE', #3875, #10084, #1479 ) ;
#10031 = DIRECTION ( 'NONE',  ( 0.000000000000000000, -0.9979641717745812990, 0.06377704802100914172 ) ) ;
#10032 = FACE_OUTER_BOUND ( 'NONE', #683, .T. ) ;
#10033 = DIRECTION ( 'NONE',  ( 0.2193360129683985527, 0.9736631258226969843, -0.06222403738348494112 ) ) ;
#10034 = CARTESIAN_POINT ( 'NONE',  ( -6.949999999999999289, -0.1100000000000000006, -3.550000000000000266 ) ) ;
#10035 = ORIENTED_EDGE ( 'NONE', *, *, #642, .F. ) ;
#10036 = DIRECTION ( 'NONE',  ( -1.000000000000000000, -0.000000000000000000, -0.000000000000000000 ) ) ;
#10037 = ORIENTED_EDGE ( 'NONE', *, *, #3775, .T. ) ;
#10038 = SURFACE_STYLE_FILL_AREA ( #1786 ) ;
#10039 = ADVANCED_FACE ( 'NONE', ( #1823 ), #6477, .F. ) ;
#10040 =( NAMED_UNIT ( * ) PLANE_ANGLE_UNIT ( ) SI_UNIT ( $, .RADIAN. ) );
#10041 = LINE ( 'NONE', #9319, #5382 ) ;
#10042 = FACE_OUTER_BOUND ( 'NONE', #7429, .T. ) ;
#10043 = SURFACE_SIDE_STYLE ('',( #3004 ) ) ;
#10044 = AXIS2_PLACEMENT_3D ( 'NONE', #463, #6098, #1249 ) ;
#10045 = ORIENTED_EDGE ( 'NONE', *, *, #2705, .T. ) ;
#10046 = ORIENTED_EDGE ( 'NONE', *, *, #1875, .F. ) ;
#10047 = ORIENTED_EDGE ( 'NONE', *, *, #3787, .F. ) ;
#10048 = DIRECTION ( 'NONE',  ( 0.000000000000000000, 0.000000000000000000, 1.000000000000000000 ) ) ;
#10049 = FILL_AREA_STYLE_COLOUR ( '', #3965 ) ;
#10050 = VECTOR ( 'NONE', #9364, 1000.000000000000000 ) ;
#10051 =( LENGTH_UNIT ( ) NAMED_UNIT ( * ) SI_UNIT ( .MILLI., .METRE. ) );
#10052 = EDGE_CURVE ( 'NONE', #5412, #202, #2593, .T. ) ;
#10053 = LINE ( 'NONE', #7123, #4765 ) ;
#10054 = FACE_OUTER_BOUND ( 'NONE', #8001, .T. ) ;
#10055 = DIRECTION ( 'NONE',  ( -0.000000000000000000, 0.9979641717745811880, 0.06377704802100964132 ) ) ;
#10056 = EDGE_CURVE ( 'NONE', #191, #3129, #4478, .T. ) ;
#10057 =( NAMED_UNIT ( * ) PLANE_ANGLE_UNIT ( ) SI_UNIT ( $, .RADIAN. ) );
#10058 = ORIENTED_EDGE ( 'NONE', *, *, #2827, .F. ) ;
#10059 = COLOUR_RGB ( '',0.7529411764705882248, 0.7529411764705882248, 0.7529411764705882248 ) ;
#10060 = VERTEX_POINT ( 'NONE', #2300 ) ;
#10061 = ORIENTED_EDGE ( 'NONE', *, *, #3898, .F. ) ;
#10062 = EDGE_CURVE ( 'NONE', #7450, #7460, #5366, .T. ) ;
#10063 = LINE ( 'NONE', #6729, #7658 ) ;
#10064 = CARTESIAN_POINT ( 'NONE',  ( -8.290000000000000924, -0.1100000000000000006, 3.695747996505077460 ) ) ;
#10065 = PRESENTATION_LAYER_ASSIGNMENT (  '', '', ( #2086 ) ) ;
#10066 = SURFACE_SIDE_STYLE ('',( #590 ) ) ;
#10067 = VERTEX_POINT ( 'NONE', #1588 ) ;
#10068 = VERTEX_POINT ( 'NONE', #1490 ) ;
#10069 = EDGE_CURVE ( 'NONE', #2858, #7748, #7521, .T. ) ;
#10070 = ORIENTED_EDGE ( 'NONE', *, *, #10056, .T. ) ;
#10071 = CARTESIAN_POINT ( 'NONE',  ( -8.290000000000000924, -0.1100000000000000006, -3.695747996505077460 ) ) ;
#10072 = EDGE_LOOP ( 'NONE', ( #4325, #623, #6255, #2102, #2467, #60, #9300, #555 ) ) ;
#10073 = PRESENTATION_STYLE_ASSIGNMENT (( #7588 ) ) ;
#10074 = DIRECTION ( 'NONE',  ( -0.000000000000000000, -0.000000000000000000, 1.000000000000000000 ) ) ;
#10075 = EDGE_CURVE ( 'NONE', #8188, #6141, #9413, .T. ) ;
#10076 = PRESENTATION_LAYER_ASSIGNMENT (  '', '', ( #1418 ) ) ;
#10077 = VECTOR ( 'NONE', #2568, 1000.000000000000000 ) ;
#10078 = DIRECTION ( 'NONE',  ( -0.9848077530122081313, -0.1736481776669303867, 2.406153702076403668E-16 ) ) ;
#10079 = CARTESIAN_POINT ( 'NONE',  ( -1.019999999999999130, -1.374999999999998890, 3.823497185254835173 ) ) ;
#10080 = ORIENTED_EDGE ( 'NONE', *, *, #6296, .T. ) ;
#10081 = VERTEX_POINT ( 'NONE', #3181 ) ;
#10082 = ADVANCED_FACE ( 'NONE', ( #7267 ), #1624, .F. ) ;
#10083 = UNCERTAINTY_MEASURE_WITH_UNIT (LENGTH_MEASURE( 1.000000000000000082E-05 ), #5525, 'distance_accuracy_value', 'NONE');
#10084 = DIRECTION ( 'NONE',  ( -0.000000000000000000, 1.000000000000000000, 0.000000000000000000 ) ) ;
#10085 = VECTOR ( 'NONE', #4034, 1000.000000000000000 ) ;
#10086 = VERTEX_POINT ( 'NONE', #7943 ) ;
#10087 = ORIENTED_EDGE ( 'NONE', *, *, #3243, .T. ) ;
#10088 = ORIENTED_EDGE ( 'NONE', *, *, #6421, .F. ) ;
#10089 = PLANE ( 'NONE',  #8385 ) ;
#10090 = ORIENTED_EDGE ( 'NONE', *, *, #5610, .T. ) ;
#10091 = FILL_AREA_STYLE_COLOUR ( '', #7892 ) ;
#10092 = CARTESIAN_POINT ( 'NONE',  ( -1.870000000000000107, -0.1100000000000000006, -3.550000000000000266 ) ) ;
#10093 = CARTESIAN_POINT ( 'NONE',  ( -6.599999999999999645, -4.674999999999999822, -4.250000000000000888 ) ) ;
#10094 = AXIS2_PLACEMENT_3D ( 'NONE', #66, #5684, #6503 ) ;
#10095 = DIRECTION ( 'NONE',  ( 0.000000000000000000, 0.9979641717745812990, 0.06377704802100914172 ) ) ;
#10096 = UNCERTAINTY_MEASURE_WITH_UNIT (LENGTH_MEASURE( 1.000000000000000082E-05 ), #6759, 'distance_accuracy_value', 'NONE');
#10097 = LINE ( 'NONE', #3788, #5819 ) ;
#10098 = ORIENTED_EDGE ( 'NONE', *, *, #8235, .F. ) ;
#10099 = AXIS2_PLACEMENT_3D ( 'NONE', #1474, #9601, #4773 ) ;
#10101 = ORIENTED_EDGE ( 'NONE', *, *, #3990, .F. ) ;
#10100 = CARTESIAN_POINT ( 'NONE',  ( 1.798063832607381451, -1.374999999999998890, -4.250000000000000888 ) ) ;
#10102 = CARTESIAN_POINT ( 'NONE',  ( 0.6700000000000004841, -1.055665328710549522, -3.897297636193110648 ) ) ;
#10103 = ORIENTED_EDGE ( 'NONE', *, *, #4524, .T. ) ;
#10104 =( LENGTH_UNIT ( ) NAMED_UNIT ( * ) SI_UNIT ( .MILLI., .METRE. ) );
#10105 = PRESENTATION_STYLE_ASSIGNMENT (( #2985 ) ) ;
#10106 = ORIENTED_EDGE ( 'NONE', *, *, #4441, .F. ) ;
#10107 = AXIS2_PLACEMENT_3D ( 'NONE', #2262, #4783, #8733 ) ;
#10108 = VERTEX_POINT ( 'NONE', #7153 ) ;
#10109 = CARTESIAN_POINT ( 'NONE',  ( 3.560000000000000497, -4.674999999999999822, -4.250000000000000888 ) ) ;
#10110 = DIRECTION ( 'NONE',  ( 0.000000000000000000, 0.000000000000000000, -1.000000000000000000 ) ) ;
#10111 = CARTESIAN_POINT ( 'NONE',  ( -3.281936167392618398, -1.374999999999998890, -4.250000000000000888 ) ) ;
#10112 = CARTESIAN_POINT ( 'NONE',  ( 1.870000000000000107, 0.1099999999999998618, -3.897297636193110648 ) ) ;
#10113 = LINE ( 'NONE', #1788, #3811 ) ;
#10114 = VECTOR ( 'NONE', #9976, 1000.000000000000000 ) ;
#10115 = EDGE_CURVE ( 'NONE', #10240, #4350, #6135, .T. ) ;
#10116 = VERTEX_POINT ( 'NONE', #8083 ) ;
#10117 = VECTOR ( 'NONE', #8203, 1000.000000000000000 ) ;
#10118 = CARTESIAN_POINT ( 'NONE',  ( -8.290000000000000924, 0.1099999999999998618, -3.897297636193110648 ) ) ;
#10119 = DIRECTION ( 'NONE',  ( 0.000000000000000000, 0.000000000000000000, -1.000000000000000000 ) ) ;
#10120 =( LENGTH_UNIT ( ) NAMED_UNIT ( * ) SI_UNIT ( .MILLI., .METRE. ) );
#10121 = VERTEX_POINT ( 'NONE', #4057 ) ;
#10122 = FILL_AREA_STYLE_COLOUR ( '', #2824 ) ;
#10123 = PRESENTATION_LAYER_ASSIGNMENT (  '', '', ( #6901 ) ) ;
#10124 = DIRECTION ( 'NONE',  ( -0.000000000000000000, -0.000000000000000000, 1.000000000000000000 ) ) ;
#10125 =( NAMED_UNIT ( * ) PLANE_ANGLE_UNIT ( ) SI_UNIT ( $, .RADIAN. ) );
#10126 = VECTOR ( 'NONE', #2778, 1000.000000000000000 ) ;
#10127 = DIRECTION ( 'NONE',  ( 0.000000000000000000, 0.000000000000000000, 1.000000000000000000 ) ) ;
#10128 = AXIS2_PLACEMENT_3D ( 'NONE', #8742, #7910, #6981 ) ;
#10129 = LINE ( 'NONE', #259, #3066 ) ;
#10130 = EDGE_LOOP ( 'NONE', ( #2222, #3596, #6190, #8117 ) ) ;
#10131 = EDGE_CURVE ( 'NONE', #2502, #3897, #9292, .T. ) ;
#10132 = ORIENTED_EDGE ( 'NONE', *, *, #5595, .T. ) ;
#10133 = CARTESIAN_POINT ( 'NONE',  ( -5.750000000000000000, 0.06318885240105015511, -3.947195844781839824 ) ) ;
#10134 = LINE ( 'NONE', #10109, #5096 ) ;
#10135 = ADVANCED_FACE ( 'NONE', ( #7399 ), #3146, .F. ) ;
#10136 = VECTOR ( 'NONE', #9182, 1000.000000000000227 ) ;
#10137 = EDGE_CURVE ( 'NONE', #9199, #6918, #5115, .T. ) ;
#10138 = FILL_AREA_STYLE_COLOUR ( '', #2956 ) ;
#10139 =( LENGTH_UNIT ( ) NAMED_UNIT ( * ) SI_UNIT ( .MILLI., .METRE. ) );
#10140 = MECHANICAL_DESIGN_GEOMETRIC_PRESENTATION_REPRESENTATION (  '', ( #8322 ), #7772 ) ;
#10141 = EDGE_CURVE ( 'NONE', #4449, #7370, #2079, .T. ) ;
#10142 = ORIENTED_EDGE ( 'NONE', *, *, #6014, .F. ) ;
#10143 = FILL_AREA_STYLE_COLOUR ( '', #8588 ) ;
#10144 = CARTESIAN_POINT ( 'NONE',  ( -1.019999999999999130, -4.674999999999999822, -4.250000000000000888 ) ) ;
#10145 = ORIENTED_EDGE ( 'NONE', *, *, #4939, .T. ) ;
#10146 =( GEOMETRIC_REPRESENTATION_CONTEXT ( 3 ) GLOBAL_UNCERTAINTY_ASSIGNED_CONTEXT ( ( #5699 ) ) GLOBAL_UNIT_ASSIGNED_CONTEXT ( ( #482, #6008, #7726 ) ) REPRESENTATION_CONTEXT ( 'NONE', 'WORKASPACE' ) );
#10147 = UNCERTAINTY_MEASURE_WITH_UNIT (LENGTH_MEASURE( 1.000000000000000082E-05 ), #2482, 'distance_accuracy_value', 'NONE');
#10148 = EDGE_CURVE ( 'NONE', #5928, #5173, #724, .T. ) ;
#10149 = LINE ( 'NONE', #4751, #7622 ) ;
#10150 = FACE_OUTER_BOUND ( 'NONE', #5388, .T. ) ;
#10151 = CARTESIAN_POINT ( 'NONE',  ( 9.115000000000000213, -4.674999999999999822, 4.249999999999999112 ) ) ;
#10152 = LINE ( 'NONE', #9251, #7747 ) ;
#10153 = ORIENTED_EDGE ( 'NONE', *, *, #4177, .F. ) ;
#10154 = VECTOR ( 'NONE', #4869, 1000.000000000000000 ) ;
#10155 = CARTESIAN_POINT ( 'NONE',  ( 0.6700000000000004841, 0.06000000000000001166, -3.897297636193110648 ) ) ;
#10156 = UNCERTAINTY_MEASURE_WITH_UNIT (LENGTH_MEASURE( 1.000000000000000082E-05 ), #1780, 'distance_accuracy_value', 'NONE');
#10157 =( GEOMETRIC_REPRESENTATION_CONTEXT ( 3 ) GLOBAL_UNCERTAINTY_ASSIGNED_CONTEXT ( ( #6740 ) ) GLOBAL_UNIT_ASSIGNED_CONTEXT ( ( #9860, #5033, #1086 ) ) REPRESENTATION_CONTEXT ( 'NONE', 'WORKASPACE' ) );
#10158 = FILL_AREA_STYLE_COLOUR ( '', #1716 ) ;
#10159 = DIRECTION ( 'NONE',  ( 0.000000000000000000, 0.000000000000000000, -1.000000000000000000 ) ) ;
#10160 = DIRECTION ( 'NONE',  ( -1.000000000000000000, 0.000000000000000000, -0.000000000000000000 ) ) ;
#10161 =( GEOMETRIC_REPRESENTATION_CONTEXT ( 3 ) GLOBAL_UNCERTAINTY_ASSIGNED_CONTEXT ( ( #6750 ) ) GLOBAL_UNIT_ASSIGNED_CONTEXT ( ( #1599, #8780, #7262 ) ) REPRESENTATION_CONTEXT ( 'NONE', 'WORKASPACE' ) );
#10162 = CLOSED_SHELL ( 'NONE', ( #3318, #1254, #6017, #2840, #5393, #1411, #1878, #9783, #3471, #4053, #9509, #2319, #7758, #3525, #1825, #5813 ) ) ;
#10163 = FACE_OUTER_BOUND ( 'NONE', #3793, .T. ) ;
#10164 = VECTOR ( 'NONE', #9303, 1000.000000000000000 ) ;
#10165 = DIRECTION ( 'NONE',  ( -1.000000000000000000, 0.000000000000000000, -0.000000000000000000 ) ) ;
#10166 = DIRECTION ( 'NONE',  ( 0.000000000000000000, -0.000000000000000000, 1.000000000000000000 ) ) ;
#10167 = PLANE ( 'NONE',  #6814 ) ;
#10168 = EDGE_LOOP ( 'NONE', ( #8624, #6613, #5199, #524 ) ) ;
#10169 = VERTEX_POINT ( 'NONE', #6586 ) ;
#10170 = PRESENTATION_STYLE_ASSIGNMENT (( #3779 ) ) ;
#10171 = ORIENTED_EDGE ( 'NONE', *, *, #7703, .F. ) ;
#10172 = MECHANICAL_DESIGN_GEOMETRIC_PRESENTATION_REPRESENTATION (  '', ( #8549 ), #1314 ) ;
#10173 = VECTOR ( 'NONE', #4882, 1000.000000000000000 ) ;
#10174 = FILL_AREA_STYLE_COLOUR ( '', #8980 ) ;
#10175 = PRESENTATION_STYLE_ASSIGNMENT (( #1058 ) ) ;
#10176 = DIRECTION ( 'NONE',  ( -0.000000000000000000, 0.9979641717745812990, -0.06377704802100912784 ) ) ;
#10177 = SURFACE_STYLE_USAGE ( .BOTH. , #4326 ) ;
#10178 = CARTESIAN_POINT ( 'NONE',  ( -1.019999999999999130, -4.674999999999999822, 4.249999999999999112 ) ) ;
#10179 = ORIENTED_EDGE ( 'NONE', *, *, #3713, .F. ) ;
#10180 = DIRECTION ( 'NONE',  ( 0.000000000000000000, -0.000000000000000000, 1.000000000000000000 ) ) ;
#10181 = CARTESIAN_POINT ( 'NONE',  ( 8.665000000000000924, -4.674999999999999822, 4.034390786870896584 ) ) ;
#10182 = VECTOR ( 'NONE', #3206, 1000.000000000000000 ) ;
#10183 = ORIENTED_EDGE ( 'NONE', *, *, #8489, .F. ) ;
#10184 = DIRECTION ( 'NONE',  ( -1.000000000000000000, -0.000000000000000000, -0.000000000000000000 ) ) ;
#10185 = AXIS2_PLACEMENT_3D ( 'NONE', #9896, #4163, #2548 ) ;
#10186 = EDGE_CURVE ( 'NONE', #8285, #7040, #843, .T. ) ;
#10187 = VECTOR ( 'NONE', #1627, 1000.000000000000227 ) ;
#10188 = ADVANCED_FACE ( 'NONE', ( #4874 ), #206, .F. ) ;
#10189 = ORIENTED_EDGE ( 'NONE', *, *, #5687, .F. ) ;
#10190 = SURFACE_STYLE_USAGE ( .BOTH. , #6287 ) ;
#10191 = EDGE_CURVE ( 'NONE', #9849, #5176, #10422, .T. ) ;
#10192 = CARTESIAN_POINT ( 'NONE',  ( 6.949999999999999289, -4.674999999999999822, -4.034390786870895695 ) ) ;
#10193 =( NAMED_UNIT ( * ) SI_UNIT ( $, .STERADIAN. ) SOLID_ANGLE_UNIT ( ) );
#10194 = ORIENTED_EDGE ( 'NONE', *, *, #952, .F. ) ;
#10195 = EDGE_CURVE ( 'NONE', #9819, #9718, #7154, .T. ) ;
#10196 =( NAMED_UNIT ( * ) PLANE_ANGLE_UNIT ( ) SI_UNIT ( $, .RADIAN. ) );
#10197 = ADVANCED_FACE ( 'NONE', ( #2719 ), #2474, .F. ) ;
#10198 = ORIENTED_EDGE ( 'NONE', *, *, #7383, .F. ) ;
#10199 = EDGE_LOOP ( 'NONE', ( #5391, #3864, #209, #8155, #3428, #6584, #4902, #6660 ) ) ;
#10200 = STYLED_ITEM ( 'NONE', ( #6626 ), #5075 ) ;
#10201 = EDGE_CURVE ( 'NONE', #1620, #1860, #8018, .T. ) ;
#10202 = VECTOR ( 'NONE', #1406, 1000.000000000000000 ) ;
#10203 = CARTESIAN_POINT ( 'NONE',  ( -6.099999999999999645, -0.1568111475989498460, 3.745646205093807080 ) ) ;
#10204 = CARTESIAN_POINT ( 'NONE',  ( 9.490000000000000213, -4.674999999999999822, 4.034390786870895695 ) ) ;
#10205 = MECHANICAL_DESIGN_GEOMETRIC_PRESENTATION_REPRESENTATION (  '', ( #4261 ), #7512 ) ;
#10206 = CARTESIAN_POINT ( 'NONE',  ( 1.870000000000000107, -0.1568111475989498460, 3.745646205093807080 ) ) ;
#10207 = CARTESIAN_POINT ( 'NONE',  ( 6.949999999999999289, 0.06000000000000001166, 3.897297636193110648 ) ) ;
#10208 = CARTESIAN_POINT ( 'NONE',  ( -2.052187738285314644, -0.2469085707813086228, -3.967013287941472122 ) ) ;
#10209 = CARTESIAN_POINT ( 'NONE',  ( 4.410000000000001030, -1.055665328710549522, -4.250000000000000888 ) ) ;
#10210 = EDGE_CURVE ( 'NONE', #9035, #7462, #6905, .T. ) ;
#10211 = LINE ( 'NONE', #2140, #5668 ) ;
#10212 = CARTESIAN_POINT ( 'NONE',  ( 6.949999999999999289, 0.06318885240105015511, 3.947195844781839824 ) ) ;
#10213 = FACE_OUTER_BOUND ( 'NONE', #6914, .T. ) ;
#10214 = VERTEX_POINT ( 'NONE', #3346 ) ;
#10215 = ORIENTED_EDGE ( 'NONE', *, *, #4329, .T. ) ;
#10216 = CARTESIAN_POINT ( 'NONE',  ( 3.209999999999999964, 0.1100000000000000006, 3.550000000000000266 ) ) ;
#10217 = EDGE_CURVE ( 'NONE', #9829, #9543, #222, .T. ) ;
#10218 = DIRECTION ( 'NONE',  ( -1.000000000000000000, -0.000000000000000000, -0.000000000000000000 ) ) ;
#10219 = AXIS2_PLACEMENT_3D ( 'NONE', #7015, #5418, #2909 ) ;
#10220 = DIRECTION ( 'NONE',  ( 0.000000000000000000, -0.9979641717745810769, -0.06377704802100964132 ) ) ;
#10221 = UNCERTAINTY_MEASURE_WITH_UNIT (LENGTH_MEASURE( 1.000000000000000082E-05 ), #10404, 'distance_accuracy_value', 'NONE');
#10222 = CARTESIAN_POINT ( 'NONE',  ( -4.545012788258550707, -0.4563247477326362600, -3.764787266265075427 ) ) ;
#10223 = VECTOR ( 'NONE', #148, 1000.000000000000000 ) ;
#10224 = CARTESIAN_POINT ( 'NONE',  ( -6.949999999999999289, 0.06318885240105015511, -3.947195844781839824 ) ) ;
#10225 = VERTEX_POINT ( 'NONE', #104 ) ;
#10226 = AXIS2_PLACEMENT_3D ( 'NONE', #941, #4985, #4190 ) ;
#10227 = COLOUR_RGB ( '',0.7529411764705882248, 0.7529411764705882248, 0.7529411764705882248 ) ;
#10228 = DIRECTION ( 'NONE',  ( -0.2197618659596110857, -0.9755535465928817374, 0.000000000000000000 ) ) ;
#10229 =( NAMED_UNIT ( * ) SI_UNIT ( $, .STERADIAN. ) SOLID_ANGLE_UNIT ( ) );
#10230 = CARTESIAN_POINT ( 'NONE',  ( 3.560000000000000497, -4.674999999999999822, -4.250000000000000888 ) ) ;
#10231 = ORIENTED_EDGE ( 'NONE', *, *, #543, .F. ) ;
#10232 = VERTEX_POINT ( 'NONE', #9086 ) ;
#10233 =( NAMED_UNIT ( * ) SI_UNIT ( $, .STERADIAN. ) SOLID_ANGLE_UNIT ( ) );
#10234 = ORIENTED_EDGE ( 'NONE', *, *, #9657, .F. ) ;
#10235 = DIRECTION ( 'NONE',  ( 0.000000000000000000, 0.000000000000000000, 1.000000000000000000 ) ) ;
#10236 = CARTESIAN_POINT ( 'NONE',  ( -5.750000000000000000, -1.055665328710549522, -3.803089415876315993 ) ) ;
#10237 = DIRECTION ( 'NONE',  ( -0.000000000000000000, 0.9979641717745812990, -0.06377704802100912784 ) ) ;
#10238 = DIRECTION ( 'NONE',  ( 0.000000000000000000, -0.000000000000000000, 1.000000000000000000 ) ) ;
#10239 = ADVANCED_FACE ( 'NONE', ( #343 ), #2546, .F. ) ;
#10240 = VERTEX_POINT ( 'NONE', #5028 ) ;
#10241 =( NAMED_UNIT ( * ) PLANE_ANGLE_UNIT ( ) SI_UNIT ( $, .RADIAN. ) );
#10242 = SURFACE_STYLE_USAGE ( .BOTH. , #1417 ) ;
#10243 = SURFACE_SIDE_STYLE ('',( #2095 ) ) ;
#10244 = VERTEX_POINT ( 'NONE', #7456 ) ;
#10245 = COLOUR_RGB ( '',0.7529411764705882248, 0.7529411764705882248, 0.7529411764705882248 ) ;
#10246 = PRESENTATION_LAYER_ASSIGNMENT (  '', '', ( #9719 ) ) ;
#10247 = FACE_OUTER_BOUND ( 'NONE', #6048, .T. ) ;
#10248 = PLANE ( 'NONE',  #7135 ) ;
#10249 = PLANE ( 'NONE',  #4027 ) ;
#10250 =( NAMED_UNIT ( * ) PLANE_ANGLE_UNIT ( ) SI_UNIT ( $, .RADIAN. ) );
#10251 = ADVANCED_FACE ( 'NONE', ( #6392 ), #7352, .T. ) ;
#10252 = CARTESIAN_POINT ( 'NONE',  ( -5.750000000000000000, 0.1099999999999998618, -3.897297636193110648 ) ) ;
#10253 = EDGE_LOOP ( 'NONE', ( #6065, #4321, #1248, #7666 ) ) ;
#10254 = DIRECTION ( 'NONE',  ( -0.000000000000000000, 0.9979641717745812990, -0.06377704802100912784 ) ) ;
#10255 = LINE ( 'NONE', #503, #6357 ) ;
#10256 = EDGE_CURVE ( 'NONE', #9483, #10306, #4749, .T. ) ;
#10257 = COLOUR_RGB ( '',0.7529411764705882248, 0.7529411764705882248, 0.7529411764705882248 ) ;
#10258 = LINE ( 'NONE', #112, #5466 ) ;
#10259 = EDGE_LOOP ( 'NONE', ( #8468, #9514, #3136, #3912, #9618, #6060, #8376, #4055, #7872, #1253 ) ) ;
#10260 = ORIENTED_EDGE ( 'NONE', *, *, #8947, .T. ) ;
#10261 =( GEOMETRIC_REPRESENTATION_CONTEXT ( 3 ) GLOBAL_UNCERTAINTY_ASSIGNED_CONTEXT ( ( #3945 ) ) GLOBAL_UNIT_ASSIGNED_CONTEXT ( ( #8377, #4450, #6049 ) ) REPRESENTATION_CONTEXT ( 'NONE', 'WORKASPACE' ) );
#10262 = CARTESIAN_POINT ( 'NONE',  ( -1.870000000000000107, 0.06000000000000001166, -3.897297636193110648 ) ) ;
#10263 = ORIENTED_EDGE ( 'NONE', *, *, #6216, .T. ) ;
#10264 = CARTESIAN_POINT ( 'NONE',  ( 1.870000000000000107, -1.055665328710549522, 3.803089415876315993 ) ) ;
#10265 = FACE_OUTER_BOUND ( 'NONE', #10411, .T. ) ;
#10266 = CARTESIAN_POINT ( 'NONE',  ( 4.410000000000000142, -0.1599999999999999756, 3.695747996505077904 ) ) ;
#10267 = LINE ( 'NONE', #3350, #1430 ) ;
#10268 = LINE ( 'NONE', #4575, #7610 ) ;
#10269 = EDGE_CURVE ( 'NONE', #3249, #8886, #7755, .T. ) ;
#10270 = DIRECTION ( 'NONE',  ( 0.000000000000000000, 0.000000000000000000, -1.000000000000000000 ) ) ;
#10271 =( NAMED_UNIT ( * ) PLANE_ANGLE_UNIT ( ) SI_UNIT ( $, .RADIAN. ) );
#10272 =( LENGTH_UNIT ( ) NAMED_UNIT ( * ) SI_UNIT ( .MILLI., .METRE. ) );
#10273 = ORIENTED_EDGE ( 'NONE', *, *, #2297, .F. ) ;
#10274 =( LENGTH_UNIT ( ) NAMED_UNIT ( * ) SI_UNIT ( .MILLI., .METRE. ) );
#10275 = LINE ( 'NONE', #2926, #8902 ) ;
#10276 = EDGE_CURVE ( 'NONE', #10323, #5536, #9667, .T. ) ;
#10277 = UNCERTAINTY_MEASURE_WITH_UNIT (LENGTH_MEASURE( 1.000000000000000082E-05 ), #8477, 'distance_accuracy_value', 'NONE');
#10278 = DIRECTION ( 'NONE',  ( 0.000000000000000000, 0.9979641717745812990, 0.06377704802100914172 ) ) ;
#10279 = DIRECTION ( 'NONE',  ( 0.000000000000000000, 0.000000000000000000, 1.000000000000000000 ) ) ;
#10280 = MECHANICAL_DESIGN_GEOMETRIC_PRESENTATION_REPRESENTATION (  '', ( #6716 ), #6990 ) ;
#10281 = LINE ( 'NONE', #3855, #452 ) ;
#10282 = SURFACE_STYLE_FILL_AREA ( #8016 ) ;
#10283 = FILL_AREA_STYLE ('',( #4642 ) ) ;
#10284 = CARTESIAN_POINT ( 'NONE',  ( -4.059999999999999609, 0.06318885240105015511, -3.947195844781839824 ) ) ;
#10285 = STYLED_ITEM ( 'NONE', ( #1903 ), #8488 ) ;
#10286 = ORIENTED_EDGE ( 'NONE', *, *, #4251, .F. ) ;
#10287 = EDGE_CURVE ( 'NONE', #5815, #8551, #3971, .T. ) ;
#10288 =( LENGTH_UNIT ( ) NAMED_UNIT ( * ) SI_UNIT ( .MILLI., .METRE. ) );
#10289 = LINE ( 'NONE', #4351, #8136 ) ;
#10290 = FACE_OUTER_BOUND ( 'NONE', #9808, .T. ) ;
#10291 = UNCERTAINTY_MEASURE_WITH_UNIT (LENGTH_MEASURE( 1.000000000000000082E-05 ), #8682, 'distance_accuracy_value', 'NONE');
#10292 = EDGE_LOOP ( 'NONE', ( #5163, #958, #5424, #8189 ) ) ;
#10293 = ORIENTED_EDGE ( 'NONE', *, *, #10398, .T. ) ;
#10294 = FILL_AREA_STYLE ('',( #6282 ) ) ;
#10295 = VERTEX_POINT ( 'NONE', #5874 ) ;
#10296 = FACE_OUTER_BOUND ( 'NONE', #3143, .T. ) ;
#10297 =( NAMED_UNIT ( * ) PLANE_ANGLE_UNIT ( ) SI_UNIT ( $, .RADIAN. ) );
#10298 = FILL_AREA_STYLE ('',( #8679 ) ) ;
#10299 = STYLED_ITEM ( 'NONE', ( #1613 ), #9338 ) ;
#10300 = DIRECTION ( 'NONE',  ( 0.000000000000000000, 0.000000000000000000, 1.000000000000000000 ) ) ;
#10301 = FILL_AREA_STYLE_COLOUR ( '', #7058 ) ;
#10302 =( NAMED_UNIT ( * ) PLANE_ANGLE_UNIT ( ) SI_UNIT ( $, .RADIAN. ) );
#10303 = MECHANICAL_DESIGN_GEOMETRIC_PRESENTATION_REPRESENTATION (  '', ( #5987 ), #1441 ) ;
#10304 =( NAMED_UNIT ( * ) PLANE_ANGLE_UNIT ( ) SI_UNIT ( $, .RADIAN. ) );
#10305 = ORIENTED_EDGE ( 'NONE', *, *, #5672, .T. ) ;
#10306 = VERTEX_POINT ( 'NONE', #4276 ) ;
#10307 = ORIENTED_EDGE ( 'NONE', *, *, #2910, .F. ) ;
#10308 = ADVANCED_FACE ( 'NONE', ( #2838 ), #5187, .T. ) ;
#10309 = LINE ( 'NONE', #1300, #1966 ) ;
#10310 = PRESENTATION_STYLE_ASSIGNMENT (( #4059 ) ) ;
#10311 = PRESENTATION_LAYER_ASSIGNMENT (  '', '', ( #9380 ) ) ;
#10312 = CARTESIAN_POINT ( 'NONE',  ( 9.490000000000000213, -0.1100000000000000006, -3.550000000000000266 ) ) ;
#10313 = VERTEX_POINT ( 'NONE', #6691 ) ;
#10314 = ORIENTED_EDGE ( 'NONE', *, *, #149, .T. ) ;
#10315 = CARTESIAN_POINT ( 'NONE',  ( 3.560000000000000497, 0.06318885240105015511, -3.947195844781839824 ) ) ;
#10316 = EDGE_LOOP ( 'NONE', ( #8085, #9586, #1258, #5087 ) ) ;
#10317 = LINE ( 'NONE', #8047, #6670 ) ;
#10318 = DIRECTION ( 'NONE',  ( -0.2193360129683985527, -0.9736631258226969843, 0.06222403738348480234 ) ) ;
#10319 = CARTESIAN_POINT ( 'NONE',  ( 2.062742732160399939, -0.2000534821418784581, -3.748409699540486972 ) ) ;
#10320 = EDGE_CURVE ( 'NONE', #9199, #5256, #7625, .T. ) ;
#10321 = FILL_AREA_STYLE_COLOUR ( '', #9257 ) ;
#10322 = EDGE_LOOP ( 'NONE', ( #6974, #1734, #5519, #10142, #5300, #4414, #4876, #7923, #9224, #38 ) ) ;
#10323 = VERTEX_POINT ( 'NONE', #9180 ) ;
#10324 = VECTOR ( 'NONE', #5409, 1000.000000000000000 ) ;
#10325 = DIRECTION ( 'NONE',  ( -0.000000000000000000, -0.000000000000000000, 1.000000000000000000 ) ) ;
#10326 = STYLED_ITEM ( 'NONE', ( #8946 ), #3669 ) ;
#10327 = EDGE_CURVE ( 'NONE', #4820, #8562, #9532, .T. ) ;
#10328 = VERTEX_POINT ( 'NONE', #2760 ) ;
#10329 = PRESENTATION_STYLE_ASSIGNMENT (( #5847 ) ) ;
#10330 = SURFACE_SIDE_STYLE ('',( #2646 ) ) ;
#10331 = VECTOR ( 'NONE', #3065, 1000.000000000000000 ) ;
#10332 = STYLED_ITEM ( 'NONE', ( #6028 ), #6459 ) ;
#10333 = PLANE ( 'NONE',  #5814 ) ;
#10334 = COLOUR_RGB ( '',0.7921568627450980005, 0.8196078431372548767, 0.9333333333333333481 ) ;
#10335 = ORIENTED_EDGE ( 'NONE', *, *, #5254, .T. ) ;
#10336 = ORIENTED_EDGE ( 'NONE', *, *, #2078, .T. ) ;
#10337 = EDGE_CURVE ( 'NONE', #297, #9198, #1569, .T. ) ;
#10338 =( NAMED_UNIT ( * ) SI_UNIT ( $, .STERADIAN. ) SOLID_ANGLE_UNIT ( ) );
#10339 = DIRECTION ( 'NONE',  ( 0.1736481776669303589, 0.9848077530122080203, 0.000000000000000000 ) ) ;
#10340 = ORIENTED_EDGE ( 'NONE', *, *, #8452, .T. ) ;
#10341 = SURFACE_SIDE_STYLE ('',( #6395 ) ) ;
#10342 = CARTESIAN_POINT ( 'NONE',  ( -5.750000000000000000, 0.1100000000000000006, -3.550000000000000266 ) ) ;
#10343 =( GEOMETRIC_REPRESENTATION_CONTEXT ( 3 ) GLOBAL_UNCERTAINTY_ASSIGNED_CONTEXT ( ( #6156 ) ) GLOBAL_UNIT_ASSIGNED_CONTEXT ( ( #10357, #2311, #8840 ) ) REPRESENTATION_CONTEXT ( 'NONE', 'WORKASPACE' ) );
#10344 = EDGE_CURVE ( 'NONE', #5137, #10347, #6895, .T. ) ;
#10345 = SURFACE_STYLE_FILL_AREA ( #8160 ) ;
#10346 = LINE ( 'NONE', #5697, #6055 ) ;
#10347 = VERTEX_POINT ( 'NONE', #252 ) ;
#10348 = EDGE_LOOP ( 'NONE', ( #1410, #10017, #9780, #356 ) ) ;
#10349 = PLANE ( 'NONE',  #4092 ) ;
#10350 =( NAMED_UNIT ( * ) SI_UNIT ( $, .STERADIAN. ) SOLID_ANGLE_UNIT ( ) );
#10351 = ORIENTED_EDGE ( 'NONE', *, *, #2373, .F. ) ;
#10352 = ADVANCED_FACE ( 'NONE', ( #1310 ), #8426, .F. ) ;
#10353 = PRESENTATION_LAYER_ASSIGNMENT (  '', '', ( #6928 ) ) ;
#10354 = CARTESIAN_POINT ( 'NONE',  ( -9.115000000000000213, 0.1100000000000000006, 3.550000000000000266 ) ) ;
#10355 = DIRECTION ( 'NONE',  ( 0.000000000000000000, 0.000000000000000000, -1.000000000000000000 ) ) ;
#10356 = EDGE_CURVE ( 'NONE', #2088, #2535, #7388, .T. ) ;
#10357 =( LENGTH_UNIT ( ) NAMED_UNIT ( * ) SI_UNIT ( .MILLI., .METRE. ) );
#10358 = UNCERTAINTY_MEASURE_WITH_UNIT (LENGTH_MEASURE( 1.000000000000000082E-05 ), #8138, 'distance_accuracy_value', 'NONE');
#10359 = LINE ( 'NONE', #10212, #4542 ) ;
#10360 = EDGE_LOOP ( 'NONE', ( #5860, #7042, #3373, #6330 ) ) ;
#10361 = EDGE_LOOP ( 'NONE', ( #2839, #1856, #9706, #158 ) ) ;
#10362 = VERTEX_POINT ( 'NONE', #2657 ) ;
#10363 =( LENGTH_UNIT ( ) NAMED_UNIT ( * ) SI_UNIT ( .MILLI., .METRE. ) );
#10364 = FILL_AREA_STYLE_COLOUR ( '', #8895 ) ;
#10365 = PRODUCT_DEFINITION_SHAPE ( 'NONE', 'NONE',  #4419 ) ;
#10366 = ADVANCED_FACE ( 'NONE', ( #8011 ), #2688, .T. ) ;
#10367 = VECTOR ( 'NONE', #7238, 1000.000000000000000 ) ;
#10368 = COLOUR_RGB ( '',0.7529411764705882248, 0.7529411764705882248, 0.7529411764705882248 ) ;
#10369 = PRESENTATION_LAYER_ASSIGNMENT (  '', '', ( #6797 ) ) ;
#10370 = VECTOR ( 'NONE', #3543, 1000.000000000000000 ) ;
#10371 = SURFACE_STYLE_FILL_AREA ( #9549 ) ;
#10372 = VECTOR ( 'NONE', #5429, 1000.000000000000114 ) ;
#10373 = STYLED_ITEM ( 'NONE', ( #9497 ), #1465 ) ;
#10374 = EDGE_LOOP ( 'NONE', ( #4274, #3999, #9959, #413 ) ) ;
#10375 = CYLINDRICAL_SURFACE ( 'NONE', #10219, 0.05000000000000012768 ) ;
#10376 = DIRECTION ( 'NONE',  ( -0.000000000000000000, -0.000000000000000000, 1.000000000000000000 ) ) ;
#10377 = DIRECTION ( 'NONE',  ( 0.000000000000000000, 0.000000000000000000, 1.000000000000000000 ) ) ;
#10378 = CARTESIAN_POINT ( 'NONE',  ( -8.665000000000000924, -4.675000000000000711, 4.034390786870893919 ) ) ;
#10379 = PLANE ( 'NONE',  #2455 ) ;
#10380 = DIRECTION ( 'NONE',  ( -0.000000000000000000, 0.000000000000000000, 1.000000000000000000 ) ) ;
#10381 = VECTOR ( 'NONE', #1061, 1000.000000000000227 ) ;
#10382 = CYLINDRICAL_SURFACE ( 'NONE', #7210, 0.05000000000000012768 ) ;
#10383 = DIRECTION ( 'NONE',  ( -1.000000000000000000, -0.000000000000000000, -0.000000000000000000 ) ) ;
#10384 = AXIS2_PLACEMENT_3D ( 'NONE', #9484, #572, #7809 ) ;
#10385 = ORIENTED_EDGE ( 'NONE', *, *, #2510, .F. ) ;
#10386 = ORIENTED_EDGE ( 'NONE', *, *, #1040, .T. ) ;
#10387 = CARTESIAN_POINT ( 'NONE',  ( -9.115000000000000213, 0.06318885240105015511, -3.947195844781839824 ) ) ;
#10388 = SURFACE_STYLE_FILL_AREA ( #643 ) ;
#10389 = PRESENTATION_STYLE_ASSIGNMENT (( #1608 ) ) ;
#10390 = ORIENTED_EDGE ( 'NONE', *, *, #6790, .F. ) ;
#10391 = DIRECTION ( 'NONE',  ( 0.000000000000000000, 0.9979641717745812990, -0.06377704802100926662 ) ) ;
#10392 = EDGE_LOOP ( 'NONE', ( #7164, #5102, #547, #190 ) ) ;
#10393 = ORIENTED_EDGE ( 'NONE', *, *, #5971, .T. ) ;
#10394 = MECHANICAL_DESIGN_GEOMETRIC_PRESENTATION_REPRESENTATION (  '', ( #2276 ), #9316 ) ;
#10395 = DIRECTION ( 'NONE',  ( -0.000000000000000000, -0.000000000000000000, 1.000000000000000000 ) ) ;
#10396 = CARTESIAN_POINT ( 'NONE',  ( 9.115000000000000213, 0.06000000000000001166, 3.897297636193110648 ) ) ;
#10397 = SURFACE_STYLE_FILL_AREA ( #8428 ) ;
#10398 = EDGE_CURVE ( 'NONE', #3815, #8407, #208, .T. ) ;
#10399 = ORIENTED_EDGE ( 'NONE', *, *, #9947, .T. ) ;
#10400 = ADVANCED_FACE ( 'NONE', ( #3445 ), #1862, .F. ) ;
#10401 = EDGE_CURVE ( 'NONE', #10362, #2917, #6126, .T. ) ;
#10402 = LINE ( 'NONE', #4018, #2321 ) ;
#10403 = PLANE ( 'NONE',  #4920 ) ;
#10404 =( LENGTH_UNIT ( ) NAMED_UNIT ( * ) SI_UNIT ( .MILLI., .METRE. ) );
#10405 = PLANE ( 'NONE',  #8026 ) ;
#10406 = EDGE_LOOP ( 'NONE', ( #4769, #5939, #4815, #748 ) ) ;
#10407 = CIRCLE ( 'NONE', #4046, 0.04999999999999969746 ) ;
#10408 = AXIS2_PLACEMENT_3D ( 'NONE', #10396, #2316, #9550 ) ;
#10409 = EDGE_CURVE ( 'NONE', #1791, #2433, #10152, .T. ) ;
#10410 =( NAMED_UNIT ( * ) PLANE_ANGLE_UNIT ( ) SI_UNIT ( $, .RADIAN. ) );
#10411 = EDGE_LOOP ( 'NONE', ( #7991, #3087, #1984, #1824 ) ) ;
#10412 =( GEOMETRIC_REPRESENTATION_CONTEXT ( 3 ) GLOBAL_UNCERTAINTY_ASSIGNED_CONTEXT ( ( #9451 ) ) GLOBAL_UNIT_ASSIGNED_CONTEXT ( ( #7390, #916, #985 ) ) REPRESENTATION_CONTEXT ( 'NONE', 'WORKASPACE' ) );
#10413 = SURFACE_STYLE_FILL_AREA ( #926 ) ;
#10414 = UNCERTAINTY_MEASURE_WITH_UNIT (LENGTH_MEASURE( 1.000000000000000082E-05 ), #3533, 'distance_accuracy_value', 'NONE');
#10415 = ADVANCED_FACE ( 'NONE', ( #7509 ), #1577, .F. ) ;
#10416 = EDGE_CURVE ( 'NONE', #8096, #8704, #5742, .T. ) ;
#10417 = ORIENTED_EDGE ( 'NONE', *, *, #8367, .T. ) ;
#10418 = LINE ( 'NONE', #4670, #7152 ) ;
#10419 =( NAMED_UNIT ( * ) PLANE_ANGLE_UNIT ( ) SI_UNIT ( $, .RADIAN. ) );
#10420 = DIRECTION ( 'NONE',  ( -1.000000000000000000, -0.000000000000000000, -0.000000000000000000 ) ) ;
#10421 = CARTESIAN_POINT ( 'NONE',  ( -8.290000000000000924, 0.1100000000000000006, -3.550000000000000266 ) ) ;
#10422 = LINE ( 'NONE', #5758, #3458 ) ;
#10423 = EDGE_CURVE ( 'NONE', #9574, #8667, #8021, .T. ) ;
#10424 = ORIENTED_EDGE ( 'NONE', *, *, #8846, .T. ) ;
#10425 = CARTESIAN_POINT ( 'NONE',  ( 5.750000000000001776, -1.055665328710549522, 3.803089415876315993 ) ) ;
#10426 =( GEOMETRIC_REPRESENTATION_CONTEXT ( 3 ) GLOBAL_UNCERTAINTY_ASSIGNED_CONTEXT ( ( #4135 ) ) GLOBAL_UNIT_ASSIGNED_CONTEXT ( ( #5834, #4301, #6646 ) ) REPRESENTATION_CONTEXT ( 'NONE', 'WORKASPACE' ) );
#10427 = CARTESIAN_POINT ( 'NONE',  ( 1.870000000000000107, 0.1099999999999998618, 3.897297636193110648 ) ) ;
#10428 = VECTOR ( 'NONE', #8269, 1000.000000000000114 ) ;
#10429 = MANIFOLD_SOLID_BREP ( 'Cut-Extrude3[2]', #5511 ) ;
#10430 =( GEOMETRIC_REPRESENTATION_CONTEXT ( 3 ) GLOBAL_UNCERTAINTY_ASSIGNED_CONTEXT ( ( #928 ) ) GLOBAL_UNIT_ASSIGNED_CONTEXT ( ( #1673, #7473, #6605 ) ) REPRESENTATION_CONTEXT ( 'NONE', 'WORKASPACE' ) );
#10431 = ORIENTED_EDGE ( 'NONE', *, *, #10011, .T. ) ;
#10432 = ORIENTED_EDGE ( 'NONE', *, *, #9927, .T. ) ;
#10433 = MECHANICAL_DESIGN_GEOMETRIC_PRESENTATION_REPRESENTATION (  '', ( #4473 ), #3724 ) ;
#10434 = DIRECTION ( 'NONE',  ( -0.2197618659596110857, 0.9755535465928817374, 0.000000000000000000 ) ) ;
#10435 = PRESENTATION_STYLE_ASSIGNMENT (( #2266 ) ) ;
#10436 = ORIENTED_EDGE ( 'NONE', *, *, #8592, .T. ) ;
#10437 =( NAMED_UNIT ( * ) PLANE_ANGLE_UNIT ( ) SI_UNIT ( $, .RADIAN. ) );
#10438 = SURFACE_STYLE_USAGE ( .BOTH. , #10330 ) ;
#10439 = ORIENTED_EDGE ( 'NONE', *, *, #4309, .T. ) ;
#10440 = SURFACE_STYLE_FILL_AREA ( #9970 ) ;
#10441 = DIRECTION ( 'NONE',  ( -1.000000000000000000, -0.000000000000000000, -0.000000000000000000 ) ) ;
#10442 = ORIENTED_EDGE ( 'NONE', *, *, #8991, .F. ) ;
#10443 = PLANE ( 'NONE',  #8579 ) ;
#10444 = AXIS2_PLACEMENT_3D ( 'NONE', #7380, #8899, #977 ) ;
#10445 = DIRECTION ( 'NONE',  ( -0.000000000000000000, 0.9979641717745811880, 0.06377704802100964132 ) ) ;
#10446 = CARTESIAN_POINT ( 'NONE',  ( 9.490000000000000213, 0.1100000000000000006, 3.550000000000000266 ) ) ;
#10447 = FACE_OUTER_BOUND ( 'NONE', #3686, .T. ) ;
#10448 =( NAMED_UNIT ( * ) PLANE_ANGLE_UNIT ( ) SI_UNIT ( $, .RADIAN. ) );
#10449 = MECHANICAL_DESIGN_GEOMETRIC_PRESENTATION_REPRESENTATION (  '', ( #3205 ), #2330 ) ;
#10450 = SURFACE_STYLE_FILL_AREA ( #4681 ) ;
#10451 = ORIENTED_EDGE ( 'NONE', *, *, #1488, .F. ) ;
#10452 = LINE ( 'NONE', #6331, #7055 ) ;
#10453 = CARTESIAN_POINT ( 'NONE',  ( 3.209999999999999964, 0.1100000000000000006, -3.550000000000000266 ) ) ;
#10454 = DIRECTION ( 'NONE',  ( 0.000000000000000000, -0.000000000000000000, 1.000000000000000000 ) ) ;
#10455 = ORIENTED_EDGE ( 'NONE', *, *, #6431, .T. ) ;
#10456 = DIRECTION ( 'NONE',  ( -0.000000000000000000, 0.9979641717745811880, 0.06377704802100964132 ) ) ;
ENDSEC;
END-ISO-10303-21;
